id,longitude,latitude
1,-80.37741249010,25.53120214790
2,-80.47506273410,25.45336610630
3,-80.38558472940,25.64740610530
4,-80.31841770850,25.72360008830
5,-80.38589970880,25.77649310920
6,-80.32101870790,25.78082208040
7,-80.20393772530,25.78884110750
8,-80.21300972640,25.74896208510
9,-80.18544274660,25.78714909160
10,-80.20634973770,25.81244809180
11,-80.13591571810,25.81281710970
12,-80.32432174610,25.90035107240
13,-80.38543173940,25.90047710700
14,-80.20735771400,25.92682008170
15,-80.21574571770,25.93489310500
16,-80.35119572900,25.94857310190
17,-80.22966481730,25.97347882950
18,-80.22987572720,25.97857009210
19,-80.43283006630,26.01230852920
20,-80.16843271400,26.08154810520
21,-80.13463771680,26.08063008080
22,-80.21638471840,26.09074609860
23,-80.34593973300,26.12225507490
24,-80.44217672030,26.14591609760
25,-81.61245710550,26.15406639080
26,-81.22366484800,26.16603094160
27,-80.83238298820,26.16678040600
28,-80.29468473280,26.19409308720
29,-80.15069484930,26.19599997100
30,-80.20271968540,26.20165724720
31,-80.28524632370,26.30227795460
32,-80.11970671710,26.30456807730
33,-80.16953972550,26.30554009870
34,-80.09319271120,26.39442410030
35,-80.59014527560,26.40298974530
36,-81.77455501560,26.42841179260
37,-80.17347199130,26.59268072450
38,-80.07043301510,26.65864738970
39,-80.71529972580,26.66410007640
40,-81.01914243390,26.75412473490
41,-81.88100671310,26.76986807690
42,-80.12894082640,26.86707682290
43,-81.24345031250,26.90108367080
44,-80.14091359700,26.90569651030
45,-82.04175455460,27.00921441960
46,-82.30532411330,27.10589056740
47,-80.26875573050,27.10975308720
48,-80.28018600220,27.12508158630
49,-81.32866100620,27.17914869110
50,-80.39965936130,27.22431006500
51,-80.34946273450,27.25658487610
52,-82.44851950430,27.30644020030
53,-80.39484784720,27.39595955400
54,-81.44558671100,27.47203007710
55,-80.44871766220,27.51707411560
56,-80.64144719520,27.55579734010
57,-82.51386874520,27.58596109520
58,-82.66010658410,27.62182370130
59,-80.51953171180,27.64388508370
60,-80.89480474250,27.69607610820
61,-81.56468115960,27.70261024320
62,-82.36613642210,27.76464330960
63,-82.65791374640,27.76770709210
64,-82.63859973710,27.76579009000
65,-82.65923674540,27.77641907480
66,-99.42664590050,27.77682606210
67,-99.50309671000,27.50878609220
68,-82.64267672460,27.77682408990
69,-97.51328596180,27.81731549300
70,-97.39796070760,27.79976507580
71,-97.62614672370,27.86146007270
72,-97.62282572880,27.86371909420
73,-80.59834022630,27.90994017250
74,-82.61062187050,27.91961067510
75,-81.06055751450,27.92362555000
76,-81.62481442080,27.96230016160
77,-82.45095874270,27.96478910460
78,-82.32718173190,28.00213008190
79,-82.08574453550,28.03702383580
80,-99.34982671780,28.05291707140
81,-82.45459471790,28.07899148600
82,-81.28071459740,28.10815996230
83,-97.82352195930,28.11993262120
84,-81.87600106050,28.14622262310
85,-80.70587455650,28.15742823330
86,-82.39471772920,28.17083508360
87,-81.65012074610,28.23247608430
88,-81.55203870970,28.32564410270
89,-99.27160975580,28.35495856060
90,-98.04598851830,28.36653645060
91,-81.38983170830,28.37103110480
92,-81.24401373770,28.40233309500
93,-82.30316668560,28.40671606510
94,-80.82040172800,28.41189110680
95,-81.47429674350,28.42099910500
96,-81.40883973770,28.43317607300
97,-81.22966774170,28.45176108830
98,-81.01668966160,28.45223813370
99,-81.44899774240,28.47888709640
100,-81.71505336800,28.48243118780
101,-81.52674870810,28.53328310380
102,-81.38313572140,28.53526310160
103,-81.27557671030,28.54537007760
104,-81.26891672150,28.55815009050
105,-81.70001712970,28.57530866860
106,-82.18062896580,28.62260635500
107,-98.23742927330,28.63379582150
108,-99.17996773940,28.65232777050
109,-81.23113825280,28.66481502710
110,-80.87090740140,28.66926471250
111,-81.85356572470,28.67515007830
112,-81.38844287170,28.67540341910
113,-81.28127371940,28.76862407660
114,-81.96627639330,28.77759322940
115,-81.33799174490,28.81120309220
116,-81.27325473450,28.81176109820
117,-82.09157073490,28.85925409040
118,-98.42478873680,28.90276908800
119,-80.93989267960,28.92767506750
120,-99.08892956030,28.93936430070
121,-81.24053331740,29.00760715530
122,-82.17517486620,29.06293946140
123,-98.43156604120,29.12023107720
124,-98.87310032170,29.15339726130
125,-81.07571370980,29.15527308430
126,-82.19827857640,29.28151736710
127,-98.60830774530,29.31660710030
128,-98.41571673570,29.32945010980
129,-81.13198946130,29.35033944720
130,-98.47819472470,29.39507810380
131,-98.51117973140,29.39619407340
132,-98.70098971070,29.38176708350
133,-98.64952772340,29.39726508860
134,-98.58776973080,29.40769608490
135,-95.04470519350,29.41461057010
136,-94.83782071190,29.28824808760
137,-98.50082073030,29.43070910740
138,-98.64596374430,29.43365208580
139,-98.39011171330,29.43576707450
140,-98.47789774340,29.43895307840
141,-98.40348572930,29.44772809820
142,-98.41359274750,29.45561209210
143,-98.29254272850,29.46523309960
144,-98.40403473660,29.47951609910
145,-98.70982772710,29.48380907310
146,-82.28748273930,29.48433108100
147,-98.54925874540,29.49959510140
148,-98.39781571870,29.51019708760
149,-98.47974270800,29.52012407510
150,-98.39381972510,29.52429109910
151,-81.20999371300,29.54065309010
152,-98.33320474200,29.56784209470
153,-98.30419772990,29.58533809580
154,-98.59845271170,29.59092707020
155,-97.96110501320,29.59913902260
156,-95.38659572710,29.59737107330
157,-95.20541673480,29.60647007200
158,-98.46842972680,29.60897207860
159,-97.60703633080,29.65024276860
160,-95.55770374060,29.66130709350
161,-95.55982772890,29.67468110950
162,-95.38160971300,29.68060310470
163,-97.25175395210,29.68926724350
164,-96.89274983970,29.69485606330
165,-96.53449952200,29.69444028510
166,-95.28893674710,29.69727107570
167,-95.55782973210,29.70455210840
168,-98.09001233970,29.70743906260
169,-95.26662572100,29.70955607840
170,-95.15369372200,29.71215707870
171,-95.55799172150,29.71839409470
172,-81.33643508680,29.72326409990
173,-95.46035074150,29.72882509190
174,-82.47328461480,29.73019803200
175,-95.38190673660,29.73233507480
176,-95.37035072800,29.73454909960
177,-98.68752574270,29.73886907130
178,-95.36266472160,29.74434109520
179,-96.18248370860,29.76212507800
180,-95.34132571690,29.76957709970
181,-95.36555374420,29.76989208010
182,-95.15379271580,29.77141310700
183,-95.36881174340,29.77550809440
184,-95.26394372680,29.77559808870
185,-95.45375374840,29.78052110620
186,-95.87469483110,29.77725624340
187,-95.56375172730,29.78431007050
188,-95.56249172490,29.78431907000
189,-95.44985670630,29.79837708420
190,-95.33605172190,29.80837610920
191,-95.37549873070,29.81397408220
192,-94.77823587880,29.83455299970
193,-94.39367558800,29.82810122920
194,-95.55548971590,29.87335610380
195,-97.91885372130,29.88601008210
196,-95.20293526430,29.89086737260
197,-81.42271441340,29.93253066620
198,-95.29588471770,29.94001907260
199,-95.41399171790,29.94078410790
200,-95.41417174780,29.94129707400
201,-98.89594477980,29.97532387870
202,-90.04948773970,29.99162509260
203,-90.12317071660,29.99563008580
204,-82.60097661820,30.00189008760
205,-90.29467474650,30.00716809530
206,-90.39949772500,29.89434408870
207,-90.43192472570,30.08579208870
208,-95.43529472460,30.09102108620
209,-94.13518741200,30.09633308560
210,-97.81268288660,30.10027727380
211,-99.17930229150,30.10788227280
212,-90.69849618280,30.12536638750
213,-89.87830212990,30.12605001890
214,-81.52587572270,30.12646310180
215,-93.76715374830,30.12157608240
216,-81.55615173750,30.16889808560
217,-81.55769072210,30.17201209430
218,-93.53928814360,30.19127814640
219,-81.71156843480,30.19137728040
220,-81.55627772980,30.19525010200
221,-81.52071872050,30.19945308180
222,-81.55193071640,30.20254909150
223,-90.95050437200,30.21463317840
224,-93.30246570860,30.22723609050
225,-93.16223671260,30.24606409000
226,-92.77817796010,30.24737690230
227,-92.39541086080,30.23576166800
228,-99.45804232580,30.25330537350
229,-92.01562770760,30.25942010700
230,-82.42544006140,30.25389719850
231,-82.10029873900,30.26480566460
232,-82.75442971600,30.26665610070
233,-90.40196640540,30.28544680980
234,-81.55930174340,30.28659107030
235,-81.62987071250,30.29076709470
236,-81.61265373510,30.30296210310
237,-89.74175974810,30.30640009080
238,-81.61910673680,30.30823609810
239,-97.70801971670,30.31475209640
240,-81.77090074100,30.31518411010
241,-81.63329074340,30.32083608020
242,-81.68212473270,30.32133109050
243,-81.55900472070,30.32304110550
244,-81.52571373320,30.32433710590
245,-81.63388474650,30.32730708190
246,-81.63654874250,30.33236509030
247,-91.73878611690,30.33862604180
248,-89.45843642870,30.34784359540
249,-81.55230873390,30.34897910640
250,-83.08721214520,30.34484091290
251,-81.66858872630,30.35619710200
252,-81.65392770940,30.35662007390
253,-89.98571324220,30.38497696420
254,-95.48610245960,30.38775173970
255,-82.89143911300,30.40860289720
256,-91.45958745260,30.41225851000
257,-83.42768882050,30.41232405440
258,-92.05475973690,30.41302307770
259,-89.17819758250,30.41724134320
260,-91.11562774440,30.41852210010
261,-99.71308472780,30.43843007120
262,-81.58373671640,30.43906007240
263,-91.17820472630,30.43917710740
264,-88.89603871510,30.45300109470
265,-88.89382473260,30.39399709150
266,-83.76823474800,30.45705108450
267,-81.63595473850,30.45751909620
268,-88.62244625090,30.43770539210
269,-81.64911272750,30.45994010720
270,-91.16646873000,30.46428707830
271,-90.80576482890,30.47340407600
272,-90.22906613210,30.47529882710
273,-90.48892173360,30.47880410470
274,-88.35320031080,30.49273278120
275,-84.18077101330,30.49824166830
276,-87.23001272760,30.50324807630
277,-87.20567670700,30.41643410900
278,-100.38726540300,30.50714594040
279,-100.03641319200,30.48567987860
280,-83.05388673890,30.51466909310
281,-84.58867781230,30.53632282720
282,-89.63370619890,30.57307981360
283,-87.49575738570,30.58129371480
284,-97.69142339660,30.59085995900
285,-100.73747916500,30.61270200220
286,-81.65241364590,30.62575323080
287,-88.11628773950,30.62817709710
288,-84.98449846590,30.63911266610
289,-86.88673070990,30.65171379220
290,-87.76532335130,30.65218009780
291,-95.52929647570,30.68179973170
292,-83.23008497810,30.68619549640
293,-88.04095774330,30.68803608670
294,-92.08125349550,30.69303704030
295,-101.09536249300,30.69558487450
296,-90.53295128100,30.70085266150
297,-101.45792697700,30.69457881650
298,-86.51064943140,30.72702820760
299,-101.80949070700,30.71789808600
300,-86.14394367980,30.69407406660
301,-88.09528171330,30.75257510960
302,-85.38177273060,30.75343009680
303,-85.76850763430,30.76041436940
304,-81.65875173310,30.78577610280
305,-89.49834458100,30.82834699030
306,-97.58939070860,30.85681308360
307,-95.76137039490,30.87461544130
308,-102.15045900300,30.88827439310
309,-102.53305681500,30.86281385220
310,-83.35784199170,30.89889028110
311,-102.91389147500,30.89859213510
312,-87.98165633070,30.90806620330
313,-92.25018420620,30.92167418240
314,-90.52449874100,30.93184609930
315,-103.29984489700,30.93685374030
316,-85.40293068020,30.95784115140
317,-87.76815871680,30.96284210960
318,-97.50324893600,30.98658088590
319,-103.68401053900,30.99802216710
320,-104.90614871300,31.04089503800
321,-104.54354419200,31.05864710300
322,-104.18092773600,31.06279610820
323,-97.39004971600,31.08957109730
324,-104.05236274100,31.09007510710
325,-95.96125474620,31.09241508100
326,-89.38065469360,31.09812150870
327,-81.59427998850,31.10777032230
328,-92.44227868300,31.12396120470
329,-83.43780871340,31.13284311070
330,-105.25464277700,31.14455691800
331,-87.40582343730,31.14506139270
332,-85.40152771260,31.19056907030
333,-105.59925383600,31.19485481290
334,-85.42436974620,31.24906010740
335,-90.47877643480,31.27930051450
336,-97.25302492620,31.29425873400
337,-103.77057562300,31.32250010280
338,-85.52727601940,31.32651161690
339,-105.88835668100,31.33969086580
340,-92.51513671900,31.34677308270
341,-87.06157997050,31.36361736750
342,-89.33607571160,31.36815708500
343,-96.02354468870,31.38282122340
344,-103.41999694300,31.41322793490
345,-85.61260474370,31.42132908730
346,-81.44367976420,31.42276598360
347,-83.53051263490,31.44800528320
348,-92.83075351050,31.47586680720
349,-97.13479173040,31.52266008190
350,-103.07806115400,31.53689578960
351,-106.16739627000,31.56627194010
352,-111.05323551300,31.59336671470
353,-110.94196171400,31.33475810420
354,-97.10778271420,31.60145510570
355,-89.20482325090,31.61531383740
356,-90.45900988480,31.62967610130
357,-96.15935194760,31.64702677910
358,-86.77284296440,31.65305372510
359,-102.73604821400,31.65685038040
360,-85.81731918820,31.66970561350
361,-93.10925897640,31.67194873310
362,-83.65187371950,31.73568107040
363,-81.38091715780,31.76503873890
364,-106.44251973400,31.77733310440
365,-106.45210474400,31.76477807760
366,-106.44122373400,31.78196809870
367,-102.40606473700,31.81398108490
368,-97.09174862770,31.83377618830
369,-89.04947846070,31.84100294510
370,-106.57895685200,31.87124531360
371,-96.33973173670,31.87396610900
372,-110.98781900300,31.88618093130
373,-93.37238384010,31.88790642180
374,-86.00968934230,31.89421064600
375,-102.09717152400,31.96685376470
376,-90.38006305370,31.97205277150
377,-86.53285696810,31.97853214220
378,-110.63423197300,31.99757857900
379,-110.24341023100,31.96906088720
380,-97.09346371760,32.05605408390
381,-83.76307487250,32.06450612930
382,-81.13465471730,32.07200210170
383,-81.11518771710,32.03023307490
384,-81.09868173570,32.07401809760
385,-81.24603873220,32.07417108750
386,-106.61351257000,32.07720439380
387,-88.89311271330,32.08475731580
388,-81.14321370910,32.09952408490
389,-93.61766317770,32.12291716720
390,-96.45588312160,32.13383881560
391,-101.80458914100,32.13881118250
392,-81.46799059750,32.18721701900
393,-96.90135901190,32.19145249570
394,-110.97581070700,32.19225108920
395,-86.11738770790,32.19225108920
396,-109.92245579700,32.19229971470
397,-107.44976492600,32.24499023340
398,-107.08350187400,32.25394773730
399,-81.70586234350,32.25504027150
400,-106.72873773200,32.25596208200
401,-108.52099361000,32.26092578210
402,-108.17791064000,32.21688893940
403,-101.49053972800,32.26373808260
404,-107.81175006700,32.26413030580
405,-97.16758295830,32.26592671590
406,-90.20729373240,32.27484407770
407,-90.17409273920,32.27574410300
408,-90.24962072290,32.28963108690
409,-89.82463664720,32.29426362970
410,-109.19875172300,32.25752810650
411,-108.85247218800,32.29608473880
412,-86.68483047600,32.26340753140
413,-86.34961471330,32.31337310440
414,-86.33476470840,32.32726008740
415,-86.24147074090,32.32768310150
416,-86.34407973600,32.32879907200
417,-81.94411474460,32.33424409740
418,-101.08778665700,32.34040183730
419,-89.47490848140,32.33445797420
420,-89.12412749110,32.33997594260
421,-88.77064172490,32.34294707960
422,-109.58807561900,32.34513375690
423,-81.04220369330,32.35189310820
424,-90.66361478740,32.35836035420
425,-86.21375072880,32.36282809530
426,-91.08018571350,32.34542875430
427,-86.32213772780,32.36675209370
428,-87.00422072480,32.36948808410
429,-96.64155725560,32.37076133260
430,-99.15136019720,32.37895157180
431,-98.83482874310,32.37522109130
432,-86.21025874490,32.38203407000
433,-88.57941678380,32.39576968540
434,-82.30267620790,32.39653758860
435,-84.92455471250,32.40528107730
436,-84.93180874670,32.39018808810
437,-99.46386508980,32.40866583770
438,-90.14728171060,32.41124811140
439,-83.76327786210,32.41249265800
440,-100.69231553800,32.40827956710
441,-96.87020000040,32.41709234040
442,-93.74917173570,32.41903311160
443,-86.22960871010,32.42133708830
444,-86.31945573360,32.39246510950
445,-87.02439872090,32.43134507050
446,-87.01007972430,32.43153410080
447,-111.17525789700,32.43273067850
448,-85.85066162140,32.43643528280
449,-82.66418812210,32.43778814640
450,-91.50148725160,32.44438684460
451,-87.29399771050,32.43963391500
452,-95.26763509310,32.45207269180
453,-94.91894671090,32.43275810510
454,-88.39188571080,32.45324208210
455,-88.36215874460,32.44267609300
456,-84.98818471060,32.45362909900
457,-93.84393273490,32.45684210060
458,-87.56199966250,32.45832612670
459,-97.26391789790,32.46111690380
460,-88.09408094030,32.46772294950
461,-85.03039470820,32.47530108220
462,-106.89086172400,32.47553484570
463,-94.56124829730,32.47722890580
464,-99.88798174790,32.45834508720
465,-99.77645374250,32.48083610180
466,-86.40510873370,32.48382407590
467,-91.93463674170,32.48424709090
468,-99.76145974720,32.48553409180
469,-94.19857464160,32.49318620100
470,-100.29788214700,32.49429185270
471,-93.76041272260,32.49648709690
472,-98.52578179410,32.49910013110
473,-95.61355351750,32.50026559130
474,-87.83848474300,32.50341711070
475,-87.81945871450,32.50293110000
476,-83.02345207470,32.50540007900
477,-84.95004274310,32.50671110700
478,-101.68608942300,32.50821017980
479,-92.35771057020,32.52133174980
480,-93.62832874510,32.53995709690
481,-84.87157173960,32.54045210720
482,-84.96104974440,32.54482607600
483,-92.78582817080,32.54828477950
484,-117.04088374600,32.54981208920
485,-117.03039871000,32.54215308130
486,-93.75868831300,32.55627431160
487,-85.50124924370,32.56084198450
488,-98.19724523330,32.56842850340
489,-93.21257273060,32.57294716050
490,-95.94694717910,32.60619566220
491,-83.37151452510,32.62447635140
492,-117.09643599700,32.63086671260
493,-90.06263155440,32.63899458650
494,-96.82329273040,32.64227811110
495,-111.40395732200,32.65488950740
496,-96.72671372380,32.66172707000
497,-97.32058771790,32.66722609250
498,-97.24066772410,32.66841409960
499,-80.88282486190,32.67285670110
500,-107.05431274500,32.67549710340
501,-97.06253074530,32.67726107320
502,-97.24072172030,32.69057209350
503,-97.46897973160,32.69341607720
504,-114.29659474000,32.67043909410
505,-113.92598352100,32.69766877960
506,-96.62763270970,32.69924807810
507,-96.62761891410,32.69925641130
508,-96.28396526410,32.70523931390
509,-88.12979884630,32.71260067140
510,-117.14762372500,32.71286507840
511,-101.93596771100,32.71309910530
512,-117.10236271500,32.71895810390
513,-97.56718771710,32.72067707710
514,-97.89799946740,32.72104910140
515,-117.15532773100,32.72382708300
516,-116.10593673400,32.64423111040
517,-116.03116474400,32.72569908830
518,-116.42687980300,32.72585781510
519,-114.62003822800,32.73002329580
520,-97.48076072540,32.73816407950
521,-97.34300673650,32.74184509280
522,-97.31984972350,32.74707409020
523,-97.31946270650,32.74713708680
524,-117.01900473400,32.74744310900
525,-97.30970670810,32.74779408560
526,-97.31937271230,32.75602909940
527,-83.71000473640,32.75637107650
528,-117.20374774700,32.75929609800
529,-97.06325974020,32.75972811170
530,-97.21391973350,32.75979110740
531,-114.96155187900,32.70816887710
532,-117.16332871700,32.76235610960
533,-96.93639922480,32.76420799180
534,-97.31817574790,32.76502910430
535,-96.80426674420,32.76880907000
536,-96.81059371220,32.77143711020
537,-117.13165770900,32.77162609740
538,-115.31262610400,32.77320249470
539,-115.67436147800,32.77357324650
540,-117.00318270800,32.77717007510
541,-117.11275906500,32.77864232830
542,-117.11275771400,32.77862810640
543,-96.78211770760,32.77894308590
544,-86.57167880590,32.78175906730
545,-96.81190771170,32.78221008450
546,-113.56060587200,32.78948817280
547,-96.79256674520,32.79598907510
548,-96.81566972060,32.79633109450
549,-97.21183174240,32.80447607170
550,-85.02101495110,32.80557712520
551,-85.22604357820,32.80753031600
552,-117.15264573700,32.80840911100
553,-96.86604273590,32.81404308210
554,-111.68117670900,32.81639209870
555,-96.62966674680,32.82296209320
556,-97.20640471520,32.83096307910
557,-107.28918010000,32.83511945690
558,-111.96489155900,32.82802432760
559,-96.90269971580,32.83612908080
560,-97.36285171180,32.83646210150
561,-117.00391174500,32.83662409100
562,-96.91471473570,32.83661509150
563,-97.04073272750,32.83703810650
564,-97.06137873530,32.83771310440
565,-117.23479771100,32.83846909790
566,-116.69983980400,32.83854864650
567,-97.12418074550,32.83767710720
568,-97.31277571920,32.83948607370
569,-117.13406072100,32.84017007110
570,-117.12128070900,32.84082707080
571,-112.25448636000,32.84202895450
572,-96.91174471830,32.84573208930
573,-117.17810672600,32.84785607840
574,-117.11438673500,32.85334610040
575,-83.63915674460,32.85574007140
576,-117.11201971900,32.85883608110
577,-113.19120897400,32.86034520560
578,-83.75097124690,32.86326494270
579,-96.89797472730,32.87149010260
580,-90.02551173750,32.87419909530
581,-80.02026572690,32.88471108630
582,-80.03188473120,32.78990509040
583,-79.94297373110,32.79732107270
584,-97.38647673740,32.88594409100
585,-79.84769972350,32.81576209750
586,-117.22363772000,32.90353008630
587,-112.53519961900,32.90668841990
588,-96.89778573920,32.90783210220
589,-97.08045871860,32.92332110780
590,-96.76405474240,32.92407710130
591,-96.82043974720,32.92593110670
592,-112.81954401700,32.93038622220
593,-97.04041770670,32.93237510980
594,-117.24116071900,32.93243810550
595,-87.84363830440,32.94805033360
596,-97.04003073110,32.94985307050
597,-97.42082973970,32.95029408450
598,-83.81290171330,32.95879008060
599,-117.09655771200,32.96272307760
600,-101.84008034300,32.96782315180
601,-80.67556549780,32.97347022520
602,-96.29359002630,32.98114544150
603,-96.93017674280,32.98180310310
604,-96.70820974550,33.00430307500
605,-111.76128696500,33.01338953000
606,-96.82912473130,33.01459008090
607,-97.26704935160,33.03313636510
608,-117.28969116500,33.05650691760
609,-84.94994370700,33.05719609500
610,-86.73491267400,33.08122842270
611,-89.88942808540,33.10926426220
612,-96.67361204220,33.11144571350
613,-97.02822848280,33.11304437990
614,-80.26708878040,33.11524642840
615,-84.00349014500,33.11722901980
616,-117.10462173700,33.12678408540
617,-107.28409216300,33.12945832020
618,-95.97610015560,33.12885362330
619,-95.60205921860,33.11628169730
620,-97.51958944760,33.15669196280
621,-95.24119172890,33.16227109860
622,-87.55273471450,33.17012809400
623,-117.22582024100,33.17486027270
624,-117.35124873500,33.17712110360
625,-111.89773619900,33.19042595990
626,-87.26611650670,33.18985465930
627,-87.56693672020,33.19980110620
628,-97.16665172650,33.21221210030
629,-96.63617374560,33.21656807100
630,-101.80644903600,33.23905095660
631,-94.86602656110,33.24093457140
632,-84.80551861730,33.25687189260
633,-80.54779173080,33.31847511100
634,-117.49930399000,33.33501305620
635,-84.12268065020,33.33749596660
636,-117.15860786100,33.34145446120
637,-87.02754872770,33.34291008400
638,-86.90071808690,33.34111220080
639,-97.68115644020,33.34468252370
640,-89.77274589460,33.35544449750
641,-111.89102973600,33.38567808770
642,-111.89360373700,33.30560510390
643,-111.69559224100,33.38643905980
644,-111.50015970700,33.38610110270
645,-111.96765573200,33.38866610410
646,-86.78496271940,33.39382310630
647,-96.58044588180,33.40247786240
648,-111.97850074400,33.41112107930
649,-107.25836046400,33.41191381190
650,-112.03755874500,33.42736607750
651,-97.17133673210,33.42879264240
652,-111.89099373800,33.43406210660
653,-94.52804228670,33.43768984850
654,-86.94959739120,33.45749305580
655,-111.98286571300,33.45810110450
656,-84.67425509850,33.46052220980
657,-112.03876470800,33.46122407040
658,-112.10818170900,33.46182707310
659,-112.65913740300,33.43527244930
660,-112.27239570800,33.46169208210
661,-81.98538871890,33.40573009240
662,-81.93161371310,33.46699307480
663,-117.67064197200,33.46740506950
664,-94.14146360880,33.45526629120
665,-112.27240470700,33.47940406970
666,-80.76182488650,33.48916951830
667,-82.20029071230,33.48331911000
668,-82.08406471700,33.49341708640
669,-112.27238670800,33.49369611100
670,-112.27266573200,33.50763709020
671,-82.61741269890,33.49546821070
672,-113.04496625100,33.51624597640
673,-101.84398774200,33.51949007920
674,-86.82665070920,33.52161410970
675,-86.71319057790,33.53175526260
676,-111.89229746400,33.53179914860
677,-97.83316472320,33.53513207480
678,-84.26717671260,33.54173810960
679,-86.64206972810,33.54481607800
680,-83.02690106370,33.54514727400
681,-117.17864673300,33.54624711160
682,-86.74892674200,33.54752507070
683,-83.44101110120,33.55557997810
684,-81.93711273560,33.56506606930
685,-113.43384005300,33.58091089440
686,-96.60533072530,33.59490107100
687,-86.65369773110,33.59798808120
688,-86.27255110220,33.60663762480
689,-80.31848339950,33.60842212800
690,-85.89542398860,33.58531201640
691,-114.95120933900,33.60600724950
692,-114.59665472400,33.60680809850
693,-112.24452136200,33.61122872590
694,-93.79535072940,33.61399909470
695,-83.85138885410,33.61522079130
696,-112.11635372600,33.61556507700
697,-84.48759572670,33.61785109780
698,-84.46163072720,33.61994808750
699,-111.89042673200,33.62970408600
700,-89.79170458270,33.63100868390
701,-84.40112373740,33.63234108350
702,-85.52519953780,33.63893792180
703,-113.82383787700,33.63894695730
704,-97.15570772090,33.64059409530
705,-117.73569271700,33.64505810070
706,-86.83066043090,33.64908064140
707,-98.04707951820,33.65466870390
708,-114.21224149600,33.66344313100
709,-112.16948073200,33.66845809790
710,-112.11337615200,33.66878674970
711,-107.08252606900,33.66888192860
712,-112.01361874000,33.66940307850
713,-96.61007371200,33.67044709520
714,-101.83617911100,33.67139073940
715,-84.32835874260,33.67310209170
716,-96.88550875040,33.67465108760
717,-81.63768571400,33.67820421370
718,-115.99516892800,33.67950509560
719,-115.64216515500,33.66953742100
720,-117.87227673900,33.68726809830
721,-84.39961170900,33.68833907130
722,-84.50015971160,33.68984210010
723,-85.15120174400,33.68517110870
724,-115.29239963400,33.69665624530
725,-84.40412971050,33.69694310290
726,-84.42871771490,33.69775309170
727,-80.91990401420,33.71105086950
728,-84.24238172120,33.71457409580
729,-117.37078658400,33.72502009100
730,-84.81885707230,33.71783367600
731,-117.83382870800,33.74068308580
732,-84.38939673980,33.74566009940
733,-86.48026862490,33.75408389440
734,-117.18926604000,33.75909559940
735,-93.48644721600,33.76448102130
736,-84.49267173410,33.76468608650
737,-116.32963927500,33.77125571950
738,-118.04150370700,33.77436109020
739,-117.83127274700,33.77674610390
740,-117.87625473400,33.77893308790
741,-117.87962972600,33.78201109850
742,-118.09181372700,33.78393710010
743,-86.82460771570,33.78851809730
744,-84.39358172140,33.79572709340
745,-96.53557174590,33.80160409110
746,-98.21939971620,33.81643609690
747,-96.53459072590,33.81960410180
748,-84.35850872370,33.82037809350
749,-96.53301574410,33.82297009430
750,-118.20744571900,33.82643507960
751,-118.20770674400,33.78266809830
752,-101.84090073200,33.82728110870
753,-117.82733970800,33.84430009950
754,-117.87558873500,33.84961909110
755,-118.28461172300,33.85672909350
756,-118.29108272500,33.74860307690
757,-117.98015973000,33.85680108870
758,-86.27351217790,33.87143977900
759,-118.28515173000,33.87270410890
760,-81.38302499060,33.87340545510
761,-117.68808172300,33.87201072890
762,-118.19276674500,33.87542210110
763,-118.10238871500,33.87625008990
764,-98.40943472300,33.88095707940
765,-117.54613472200,33.88245110870
766,-84.46021773490,33.88946207410
767,-84.25943670910,33.89175709360
768,-98.44259971820,33.89372809280
769,-89.85469174710,33.89797611150
770,-98.45573970810,33.90118007220
771,-97.13415833330,33.90430377740
772,-80.09018790180,33.90638948420
773,-98.50190974360,33.90926209510
774,-98.50097372030,33.90690407990
775,-98.49938973890,33.90786710180
776,-106.88324072800,33.91027007140
777,-84.35780672640,33.91163810930
778,-118.17962671400,33.91180009880
779,-118.10498971400,33.91369010230
780,-117.43790361700,33.91703890150
781,-116.64334109200,33.92370832240
782,-98.51417674820,33.92713607220
783,-118.28077771900,33.92825208410
784,-81.07315770710,33.93043011080
785,-118.36842871700,33.93055610310
786,-98.53630774350,33.93069109400
787,-118.39634671500,33.93069109400
788,-116.99062772200,33.93344508430
789,-118.09685373700,33.94093310320
790,-117.29418873200,33.94554109890
791,-117.13952926500,33.93917398250
792,-98.53341872000,33.94680110130
793,-84.13177071050,33.95148699360
794,-80.95515146960,33.95806492920
795,-112.12821322000,33.97074446350
796,-93.20748278100,33.97329591840
797,-117.35724272500,33.99340310910
798,-84.56104471880,33.99773208120
799,-117.83489972300,34.00202509750
800,-81.11011170970,34.00395109910
801,-98.84421398610,34.00660729260
802,-86.07701371660,34.00866708720
803,-86.00441071130,33.99199907400
804,-117.09044876300,34.01485010700
805,-118.17293972600,34.01642508970
806,-84.32503549400,34.02135964370
807,-117.55028374700,34.02161808910
808,-117.81186874300,34.02310307750
809,-81.10117474180,34.02771107330
810,-81.04750772930,34.01058408930
811,-117.74773473600,34.02327410790
812,-118.22613872700,34.02855710240
813,-118.21432173600,34.02910610890
814,-118.48595971200,34.01473307290
815,-118.43420074300,34.03113110330
816,-118.22094572800,34.03390309270
817,-118.02717571100,34.03400208550
818,-118.16996970900,34.03577509710
819,-81.11059772040,34.03672007780
820,-118.27392874200,34.03831310090
821,-84.03010772580,34.04415410040
822,-118.22420372700,34.05204709390
823,-118.21397971600,34.05514310360
824,-96.33479792830,34.05918046240
825,-118.16519072400,34.06117309120
826,-118.24879173100,34.06276607200
827,-117.29641171400,34.06408007140
828,-117.80649571300,34.06511508860
829,-118.00011274000,34.06518708380
830,-117.20858972700,34.06658207710
831,-117.80334570700,34.06662707470
832,-117.54491971600,34.06732907110
833,-117.42054182500,34.06734619600
834,-80.92225472960,34.06801311070
835,-117.80753972900,34.06831909070
836,-86.86620461590,34.07421177610
837,-118.22387074800,34.08175610330
838,-117.67392923200,34.08725409420
839,-101.79246905400,34.09857246230
840,-118.24978170900,34.10232107410
841,-84.24481173170,34.10269909150
842,-117.53211274700,34.10647009990
843,-117.66027222200,34.10688639970
844,-84.73910974470,34.11598307190
845,-118.15507470600,34.11919607430
846,-117.78719974300,34.11994310970
847,-117.82598071200,34.12059110990
848,-117.30219871800,34.12704407020
849,-99.13673373320,34.13131908750
850,-117.95756972100,34.13414507210
851,-117.64372757100,34.13476819800
852,-117.49610340600,34.13635864180
853,-117.31911871500,34.14458511110
854,-117.29831071700,34.14540410030
855,-117.20070573400,34.06566409500
856,-118.22638171100,34.14626808620
857,-118.15565071100,34.14974207100
858,-118.28293774700,34.15222607860
859,-118.37631271000,34.15278408450
860,-118.37736572600,34.15442210430
861,-118.28921971900,34.15536708490
862,-83.63918337440,34.15760407480
863,-118.46990374300,34.16111809110
864,-99.31286371660,34.16284610520
865,-118.66733836400,34.14962061850
866,-118.85937873500,34.17608508800
867,-97.16810929820,34.17716915140
868,-98.49520703980,34.18348293000
869,-83.90996973620,34.18410405850
870,-89.92603299010,34.19066174300
871,-79.84390171740,34.19305008250
872,-81.36073540520,34.19860009920
873,-84.49482333780,34.20407632030
874,-118.21748974100,34.20762110510
875,-80.21465644080,34.18655004710
876,-80.58577003160,34.21623887660
877,-119.15511087300,34.22401065770
878,-106.91956977300,34.22433737960
879,-117.40937971000,34.22532409320
880,-77.94478473760,34.22406409090
881,-77.92616372430,34.22551308130
882,-77.88704973630,34.21047408830
883,-118.40990971900,34.23289310770
884,-78.01154674250,34.22603508910
885,-85.91376211300,34.23493171880
886,-92.99963986580,34.24235919800
887,-112.11197515100,34.25582663470
888,-118.47220772000,34.26577007970
889,-118.85126971500,34.26661610880
890,-118.44365072000,34.26661610880
891,-99.67684328590,34.27618867440
892,-118.65953877000,34.27803369920
893,-77.86796971070,34.27926108850
894,-118.86323073900,34.28199707980
895,-118.40739871400,34.28854007580
896,-92.11705377490,34.29019717110
897,-91.96561471070,34.20133009200
898,-118.46770771700,34.29126710980
899,-118.85704771900,34.29332810230
900,-78.18221643630,34.30132152130
901,-84.84241981800,34.31450956200
902,-83.78874572260,34.31606210120
903,-118.49000074400,34.31649407250
904,-79.59249355760,34.31819126320
905,-78.36957571270,34.31989610440
906,-81.00609132670,34.32194908400
907,-96.16336387720,34.32680704810
908,-78.45134071250,34.32897710500
909,-118.50870270900,34.33391807930
910,-81.62636034470,34.34099613320
911,-77.88175774220,34.34656310030
912,-119.42256145100,34.34697546010
913,-78.70712848520,34.35054300600
914,-101.75747482500,34.35298263100
915,-86.89138412500,34.36171956270
916,-83.28520986630,34.36617679070
917,-100.05444646000,34.37979060740
918,-84.39449974580,34.38338206970
919,-78.93880609750,34.41939610090
920,-117.38471750800,34.42113424410
921,-119.69911473500,34.41215509800
922,-97.13290172680,34.44822707250
923,-119.96029362000,34.44825101340
924,-98.40951571780,34.44895610970
925,-79.35017480260,34.46500379040
926,-85.72164294720,34.46670391020
927,-92.73988727810,34.47024745400
928,-118.31144988400,34.47279459750
929,-120.22647205000,34.47438812600
930,-89.91460473650,34.48852435340
931,-92.20992327320,34.49507709980
932,-111.99541174200,34.50998510830
933,-81.87032373220,34.51324310750
934,-82.90507756660,34.51335035700
935,-84.52391972810,34.51999309050
936,-106.80345581400,34.52417978540
937,-100.41588572800,34.52866907510
938,-84.91998924300,34.53347758910
939,-118.12506441300,34.54217479680
940,-118.68114645000,34.56142095140
941,-95.98720343560,34.59400262920
942,-79.10314773790,34.60088510490
943,-81.01719846020,34.60127446270
944,-82.08525070880,34.61812141230
945,-92.44579171370,34.64020607990
946,-101.82478653800,34.64248561220
947,-117.21824992200,34.64363036910
948,-77.94226174990,34.65762430490
949,-86.91333872730,34.65765708430
950,-92.40254674020,34.66186010640
951,-86.72774444330,34.67310435690
952,-82.53230972780,34.67691709830
953,-111.75646101900,34.67807138540
954,-84.47369074460,34.68486408800
955,-120.16836941900,34.70182342940
956,-92.27109272170,34.70739109980
957,-84.72618944930,34.68238339090
958,-92.27091273400,34.71081108850
959,-85.55557128730,34.71213551190
960,-78.99772797110,34.72502424750
961,-79.32268369230,34.73172592700
962,-116.26766009900,34.72947990800
963,-115.89010673500,34.73300046420
964,-92.26161574780,34.73421108570
965,-81.95479039790,34.74236915070
966,-92.39151274040,34.74866507410
967,-115.51341176300,34.75027981770
968,-98.35410653860,34.75232241540
969,-82.28608774610,34.75345310070
970,-86.56394974360,34.75857410480
971,-97.28218019690,34.75973591200
972,-85.00206273630,34.76093207870
973,-84.96366874280,34.76151708220
974,-92.26165174490,34.77274906960
975,-92.26126472800,34.77889609230
976,-92.16069872640,34.78153308890
977,-89.96605582220,34.78299084410
978,-118.17103606500,34.78819829280
979,-82.43918670700,34.78988509450
980,-118.83465272200,34.79201924960
981,-114.58972474400,34.80196252380
982,-114.30763773900,34.73018809440
983,-91.75368191260,34.80010416830
984,-79.55307869240,34.81036115290
985,-115.19619051900,34.81199948120
986,-82.41631771720,34.82099809670
987,-116.63512352200,34.82108587590
988,-92.33933971500,34.82113308850
989,-100.61360236900,34.82887143370
990,-82.29773374800,34.83273409380
991,-106.75249611600,34.83459706910
992,-91.35199831060,34.85019134040
993,-120.38439273600,34.85169708430
994,-76.89384571440,34.85482909110
995,-76.79519671580,34.73548008750
996,-114.87266104700,34.85828621000
997,-82.38407974590,34.85381207300
998,-95.81341173900,34.86247010080
999,-117.07615473100,34.87067807370
1000,-81.00243734250,34.87332630200
1001,-111.64098955700,34.88559254570
1002,-117.00929373200,34.88592409510
1003,-85.08382132030,34.89842950900
1004,-82.14920344380,34.89870709560
1005,-78.95863472410,34.90119707280
1006,-98.04658081000,34.91962234420
1007,-117.33461057300,34.92459990830
1008,-79.77302672610,34.93549607890
1009,-78.06295870050,34.94356987030
1010,-86.89449170440,34.94723733070
1011,-101.85163373400,34.94735586590
1012,-116.68053713100,34.94810750760
1013,-79.90965582240,34.95034799580
1014,-80.05665272400,34.96353107040
1015,-90.96542515080,34.96954645300
1016,-100.96584481200,34.97026140680
1017,-85.45131572430,34.97074010790
1018,-110.51974521400,34.97431207650
1019,-110.13771201400,34.92354657640
1020,-80.08573173220,34.97606809910
1021,-79.62336032180,34.97661124460
1022,-82.01046273400,34.97783211030
1023,-105.15770141300,34.98482254140
1024,-104.77794743300,34.96703399540
1025,-114.13742919500,34.99637456870
1026,-81.99216574280,34.99712808010
1027,-81.93641973870,34.97038908810
1028,-117.60751509900,34.99740280140
1029,-80.41390094970,34.98325167580
1030,-85.20968373840,35.00594809650
1031,-105.53727371700,35.00591418400
1032,-117.88748610100,35.00980025080
1033,-105.91540855400,35.00627771960
1034,-118.95578671200,35.01871911080
1035,-85.29339273880,35.01826009770
1036,-79.03368573890,35.02530710430
1037,-104.42023774600,35.02631508070
1038,-107.29219491100,34.99379409540
1039,-106.95780044300,35.02963119310
1040,-85.31883573040,35.03217407930
1041,-79.02047371240,35.03473008200
1042,-78.80358272170,35.04292909770
1043,-78.97619372180,35.04420709910
1044,-92.41306671010,35.04611803520
1045,-118.17137374400,35.04778007770
1046,-85.62690574220,35.04841007890
1047,-95.70942905100,35.04857513320
1048,-85.31552373500,35.05525009840
1049,-79.49977772920,35.05711310340
1050,-78.88744471200,35.05955207200
1051,-109.77755072700,35.06241409600
1052,-118.17772771100,35.06504209400
1053,-120.51274343900,35.06825729620
1054,-90.02617773580,35.07222409160
1055,-107.60071526400,35.07511332100
1056,-97.40772632520,35.07911883400
1057,-116.36851635900,35.08418060070
1058,-110.89648798700,35.08576214210
1059,-101.32311278000,35.09667689360
1060,-106.27819663000,35.09834645170
1061,-77.06632292240,35.10071119750
1062,-81.63723447650,35.10241574910
1063,-90.59006595700,35.10430683990
1064,-106.62909871300,35.10596509170
1065,-104.01830374400,35.10772958500
1066,-80.74983271660,35.07119807390
1067,-80.68790373500,35.10956511110
1068,-78.96135271640,35.11384908570
1069,-78.75460474100,35.12308307620
1070,-82.09605292000,35.12647457970
1071,-80.91643172900,35.12680008760
1072,-118.45484829500,35.13977269750
1073,-95.90026724140,35.14553094860
1074,-90.02209170660,35.14935409790
1075,-89.88547172850,35.15126210050
1076,-84.94280657220,35.15517438520
1077,-90.15128674510,35.15570810670
1078,-97.79616438750,35.15810395370
1079,-111.28637727000,35.15914039810
1080,-92.61094630250,35.16224794700
1081,-77.36861231510,35.16922943800
1082,-90.19255172080,35.17099908250
1083,-111.66240270700,35.17195310500
1084,-103.62135159400,35.17242331460
1085,-103.22359224900,35.13224840530
1086,-107.90129373800,35.17983709890
1087,-80.88698374430,35.18013407930
1088,-80.89100673650,35.18136708400
1089,-119.00632430800,35.18334403670
1090,-78.27166007530,35.18423637460
1091,-109.44681976000,35.18711783840
1092,-85.24329151570,35.18872008950
1093,-90.01421671210,35.19175308360
1094,-101.83715672200,35.19263511080
1095,-101.69683773200,35.19271610560
1096,-90.02269471010,35.19572207870
1097,-80.76935371390,35.19844907050
1098,-90.03456573950,35.19948408670
1099,-113.92333057100,35.19974533440
1100,-113.55528558700,35.15886848900
1101,-102.13029371500,35.19984319050
1102,-101.13184852100,35.20987170600
1103,-100.70140043400,35.21472940750
1104,-90.20921073450,35.21960808660
1105,-101.58145772300,35.22067910190
1106,-101.57963071500,35.22074209760
1107,-80.92316371300,35.22169607770
1108,-120.69169112600,35.22272360980
1109,-80.82967171570,35.22286608580
1110,-80.83697074740,35.21576508300
1111,-112.55408495900,35.22323885570
1112,-112.24711197300,35.22263142480
1113,-80.92346973520,35.22340609270
1114,-80.86494274320,35.22480108690
1115,-119.18138780300,35.22642191610
1116,-100.25324566300,35.23048710360
1117,-85.81517736640,35.23053190060
1118,-99.80434162390,35.23022301050
1119,-80.92201174530,35.23480011180
1120,-92.85420274110,35.23747310650
1121,-80.91965373010,35.23848108280
1122,-86.88793624930,35.23859155740
1123,-113.20251742800,35.23919257250
1124,-95.58873986870,35.23920886730
1125,-102.42221074100,35.23635709460
1126,-102.82687151300,35.24069931100
1127,-80.84833772570,35.24409709810
1128,-116.09198214700,35.24926592820
1129,-81.29814871970,35.25028007570
1130,-78.62800447500,35.25156420050
1131,-82.21354773640,35.25199909020
1132,-82.34882671740,35.25474408100
1133,-111.95425943800,35.25208117940
1134,-106.56402474800,35.25880080760
1135,-80.88051274360,35.26091810130
1136,-81.05525547780,35.26230639100
1137,-77.65998294180,35.26031057600
1138,-79.27476867250,35.26898234100
1139,-80.84482774280,35.27303207270
1140,-118.72573931600,35.28035640410
1141,-81.18797071010,35.28362510160
1142,-80.77560872900,35.28468707500
1143,-82.04508630270,35.28482846470
1144,-80.76265772710,35.28488510400
1145,-81.57937653690,35.29467504910
1146,-109.12061361300,35.30447549470
1147,-112.84996170700,35.30703409830
1148,-81.87455371050,35.31413510120
1149,-85.13759374240,35.31887808790
1150,-93.20166053500,35.32341265400
1151,-89.51183788490,35.35187258600
1152,-119.03936972100,35.35216907530
1153,-89.87138143220,35.37787002940
1154,-77.93694574040,35.37826910800
1155,-84.73176227190,35.37947997050
1156,-99.41741671140,35.38584707980
1157,-108.15771989200,35.38742849080
1158,-78.51800372450,35.38992410950
1159,-106.45592970600,35.39048207320
1160,-96.96245326440,35.38401296100
1161,-96.62996675530,35.38574846910
1162,-97.49485473690,35.39171507790
1163,-82.49317549610,35.39333333420
1164,-97.57555772180,35.39632307370
1165,-78.00206072680,35.39693507580
1166,-115.79029107600,35.40310932180
1167,-97.29083371100,35.40410807380
1168,-119.04628173500,35.40467507930
1169,-81.21286473750,35.41555608910
1170,-119.42136655100,35.41663978390
1171,-96.30302142340,35.42211220080
1172,-95.97121773170,35.43192707970
1173,-86.03203329350,35.43284124770
1174,-120.63721171100,35.43680509960
1175,-78.39959184240,35.44813546560
1176,-95.75931177660,35.44894575920
1177,-94.32149973810,35.45520108460
1178,-94.42393774420,35.29326410730
1179,-94.88053972220,35.45386008750
1180,-94.59817017430,35.39308430020
1181,-95.54378071730,35.45857607650
1182,-97.57497271730,35.46005210680
1183,-97.48925672150,35.46191507040
1184,-97.49282074290,35.46201410650
1185,-95.35495582830,35.46394281500
1186,-93.51922519870,35.46422537930
1187,-78.14938173160,35.46555959730
1188,-97.46798971120,35.46811608930
1189,-90.20250726440,35.47345934380
1190,-115.46223173600,35.46398894840
1191,-94.24206571370,35.48287610000
1192,-99.01724216010,35.48307835210
1193,-97.75388373010,35.48312808370
1194,-95.16821070710,35.48654807230
1195,-108.49514613700,35.49373778520
1196,-79.79378906390,35.49753382260
1197,-79.72889972630,35.25231406960
1198,-108.83679754300,35.50020834430
1199,-97.57663773560,35.51163108690
1200,-105.25220674500,35.51701307430
1201,-105.54794076800,35.41970798920
1202,-78.28941273470,35.51969511070
1203,-93.88108632680,35.52540456020
1204,-97.51401571490,35.52958610100
1205,-98.17541016700,35.52977565920
1206,-89.68219773890,35.53060307690
1207,-86.90210818600,35.53140267670
1208,-80.57381772500,35.53287906670
1209,-98.59983412430,35.53626601700
1210,-80.86039124650,35.53871185010
1211,-78.57610666550,35.54000696730
1212,-97.46013271580,35.54120510440
1213,-106.12512473600,35.54905181160
1214,-82.61153672470,35.55448008530
1215,-82.81567769860,35.54830622060
1216,-79.15436047000,35.56036931820
1217,-89.16485673530,35.56392666120
1218,-82.49837074010,35.56462310160
1219,-77.39959174280,35.57127409080
1220,-77.40878973530,35.52245809970
1221,-77.43129870670,35.57673707300
1222,-81.24645931630,35.58148330170
1223,-119.20441231100,35.58722149530
1224,-82.57065872370,35.59113710750
1225,-105.82850696000,35.54725508310
1226,-78.40963472370,35.59278408450
1227,-97.42685972730,35.59885007020
1228,-97.50453874010,35.59892210770
1229,-83.00414372480,35.59899410290
1230,-77.39489371050,35.59907509760
1231,-84.50746347650,35.60761084470
1232,-77.43986674030,35.60805710450
1233,-77.39465972580,35.60809310160
1234,-95.96145273380,35.60860611090
1235,-97.58508873510,35.60942509920
1236,-95.47261548960,35.61214219210
1237,-78.12293050370,35.61350675680
1238,-119.65311573100,35.61604909080
1239,-77.68539176450,35.61869641250
1240,-77.32909472750,35.62545407030
1241,-77.08732770840,35.57774509160
1242,-82.16335927640,35.63552163710
1243,-86.25254871400,35.64457518410
1244,-120.68997999300,35.65118378650
1245,-82.58312371490,35.65795310850
1246,-77.36306971240,35.65932110420
1247,-95.30872275220,35.66686569130
1248,-97.05904482470,35.67734440110
1249,-88.75677157190,35.68070399670
1250,-78.57509972520,35.69461008850
1251,-81.83141584450,35.69070700650
1252,-94.18783682180,35.70035332540
1253,-78.86523272190,35.70038809230
1254,-81.35357074480,35.70846107340
1255,-77.89557273090,35.71583210040
1256,-90.03210155570,35.72450077890
1257,-81.48371072170,35.72534507320
1258,-81.10512436550,35.73338809790
1259,-105.04544166800,35.73406902590
1260,-77.93470471790,35.73430908100
1261,-79.82593539970,35.74854626630
1262,-96.69005099270,35.75085510120
1263,-78.64889073760,35.75308308430
1264,-78.59117373440,35.75428908960
1265,-95.40284072530,35.75494608930
1266,-83.05441842260,35.75588066840
1267,-84.16181856380,35.73994106370
1268,-83.99450371980,35.74929407690
1269,-78.00404972410,35.76323509920
1270,-78.73570474630,35.76679907830
1271,-95.40284072530,35.77005707750
1272,-80.32717473010,35.77101109990
1273,-115.33211252900,35.77524518180
1274,-82.54022072030,35.78028108760
1275,-89.50438988230,35.79163706630
1276,-78.15624672350,35.79303657870
1277,-78.58258774400,35.79433010240
1278,-82.53858274190,35.79700309700
1279,-78.50879673250,35.79620210680
1280,-88.35059092250,35.80030079490
1281,-96.01550724260,35.80143831500
1282,-80.86124373000,35.80990910220
1283,-82.53623372620,35.81035007310
1284,-82.53680973120,35.81208708750
1285,-80.28533370810,35.81499410920
1286,-86.83732473290,35.82344510770
1287,-84.27924572960,35.82868310460
1288,-119.26134064700,35.82917183940
1289,-78.30644072500,35.83416408670
1290,-83.97071674790,35.83609008740
1291,-82.52274271740,35.83961811160
1292,-95.40313774800,35.84425310500
1293,-86.65527513200,35.84103648540
1294,-87.08632411880,35.85054887190
1295,-120.78309962400,35.85380693130
1296,-80.06988967170,35.85997847220
1297,-97.39423041870,35.86469145930
1298,-84.25634974120,35.86894910260
1299,-87.93986973380,35.86713109430
1300,-78.83117674140,35.87366509170
1301,-84.32415572050,35.87494309300
1302,-119.85293690400,35.87560144540
1303,-77.95043275350,35.87780797790
1304,-96.34041621790,35.88039907760
1305,-80.24674172700,35.88046007230
1306,-86.47343672170,35.88245811050
1307,-84.22042171400,35.88613008280
1308,-78.64614343110,35.90737729730
1309,-84.12067474380,35.91138408640
1310,-84.11729071100,35.91215807800
1311,-84.60043646520,35.91321590830
1312,-84.87238172930,35.90358108720
1313,-83.18742906330,35.91649669270
1314,-94.19943354720,35.92050751340
1315,-87.60005733650,35.92201101440
1316,-80.58680917030,35.92491677070
1317,-78.09742628360,35.93163899340
1318,-104.79514512100,35.93269977710
1319,-95.58298556290,35.93380622290
1320,-78.99160167240,35.93971995780
1321,-83.97399274520,35.95546608950
1322,-83.94644372210,35.96040710600
1323,-83.94757773300,35.96373710040
1324,-80.84342868550,35.96726220180
1325,-83.92879473020,35.96854308280
1326,-89.87461305250,35.96894812130
1327,-83.93135973250,35.97252107740
1328,-86.80456551180,35.97509414570
1329,-84.17978674040,35.97908207330
1330,-77.87678072850,35.98195309690
1331,-83.91764373850,35.98345608430
1332,-83.95851273910,36.00021409180
1333,-86.60559978920,36.00107213860
1334,-79.82752172730,36.00246407150
1335,-79.84945473600,36.00617208420
1336,-96.01163671970,36.01218407270
1337,-83.86311274010,36.01220207180
1338,-83.62024088400,35.98169124040
1339,-79.82658574620,36.01777308860
1340,-87.27020658740,36.02296701510
1341,-120.94026402000,36.02914163980
1342,-79.80464373800,36.03242510680
1343,-79.81909772650,36.03568310600
1344,-79.76878770690,36.04565509010
1345,-95.73863070690,36.04612310180
1346,-86.43381634790,36.04860976860
1347,-79.89124171960,36.05616708200
1348,-89.39448571170,36.05751707870
1349,-79.12535972800,36.05911910130
1350,-79.68220772430,36.05939808270
1351,-78.79876598340,36.05587532040
1352,-115.18070072400,36.06056809160
1353,-115.01267972100,36.03308210660
1354,-80.23129771900,36.06185509160
1355,-83.38965872150,36.06681410720
1356,-79.92016773790,36.06696709720
1357,-89.39662774130,36.06890209830
1358,-79.47015736690,36.06559905390
1359,-80.32513173570,36.07213309890
1360,-89.34804573570,36.07293408900
1361,-119.31774133200,36.07391338870
1362,-85.20017410740,36.07416238130
1363,-79.26087273500,36.07509407530
1364,-79.25940574650,36.07559808420
1365,-82.50118099380,36.07860689200
1366,-120.10618528000,36.08022114720
1367,-79.76635773780,36.08743307420
1368,-87.06120008160,36.08769124080
1369,-96.03946472500,36.08891810490
1370,-96.00671374440,36.08895410210
1371,-96.02959173380,36.08898110060
1372,-96.03868845180,36.08995518510
1373,-80.24747072200,36.09284210240
1374,-80.23316972350,36.09387707730
1375,-89.59454115280,36.09487987980
1376,-80.01492873620,36.09810709790
1377,-95.85971672400,36.09853907010
1378,-96.01218572610,36.11213807130
1379,-95.89589673410,36.11392908200
1380,-86.77351474630,36.11586408220
1381,-80.56657315980,36.11312887780
1382,-94.14533371620,36.11737611050
1383,-80.81388572960,36.12179507690
1384,-86.72805570670,36.12600709840
1385,-97.34190135640,36.12848419650
1386,-115.08951274600,36.13303610510
1387,-86.72720072030,36.13863407910
1388,-95.86013973910,36.13922808220
1389,-86.72150371030,36.14051508310
1390,-86.73602973630,36.14281910210
1391,-95.97970472830,36.14309808350
1392,-79.73454273930,36.14389907370
1393,-86.69724872670,36.14422309490
1394,-96.00386971850,36.14458307200
1395,-85.53423550580,36.13647623590
1396,-85.86842539380,36.14693141590
1397,-86.77571073070,36.14865110220
1398,-86.85775471270,36.15232307460
1399,-86.76208473000,36.15434806990
1400,-86.82388772020,36.15719209580
1401,-96.23402665550,36.15136327400
1402,-96.05614173690,36.15800208550
1403,-95.98041572420,36.15881207520
1404,-96.00095373870,36.15943307690
1405,-95.82408572040,36.16250208800
1406,-95.88218973970,36.16263707890
1407,-95.85990571210,36.16520208120
1408,-86.52657026630,36.16815874720
1409,-86.76839374220,36.17153809100
1410,-86.80090173850,36.17421108660
1411,-115.15458273500,36.17431907900
1412,-86.76636874680,36.17581310830
1413,-86.34908374820,36.18360710800
1414,-86.77567473260,36.19271510620
1415,-86.22665673400,36.19379507870
1416,-84.11545390150,36.19634178330
1417,-121.10477973200,36.19875409420
1418,-95.94984272900,36.19946509010
1419,-83.10507986120,36.20349960080
1420,-86.87050772700,36.20964410270
1421,-104.66017614300,36.21478441710
1422,-89.74809571560,36.21599807020
1423,-96.39247172540,36.21787007460
1424,-86.77408170950,36.22413408920
1425,-96.73163393900,36.22406481260
1426,-86.72450072710,36.23517708860
1427,-86.78561071960,36.23798507510
1428,-86.74101570810,36.23839908960
1429,-86.75186971940,36.24080210240
1430,-87.29536644540,36.26851335150
1431,-77.72114654820,36.27336878670
1432,-80.38382852880,36.27783437220
1433,-119.39039672400,36.30535008250
1434,-78.56155317240,36.30567089950
1435,-82.33848571440,36.30851808740
1436,-80.80225208710,36.31454062500
1437,-97.01573935020,36.33372963220
1438,-82.81097711850,36.33496721090
1439,-95.51163448760,36.33641494490
1440,-120.30704107600,36.33764409600
1441,-89.15528620760,36.34029259130
1442,-86.94543306880,36.35700346980
1443,-79.62576416830,36.36290007090
1444,-86.71207431240,36.37127541210
1445,-121.29941297100,36.38258391200
1446,-82.43127641420,36.38490684830
1447,-97.32697772390,36.40019207650
1448,-84.26414429670,36.40267520270
1449,-114.87018788400,36.41616709370
1450,-86.37730847150,36.41783699360
1451,-89.67692401010,36.43616781550
1452,-82.52300374200,36.45409307370
1453,-80.55573872050,36.45520008610
1454,-78.26259164000,36.45892266070
1455,-87.13214672010,36.47104011150
1456,-80.74247973100,36.49707710620
1457,-86.65893631260,36.50738126480
1458,-88.89044974160,36.51757908130
1459,-104.55421839900,36.51856705760
1460,-119.56603267500,36.52153383740
1461,-82.35215384290,36.53840147850
1462,-79.46554171880,36.54081708900
1463,-95.22112046880,36.55649341890
1464,-82.58245771660,36.55650408220
1465,-86.90386432100,36.55797323810
1466,-77.56743493130,36.56738592750
1467,-120.53802989400,36.56870900740
1468,-121.51735582500,36.56892839610
1469,-84.11401471280,36.57652008880
1470,-79.36084473350,36.58453907370
1471,-79.10950383040,36.58518770610
1472,-79.41664473380,36.59187410260
1473,-87.28373952170,36.60078700550
1474,-79.51771474420,36.60334907420
1475,-88.77979080870,36.62023971280
1476,-82.17955471030,36.62629910100
1477,-82.19335174130,36.61216009200
1478,-89.54559150880,36.63507718300
1479,-79.66755539760,36.63811916050
1480,-82.74878643230,36.64682539290
1481,-114.57206611200,36.66264742280
1482,-79.81468771830,36.68527610570
1483,-79.85999372560,36.62263608590
1484,-78.88739071580,36.68885808380
1485,-86.53106155520,36.69933563710
1486,-97.34585181730,36.70095685130
1487,-87.45517472920,36.70414010330
1488,-119.77869221900,36.71152777760
1489,-88.66733973290,36.72653208190
1490,-80.76450547590,36.73268059920
1491,-94.90893835370,36.73974253370
1492,-78.09155673060,36.75436008630
1493,-76.26774270620,36.75716807280
1494,-76.23801574090,36.73578407060
1495,-76.09276727690,36.76396679910
1496,-88.64316574320,36.76716709780
1497,-76.60320870880,36.76696911020
1498,-76.52718571480,36.75030109700
1499,-81.81790961190,36.76905524510
1500,-114.21251632800,36.76741260910
1501,-76.42323572270,36.78703007220
1502,-76.39856672360,36.78799309410
1503,-76.26802173070,36.76278408720
1504,-121.66713570800,36.78936108970
1505,-78.76261622290,36.80589103900
1506,-104.44248573400,36.81324709770
1507,-120.74944756900,36.81539992810
1508,-121.63275570700,36.81802608240
1509,-87.47274272640,36.82122108500
1510,-79.92763032660,36.82199489050
1511,-76.33640371500,36.82258908060
1512,-87.47311174430,36.83203009960
1513,-76.34150672100,36.83226408430
1514,-88.43848451250,36.83372761220
1515,-76.28860474280,36.83582810570
1516,-76.28635472000,36.84259608770
1517,-76.27392477090,36.84491579900
1518,-76.27327772670,36.84496310250
1519,-76.26783274270,36.84543107280
1520,-76.19610272280,36.84582708920
1521,-76.13753973360,36.83397410020
1522,-76.28362772820,36.84599807730
1523,-77.43352957930,36.84650683910
1524,-75.99911974630,36.84655608330
1525,-75.99304471880,36.84651108660
1526,-75.97661073260,36.84889610040
1527,-75.97689871440,36.84990407670
1528,-84.15644517840,36.85038260420
1529,-79.39488334270,36.85074929550
1530,-77.86231044080,36.85202897420
1531,-76.28509471760,36.85388207130
1532,-76.28651670950,36.85786010820
1533,-81.44472191750,36.86194547190
1534,-82.75350273440,36.86194609600
1535,-121.58042073400,36.86211708410
1536,-76.32619774520,36.85228009100
1537,-76.30528171330,36.86439410550
1538,-78.58456774270,36.86527609040
1539,-76.43075074100,36.86539308230
1540,-76.43077773860,36.86686907130
1541,-89.53309472840,36.87353810180
1542,-76.19646274210,36.87481610230
1543,-76.85598011310,36.88228221190
1544,-119.99207398700,36.89599040240
1545,-76.14461373780,36.89770309110
1546,-87.76341046900,36.89872286570
1547,-76.12889974700,36.90373307870
1548,-76.14685471890,36.90575807410
1549,-86.43339570890,36.90801709550
1550,-76.26707670780,36.91717009130
1551,-113.87008133800,36.91794123300
1552,-76.27214371580,36.91861908170
1553,-76.52484272010,36.93207768790
1554,-82.61040271380,36.93517910160
1555,-82.58945072610,36.94445808980
1556,-76.30791871080,36.94447608790
1557,-80.92072474450,36.94811210450
1558,-78.50019562270,36.94953044150
1559,-76.26479972870,36.95758907930
1560,-82.60583971470,36.95901107110
1561,-86.49776374370,36.96061309370
1562,-86.49780874040,36.96064009230
1563,-81.06466171100,36.96091907370
1564,-86.49835774680,36.96349307540
1565,-94.65042630790,36.97013026460
1566,-87.46630750970,36.98736347380
1567,-88.34698471850,36.99051109110
1568,-89.22888605380,36.99998696870
1569,-97.34163195900,37.00255971780
1570,-121.55650772800,37.00280509330
1571,-77.66497390930,37.00849585300
1572,-86.29445163000,37.01231097590
1573,-76.44469172010,37.01959009840
1574,-76.08551974030,37.02953508490
1575,-76.37792071580,37.03207308860
1576,-77.09222411590,37.03599354100
1577,-121.30138822900,37.03882882370
1578,-76.39468772280,37.04053308750
1579,-79.87567615830,37.04247126770
1580,-120.96954570600,37.05614808460
1581,-120.80260341100,37.05641448530
1582,-120.63582571700,37.05120711030
1583,-121.01631874500,37.05704811080
1584,-86.11196972240,37.05823607560
1585,-85.74827985620,36.99631827440
1586,-88.22409745550,37.05830973820
1587,-88.66438475850,37.06325350930
1588,-78.47089770700,37.06479707060
1589,-88.08473372330,37.07134010980
1590,-85.37621156680,37.07297971320
1591,-82.59887304550,37.07883316030
1592,-94.30808072450,37.08183410270
1593,-93.90258227130,37.07418995520
1594,-120.20613872300,37.08221207780
1595,-120.42500588800,37.08340341420
1596,-113.57903372900,37.08788208930
1597,-80.63612971260,37.08815058730
1598,-85.00144235070,37.07280503160
1599,-104.51877838700,37.09410938450
1600,-84.61942772040,37.09489309690
1601,-84.58135770590,37.10028408380
1602,-86.63999973610,37.10402809370
1603,-79.32798259220,37.11344922870
1604,-78.32703134710,37.12520485350
1605,-121.64070434300,37.14075785940
1606,-84.11112573250,37.14559909160
1607,-87.46584871060,37.14870410080
1608,-86.65577672260,37.14973007620
1609,-87.76666654180,37.15789961300
1610,-82.65207274690,37.15802808470
1611,-77.35191871980,37.15891911140
1612,-84.35375899300,37.16317234350
1613,-80.31967860480,37.16465469610
1614,-77.49126573180,37.18605407670
1615,-93.52628856220,37.18537396530
1616,-78.18741574260,37.18892510120
1617,-77.85027752620,37.14505369060
1618,-77.32728571880,37.19220109940
1619,-89.53791045950,37.19366001470
1620,-85.93652597030,37.20726286410
1621,-87.44144073620,37.21241509270
1622,-77.37683074530,37.21318008570
1623,-77.39001573280,37.21908408100
1624,-81.09266170000,37.22082992230
1625,-84.22063367250,37.22916011130
1626,-79.97294372370,37.23185509520
1627,-121.76720674200,37.24170108790
1628,-121.08852818800,37.24410944360
1629,-121.85877273700,37.25535408620
1630,-121.97151152700,37.26011778520
1631,-86.74793672240,37.26278810890
1632,-93.14137998910,37.26441978840
1633,-76.65123861520,37.26490216770
1634,-79.93674571450,37.26673910490
1635,-120.44412875200,37.27781327570
1636,-87.11897487350,37.28022876830
1637,-75.97913606670,37.28638887970
1638,-97.34032622800,37.30549525000
1639,-79.18511972380,37.31276510860
1640,-113.29411258700,37.31305639630
1641,-121.94019571800,37.31708508030
1642,-121.89226171200,37.32391610030
1643,-80.03381073280,37.32427607740
1644,-89.15588774880,37.32703858700
1645,-122.05588174800,37.33233110170
1646,-84.30620070640,37.33801007040
1647,-77.99875727860,37.33883869670
1648,-121.85181572500,37.33939610640
1649,-79.99805373680,37.34162808800
1650,-82.54882863970,37.34818358630
1651,-88.78913985310,37.35380209810
1652,-121.91153475600,37.35389097090
1653,-87.49133674030,37.36187807930
1654,-121.90165773400,37.36410110360
1655,-77.33862574080,37.37369507120
1656,-121.92845972100,37.37385710200
1657,-77.41078773210,37.37989608910
1658,-104.60234605000,37.38242786690
1659,-86.80934373750,37.38451308440
1660,-120.73079656800,37.38937089030
1661,-77.77153473590,37.39219009220
1662,-122.02796370700,37.39890407720
1663,-122.03578474700,37.40047910120
1664,-122.06996671800,37.40856108270
1665,-122.20484645000,37.41235096700
1666,-86.47276464130,37.40954971370
1667,-121.91623771400,37.42554407540
1668,-77.62253072010,37.42898210440
1669,-85.88370017370,37.43811892060
1670,-77.42589872020,37.44277909410
1671,-121.17145798100,37.45180868490
1672,-77.31057270800,37.46241708240
1673,-77.64149371060,37.46286709590
1674,-81.07162636670,37.47708620580
1675,-79.78854709560,37.47798490460
1676,-76.92266134350,37.47910851840
1677,-82.51496671670,37.47953510920
1678,-89.66429924360,37.48057094470
1679,-122.18073873200,37.48335107200
1680,-92.84935690700,37.48927238280
1681,-77.55969271270,37.49531209570
1682,-122.33783372800,37.50633709600
1683,-77.68346072400,37.50922607720
1684,-86.15173423770,37.51259903490
1685,-77.27041474550,37.52039511020
1686,-77.52912871700,37.52603808090
1687,-121.94586211600,37.52667531350
1688,-77.42968772680,37.53141111100
1689,-77.43301772120,37.53312108470
1690,-77.43876872740,37.53609110290
1691,-77.49070772590,37.54506411020
1692,-77.43470073850,37.54946507670
1693,-77.48034872390,37.55017607260
1694,-122.29578571900,37.55318208800
1695,-77.41004973760,37.55581008600
1696,-77.49025771230,37.55618810340
1697,-75.80414560700,37.55680969860
1698,-82.63983760710,37.55833076880
1699,-86.94245715280,37.55990682610
1700,-122.03844874200,37.56336110140
1701,-84.31441560320,37.57181919470
1702,-77.46979173530,37.58382707940
1703,-122.45384373800,37.49390810290
1704,-122.51505680300,37.58443978300
1705,-87.48772976190,37.58455003180
1706,-77.47655071780,37.58793110760
1707,-120.95486205400,37.58987161350
1708,-79.03485700240,37.59006142800
1709,-77.46890070860,37.59019908630
1710,-121.34264070900,37.59782209700
1711,-97.32299972940,37.60171909690
1712,-88.99718072170,37.60373509270
1713,-122.19743829800,37.60406369240
1714,-77.36086472940,37.60746110350
1715,-122.39722474800,37.61434607750
1716,-97.32877773320,37.61527310140
1717,-77.55422973060,37.62395808550
1718,-79.58313566840,37.62512250970
1719,-122.43099274700,37.62716208850
1720,-113.11792450500,37.62918365920
1721,-122.40404672700,37.63312908030
1722,-77.45183672120,37.63578407600
1723,-77.42396371920,37.64022108270
1724,-77.41357771950,37.64476608280
1725,-122.09388872400,37.64482007990
1726,-77.60533174090,37.65551210170
1727,-82.78394973730,37.65706008500
1728,-104.79343174200,37.65717707780
1729,-77.45060371740,37.65764508940
1730,-82.90332044780,37.66540440410
1731,-121.45288177200,37.66935598380
1732,-77.64643472710,37.67026307060
1733,-97.40112871250,37.67324208840
1734,-85.84938570650,37.67526708280
1735,-122.47175371200,37.67884910320
1736,-97.31271272350,37.67910108690
1737,-85.86170670720,37.67941610870
1738,-97.18603773200,37.68298908730
1739,-122.13735872500,37.69015308580
1740,-122.09850571900,37.69024308010
1741,-121.92260972200,37.70068307590
1742,-85.83435571390,37.70230309750
1743,-121.73807598900,37.70302624510
1744,-89.88892771520,37.70572308620
1745,-85.87990474780,37.71935808540
1746,-81.19004074440,37.72661207820
1747,-83.01394471990,37.73179607800
1748,-122.40672872100,37.73525210700
1749,-87.07319671310,37.74060709580
1750,-121.56169172900,37.74267708790
1751,-97.31922872180,37.74339708330
1752,-83.08411771480,37.75176708800
1753,-92.55654233070,37.75486238990
1754,-121.44851481800,37.75992440030
1755,-83.32412571030,37.76027713420
1756,-97.32174872650,37.76177507020
1757,-77.11774367750,37.76247076140
1758,-87.16337671420,37.76559107530
1759,-83.56879472030,37.74142608500
1760,-121.33217371500,37.76692307280
1761,-122.40505474600,37.76725609360
1762,-87.36662140840,37.75453492600
1763,-122.39763872100,37.77160310610
1764,-121.18749871300,37.78205210140
1765,-122.17831772000,37.78389710830
1766,-122.39356173400,37.78439207620
1767,-122.39255371400,37.78511207170
1768,-122.38918832900,37.78773959750
1769,-85.44155097640,37.78805608420
1770,-82.80660631800,37.78873596450
1771,-121.30093472100,37.79099811110
1772,-80.86813031920,37.79236015050
1773,-79.39774473900,37.79426510970
1774,-87.55880974200,37.79777509170
1775,-75.59940022220,37.79840611010
1776,-77.46042191380,37.79847157620
1777,-122.27943272800,37.80053808160
1778,-122.28043174700,37.80271610830
1779,-121.99152215100,37.80734912140
1780,-87.56385870860,37.80992510350
1781,-77.93746275880,37.81228527790
1782,-96.90952411140,37.81443896990
1783,-84.32471006080,37.81934061230
1784,-92.14358074280,37.82359610080
1785,-92.11738171630,37.77099110400
1786,-80.27505632050,37.79624124310
1787,-79.96485274360,37.77310609270
1788,-122.26810174700,37.82457707950
1789,-92.16790772250,37.82483810500
1790,-122.30588373800,37.82549510380
1791,-122.29141170800,37.82769108820
1792,-122.29254571900,37.82835708650
1793,-88.94568259340,37.82994000390
1794,-79.66709186990,37.81810804910
1795,-122.29401270800,37.83204710020
1796,-122.48560474100,37.84239959020
1797,-78.82380769030,37.84367727140
1798,-81.24266891310,37.84638973280
1799,-83.86773785350,37.83763825460
1800,-122.22867273700,37.84913808620
1801,-112.83891997700,37.85158580690
1802,-87.57324573140,37.85747209280
1803,-121.21927212800,37.86774517080
1804,-80.56833344510,37.88010500330
1805,-85.70076140330,37.88269487190
1806,-122.30890771000,37.88561507670
1807,-76.87193974650,37.89611811140
1808,-122.07191971800,37.89763909700
1809,-85.06103770760,37.90306060960
1810,-82.73583574340,37.91605308100
1811,-85.98509674330,37.91613407570
1812,-122.35261260000,37.92166531640
1813,-122.36008171600,37.92360409650
1814,-122.36297073900,37.92535010950
1815,-104.82125778800,37.92737088170
1816,-76.86151770750,37.92887809150
1817,-77.47074571540,37.93613208330
1818,-87.54339273160,37.94281907060
1819,-90.13840875110,37.94498488450
1820,-91.82911619780,37.93826278680
1821,-79.21429624100,37.94715086390
1822,-121.30068273700,37.94815610360
1823,-122.05252471300,37.95910910870
1824,-121.24194871600,37.96125109600
1825,-122.50985072500,37.96212408140
1826,-76.71417791950,37.95035505840
1827,-76.55985574290,37.96940507180
1828,-81.28144470840,37.97199707260
1829,-78.21802797530,37.97880375340
1830,-122.29703528700,37.99420526580
1831,-122.06978673000,37.99466807490
1832,-122.03643274700,38.00571107420
1833,-96.67903164280,38.01051396830
1834,-87.47336604920,38.01253575490
1835,-121.89094524300,38.01765812780
1836,-121.75384172400,38.00503607640
1837,-84.14868273770,38.01957110180
1838,-121.75040373700,38.01968809370
1839,-78.53666973450,38.02073211040
1840,-78.52877674110,38.02670810180
1841,-84.28862072490,38.03683588090
1842,-78.50660070680,38.04001907980
1843,-84.41987074210,38.04107209600
1844,-84.45403471500,38.04308809090
1845,-91.48817836180,38.04411349880
1846,-84.56533773510,38.04592307600
1847,-84.68116771490,38.04693109460
1848,-78.80290424880,38.04305411100
1849,-122.12905171600,38.04827209170
1850,-84.43169673260,38.05469809570
1851,-77.35046973030,38.05555308300
1852,-77.34061473810,38.05950407910
1853,-88.92428691880,38.06042595790
1854,-84.73793073710,38.06881910570
1855,-97.32870313710,38.07386599400
1856,-75.57856599350,38.07892192320
1857,-122.23042770700,38.09163409930
1858,-85.87550373820,38.09296609690
1859,-85.70162373620,38.11390008650
1860,-84.52621474760,38.11624910220
1861,-79.04768971470,38.12110908170
1862,-83.77530725490,38.12393663120
1863,-82.63248929970,38.13405818960
1864,-122.56407921400,38.13435602170
1865,-81.43438433200,38.13260223850
1866,-77.50905956940,38.13958758850
1867,-85.58093754420,38.14009281500
1868,-121.39857316500,38.14035253650
1869,-104.65593878100,38.14709136710
1870,-112.61408072700,38.14815409500
1871,-84.66369753340,38.15928882970
1872,-87.46979970670,38.16968208780
1873,-87.55037674160,38.16805310980
1874,-84.81137072980,38.17384907040
1875,-85.15697630520,38.17206056790
1876,-121.26225451900,38.18047958030
1877,-90.38466586300,38.18157092290
1878,-85.81334072960,38.18517109340
1879,-85.72998270670,38.19008511130
1880,-87.89333263100,38.19720207890
1881,-96.44339743610,38.19892950120
1882,-87.06843036110,38.19942980660
1883,-91.16938278530,38.21423148650
1884,-122.13786273400,38.21660807540
1885,-85.50489274260,38.22245807450
1886,-86.66838163750,38.23309594360
1887,-85.62295474530,38.23814510900
1888,-77.14809615000,38.24240961950
1889,-86.27611172500,38.25138409270
1890,-86.05981603960,38.24977826780
1891,-88.23627385340,38.25292306200
1892,-83.42942007840,38.25573015010
1893,-85.74168274720,38.25807107910
1894,-85.72615774440,38.26170709660
1895,-88.58598478090,38.26621582070
1896,-97.57080481470,38.27424268990
1897,-88.93600773270,38.27509006990
1898,-85.80927274070,38.27588210280
1899,-122.67953567100,38.27932314450
1900,-85.64617471260,38.28872511140
1901,-122.03620574400,38.28910250110
1902,-75.63595173060,38.29993909970
1903,-85.85001570770,38.30333208980
1904,-81.56313574750,38.30893910560
1905,-85.58206774560,38.31493309510
1906,-81.56189374420,38.31668810770
1907,-85.62200972240,38.32307807230
1908,-78.30581358090,38.32394069030
1909,-83.05915225870,38.32619354150
1910,-88.95645571160,38.33628109930
1911,-77.49200372540,38.34061007140
1912,-85.75430072920,38.34565008170
1913,-87.59835574450,38.34810709070
1914,-85.70630372720,38.34582107070
1915,-76.57938635400,38.35331108780
1916,-76.45336774700,38.26532507190
1917,-121.47238901000,38.35433746790
1918,-81.63209373670,38.35905109620
1919,-112.66192702500,38.36530729930
1920,-75.59564973450,38.36791611020
1921,-121.95318271700,38.37342408990
1922,-84.57015688450,38.37388818690
1923,-82.67903672410,38.37425207780
1924,-121.36043476500,38.37511530640
1925,-81.60660574850,38.37524209820
1926,-82.60690173040,38.37958911070
1927,-78.91595309230,38.38577026360
1928,-89.33940564400,38.39090016470
1929,-75.57246572300,38.39551008860
1930,-76.95304879520,38.39982002390
1931,-104.61456722800,38.40812654270
1932,-82.34722108850,38.41500979000
1933,-96.23724873390,38.41542710150
1934,-76.71700473600,38.42767610700
1935,-82.69679370840,38.42810807830
1936,-95.86976142910,38.42754891230
1937,-81.82567472360,38.43057408680
1938,-90.91014872870,38.43891709290
1939,-82.08421690930,38.42062497250
1940,-78.00871171610,38.44586510580
1941,-122.72628274500,38.45983308350
1942,-77.66901867230,38.46148856360
1943,-75.79618412390,38.46886969720
1944,-95.50044040940,38.48041327090
1945,-85.25267704830,38.49707521990
1946,-90.33946774550,38.50384309140
1947,-90.67112670570,38.50551620180
1948,-77.87333538440,38.50752687370
1949,-85.77223319280,38.51378348140
1950,-121.77630017100,38.51390189160
1951,-89.70027565350,38.51756349930
1952,-90.19990003540,38.51868543140
1953,-75.55698628530,38.52306079410
1954,-81.34816122830,38.52434487670
1955,-76.79680389420,38.54611897970
1956,-90.42728073280,38.54855509560
1957,-76.01297973070,38.55248809270
1958,-121.47342872900,38.55868006970
1959,-81.63620680500,38.56509196070
1960,-121.51088674000,38.56838207200
1961,-97.62100772050,38.56841148160
1962,-77.33255849880,38.57092333660
1963,-121.56349173800,38.57623910960
1964,-112.60331671000,38.57709409600
1965,-81.05713824440,38.59711290130
1966,-112.31679542100,38.57967709730
1967,-96.05735669580,38.61029618280
1968,-90.20878771950,38.61038508350
1969,-121.95364315500,38.61050242430
1970,-78.71032058470,38.61067851430
1971,-90.06916172600,38.61892607720
1972,-90.18925772360,38.62042010650
1973,-77.80054170660,38.62086107740
1974,-87.53407879850,38.62151039420
1975,-80.75213673560,38.61857509970
1976,-121.51735774200,38.62507309890
1977,-76.91058572380,38.62616207000
1978,-82.87193890900,38.62681948970
1979,-84.57468486130,38.62835511900
1980,-90.34399474660,38.62935707350
1981,-90.14408670710,38.63320907660
1982,-90.44904271030,38.63866310150
1983,-90.18779973370,38.64134509570
1984,-121.17711890700,38.64246856570
1985,-75.59351674680,38.64360407580
1986,-122.87301334700,38.64651960680
1987,-121.37548172600,38.64652009690
1988,-88.97274579010,38.64922863640
1989,-90.12003870970,38.65194708190
1990,-95.19350153430,38.65368465120
1991,-104.70253174600,38.66517710740
1992,-90.02975071530,38.67227811020
1993,-121.74766724300,38.67990584780
1994,-85.78775374750,38.68177308320
1995,-90.66024181260,38.68245948440
1996,-84.95069376950,38.68645924350
1997,-76.64155272970,38.69452287880
1998,-76.58835874620,38.53670210660
1999,-76.87162472480,38.69575010270
2000,-120.87151230500,38.69930034910
2001,-90.33176374010,38.72842008850
2002,-90.43976372300,38.74862508230
2003,-89.90696372410,38.75237809170
2004,-90.04536571240,38.75750809530
2005,-81.68819971690,38.75783207430
2006,-120.57552571400,38.76163008130
2007,-90.19136119110,38.76773300300
2008,-90.40636474220,38.76945107860
2009,-112.10103925800,38.77096554770
2010,-76.06017748540,38.77470910250
2011,-90.33974672780,38.77583208600
2012,-82.98487040160,38.77768678570
2013,-77.66572173880,38.78247407570
2014,-121.21894814500,38.79154090660
2015,-77.17480771720,38.79178010380
2016,-77.04970770740,38.79367010730
2017,-77.03635173180,38.79313010040
2018,-77.05364974620,38.79445309840
2019,-77.01644371850,38.79546107570
2020,-90.59717374070,38.79850308820
2021,-77.59760973640,38.79981708770
2022,-90.83661874180,38.80637808270
2023,-89.57176603330,38.81338283730
2024,-76.73814571180,38.81401909240
2025,-76.91912671650,38.81948207450
2026,-95.89418524250,38.82054702020
2027,-94.85994270770,38.82486410420
2028,-123.01604672300,38.82641208830
2029,-91.20386160720,38.82588752550
2030,-80.66634822930,38.83529221820
2031,-76.86692673480,38.83967811200
2032,-121.94007872500,38.84758910360
2033,-77.41342865150,38.84985113860
2034,-78.54202686640,38.85266251020
2035,-111.29883871700,38.78863009700
2036,-110.92047005300,38.85516916620
2037,-75.57773961100,38.85763192280
2038,-112.45319168000,38.85927406230
2039,-88.75897922130,38.86269857190
2040,-98.90968676330,38.86427219300
2041,-98.48721401200,38.84890078180
2042,-77.06795074470,38.86491407420
2043,-111.55179913500,38.86494854700
2044,-77.05094071120,38.86574210430
2045,-77.06173113780,38.86734570700
2046,-98.06770434340,38.86871770200
2047,-76.98799471150,38.86932408240
2048,-77.04373171600,38.87245609020
2049,-97.64563172290,38.87456208030
2050,-76.97447674640,38.87504809010
2051,-77.08352074510,38.87531807290
2052,-77.05749270760,38.87691109600
2053,-84.62508873240,38.87704608690
2054,-87.43861831020,38.87742186050
2055,-76.99108172160,38.87758609380
2056,-77.01445472120,38.88219408960
2057,-77.21942072770,38.88735109180
2058,-76.96117472560,38.88793609630
2059,-77.06484573550,38.88979010260
2060,-77.06797774330,38.89035710720
2061,-77.06547573670,38.89153607340
2062,-77.06721270800,38.89336308120
2063,-77.06566472470,38.89222907030
2064,-77.06646571490,38.89446109410
2065,-77.18859570640,38.90062607260
2066,-99.32588175120,38.90196061260
2067,-77.05684470740,38.90221909570
2068,-77.01544474080,38.90500008370
2069,-110.54286593100,38.90491485670
2070,-77.94885646320,38.90542660340
2071,-91.56214544000,38.90288925160
2072,-76.95499174720,38.91781609460
2073,-76.93193372800,38.91896810370
2074,-76.93517372810,38.91911209410
2075,-121.05797095700,38.92201911850
2076,-89.24688530110,38.92226648420
2077,-77.07296371420,38.92860711020
2078,-77.06267670840,38.90521607030
2079,-97.27465757300,38.92996261520
2080,-77.21109572060,38.93171207720
2081,-111.84750573900,38.93317010840
2082,-104.81223274400,38.93638177810
2083,-77.08568073140,38.93798509120
2084,-94.74730773140,38.93874108380
2085,-94.40344628490,38.93539721650
2086,-94.53965073120,38.93889407380
2087,-85.84319116180,38.94254291380
2088,-76.88151571510,38.94302510060
2089,-91.92806268310,38.94419673740
2090,-76.85774674130,38.94500509840
2091,-76.71728371830,38.95429308520
2092,-93.14944381150,38.95722004210
2093,-92.74732613550,38.93631545940
2094,-77.41552731300,38.96063897760
2095,-109.81013971800,38.94343907390
2096,-109.40466827400,38.93955599010
2097,-77.03646872380,38.96278908220
2098,-77.03646872380,38.90716911180
2099,-77.18343874650,38.96386009650
2100,-92.30058574530,38.96436410620
2101,-92.35147172760,38.96654209060
2102,-83.64525620480,38.93464542370
2103,-83.32624997650,38.98196833440
2104,-76.16895871570,38.98088808670
2105,-99.73810474660,38.98374106990
2106,-76.57628972920,38.98460509800
2107,-93.55357935840,38.98983748410
2108,-77.03618974240,38.99159810760
2109,-95.69260474550,38.99160710710
2110,-76.88588972610,38.99185009130
2111,-77.03634273230,38.99203007890
2112,-110.18840123700,38.99272713360
2113,-76.37990232780,38.99390390000
2114,-95.69227172480,38.99471207400
2115,-95.68765473040,38.99419010750
2116,-88.91525127550,38.99530548180
2117,-90.97123444840,38.99859493110
2118,-96.90343034480,39.00081067540
2119,-81.63134058420,39.00361345750
2120,-123.12098807900,39.00531751630
2121,-93.95783644060,39.00833893350
2122,-78.29774674130,39.00958007710
2123,-77.15136272240,39.00988609930
2124,-80.46585211510,39.01345056490
2125,-77.01658770900,39.01543007700
2126,-77.10384273170,39.01955210430
2127,-76.95243574530,39.02100109380
2128,-76.94545173530,39.02234209180
2129,-100.15035515600,39.02355576020
2130,-95.62338573170,39.02718407230
2131,-76.94955572130,39.02728310740
2132,-95.34802555910,38.99679992930
2133,-84.59926772330,39.03483408060
2134,-77.14488272130,39.03696711060
2135,-94.67314774330,39.03999108280
2136,-94.36228774490,39.04191708440
2137,-122.07451749400,39.04272101720
2138,-83.02611273060,39.04522907980
2139,-84.46022673440,39.04592207750
2140,-95.08246733410,39.04835500990
2141,-83.95398598000,39.04970502090
2142,-95.77867171970,39.05341009640
2143,-76.63172071150,39.05663209840
2144,-82.74543707920,39.01151017060
2145,-89.75581228820,39.05843696400
2146,-96.15979710040,39.05821863560
2147,-94.49066370970,39.05897207230
2148,-76.64443772870,39.06530808300
2149,-96.54005480700,39.06242318200
2150,-75.55355672880,39.07092409740
2151,-76.62756272840,39.07976207150
2152,-84.79133500010,39.08805993790
2153,-88.58077770710,39.09515208330
2154,-84.52203872320,39.09546710500
2155,-84.52112074110,39.09628609330
2156,-94.59116671560,39.09631309190
2157,-84.52146271910,39.09704208680
2158,-94.57220372420,39.09748310000
2159,-120.94944874700,39.09782507800
2160,-77.55626372460,39.09863510990
2161,-82.48643762240,39.09891047600
2162,-94.62274772940,39.09905808270
2163,-94.63129772170,39.09168709710
2164,-75.95758781310,39.10019012950
2165,-84.28424074230,39.10160508590
2166,-77.57404770740,39.10238807700
2167,-94.68026674510,39.10487208370
2168,-94.57045771210,39.10604209270
2169,-94.81087473370,39.10609608890
2170,-94.59453270710,39.10684308280
2171,-84.50211271080,39.10900311050
2172,-100.54921519800,39.11179100700
2173,-76.77784474650,39.11442109600
2174,-78.19117770840,39.12022609840
2175,-76.58397573560,39.12955008320
2176,-76.50348873720,39.11591508300
2177,-112.24005759500,39.13627740420
2178,-108.70935353100,39.14172605290
2179,-108.32368174200,39.12745309260
2180,-77.84784436630,39.11530054930
2181,-74.75665172920,39.14785607390
2182,-74.86624473430,39.00878808640
2183,-84.53991274260,39.14894508720
2184,-88.50812974740,39.14944009750
2185,-87.40859902390,39.14946992260
2186,-94.39630090330,39.14980973950
2187,-76.64571573010,39.15272509520
2188,-76.82722774230,39.15832311050
2189,-84.43310072540,39.16368709980
2190,-76.73076572760,39.17031109050
2191,-94.55846973120,39.17050007850
2192,-84.48802774030,39.17458610780
2193,-74.82083073370,39.18031007410
2194,-76.87436971560,39.18160607360
2195,-78.13702472740,39.18456709230
2196,-85.95905892840,39.18850033660
2197,-109.08754324400,39.19055208320
2198,-94.61561972900,39.19244208670
2199,-76.76664871500,39.19722107150
2200,-76.69388372020,39.20181111050
2201,-76.67115872170,39.18029207500
2202,-76.63160371960,39.20275609110
2203,-76.62344074340,39.20469109130
2204,-74.86512872240,39.20641010670
2205,-94.49141974540,39.20653609820
2206,-76.60036472520,39.20687807620
2207,-84.46328674600,39.20875008070
2208,-76.62495272950,39.20881307730
2209,-82.23653371910,39.21053209180
2210,-84.46127970830,39.21163010460
2211,-84.45659971640,39.21178309460
2212,-84.68082573690,39.21430309930
2213,-78.14273973560,39.21482510810
2214,-123.20607257100,39.21604937590
2215,-78.13741174440,39.21696709540
2216,-76.70051671130,39.21831709200
2217,-76.65876572580,39.21910008310
2218,-84.73896571200,39.22015309930
2219,-77.27977814940,39.22178446410
2220,-84.36708571450,39.22552608720
2221,-91.00490099910,39.22647349780
2222,-80.29679072200,39.22894607580
2223,-76.62506972230,39.22920710130
2224,-84.44990373050,39.22984610200
2225,-84.63375571750,39.23047610320
2226,-76.64993670890,39.23183509930
2227,-76.66715372860,39.23300510740
2228,-76.71011971970,39.23525508800
2229,-100.90817775600,39.23707541200
2230,-104.87727943400,39.23837034310
2231,-94.50695374770,39.24231109320
2232,-76.45996917550,39.24362242430
2233,-94.75676670800,39.24403910720
2234,-94.44337774680,39.24456107280
2235,-94.45617571640,39.24508308160
2236,-76.64280870850,39.25013209050
2237,-76.68026671990,39.25066309790
2238,-122.18226094000,39.25118243840
2239,-76.82310571500,39.25277808750
2240,-94.65850472540,39.25436211110
2241,-88.14130548940,39.25719722390
2242,-120.72685656600,39.26676281960
2243,-81.49836273990,39.26767308910
2244,-81.14370409330,39.26110452010
2245,-76.63356571840,39.26981507640
2246,-76.62431372880,39.26791607340
2247,-74.63652814680,39.27033188260
2248,-84.35111074050,39.27088609160
2249,-76.55413173530,39.27322610780
2250,-80.28400170960,39.27860809610
2251,-76.61928271890,39.27922009820
2252,-75.59265904810,39.27934418220
2253,-76.62353073770,39.28166810770
2254,-76.61921072370,39.28415207300
2255,-81.65790215530,39.28536431230
2256,-81.81016771990,39.21573409070
2257,-103.51589677300,39.26919341370
2258,-103.05647315100,39.28513386820
2259,-76.60408173650,39.28520508910
2260,-76.55371771980,39.28726608170
2261,-76.53357572170,39.28790508240
2262,-85.08143354020,39.28205668680
2263,-80.76623749830,39.29017481200
2264,-84.44174971150,39.29044308610
2265,-74.96979871000,39.29201811010
2266,-80.39989472740,39.28372010070
2267,-102.59927674700,39.29443907880
2268,-81.93001031360,39.29500667330
2269,-76.82561672100,39.29639207890
2270,-94.50978623890,39.30339192240
2271,-76.74419374060,39.30595008980
2272,-82.94086699210,39.30696131720
2273,-82.10624070900,39.30991008630
2274,-75.84782150510,39.31718969620
2275,-102.16408576500,39.31822419270
2276,-76.53407973150,39.31828908960
2277,-94.69446870760,39.31881109750
2278,-74.99570971330,39.32886407720
2279,-101.72510519300,39.32833770760
2280,-120.45327041300,39.31441815570
2281,-82.08097770690,39.33167210510
2282,-108.19506827800,39.33543080450
2283,-84.28193672330,39.33658608170
2284,-120.17065170900,39.33728807810
2285,-85.43620506260,39.34639799820
2286,-94.75259072590,39.34719710880
2287,-91.20757171540,39.34882608680
2288,-91.20727473490,39.34904207330
2289,-76.49553274800,39.35091407780
2290,-75.00051573800,39.35171511030
2291,-77.12668095300,39.35344435550
2292,-101.29312319500,39.36633402360
2293,-76.51382074060,39.36980507300
2294,-76.74631772890,39.37312611020
2295,-123.33709473600,39.37739208660
2296,-84.36490772920,39.37948007760
2297,-89.64317681820,39.38455661570
2298,-87.78542658950,39.39565166510
2299,-77.42457572130,39.39784910640
2300,-76.66378773610,39.41150210460
2301,-74.55337773960,39.41379708190
2302,-77.43504271650,39.41535410780
2303,-103.90814190500,39.41638208600
2304,-112.04860901400,39.41644280910
2305,-76.64164774130,39.42011509350
2306,-87.41436872430,39.43078907410
2307,-85.99159132430,39.44614197810
2308,-94.32832819960,39.44779908240
2309,-77.99001218290,39.45031288260
2310,-88.34177622650,39.45051013990
2311,-80.15208045630,39.45128579980
2312,-83.97254106850,39.46993878850
2313,-76.83881070710,39.47410608500
2314,-87.02109075900,39.47489335600
2315,-122.19627264700,39.49006854230
2316,-87.41418873580,39.49065710540
2317,-107.94652855400,39.49307122310
2318,-76.22694342190,39.49986456420
2319,-75.64947873750,39.50010708260
2320,-81.45378112390,39.50338699460
2321,-82.35673918930,39.50518408920
2322,-119.99740994700,39.50895718310
2323,-75.71163274660,39.51093409530
2324,-84.32154552100,39.51391450530
2325,-94.78687082370,39.51917223060
2326,-77.60202147940,39.52362228830
2327,-91.34734445210,39.52434057870
2328,-85.74232777150,39.52995291210
2329,-119.68346216200,39.51776229240
2330,-107.64723271700,39.54409909140
2331,-74.46566374610,39.54671808990
2332,-76.36814731010,39.55377297900
2333,-104.87072373800,39.55489010700
2334,-104.77559372100,39.55026406990
2335,-105.04480657500,39.56767612020
2336,-123.43531869900,39.56838389380
2337,-86.63539411090,39.56886637830
2338,-107.36427389200,39.56113647780
2339,-79.97596773810,39.57844309420
2340,-74.45708671300,39.58006307360
2341,-82.95408921870,39.59021140750
2342,-119.38850021600,39.59020103030
2343,-74.79884404980,39.59366002250
2344,-83.65234005570,39.59554454280
2345,-75.08003945010,39.60364960990
2346,-106.27474749700,39.60590185860
2347,-106.09396773900,39.59521010120
2348,-77.78550271460,39.61710706950
2349,-75.64374573030,39.61838507090
2350,-84.23044773750,39.62043710620
2351,-104.68561136100,39.62190756430
2352,-107.10706474500,39.62615563610
2353,-75.95428862500,39.63346898140
2354,-104.90810071300,39.63469310800
2355,-105.16693171900,39.63672710200
2356,-106.54682973900,39.63851746600
2357,-77.99283148020,39.62529520070
2358,-104.91854970900,39.65290910450
2359,-106.82342673600,39.66291708670
2360,-76.16978674670,39.66766007430
2361,-94.23472428250,39.67203981400
2362,-79.65214250790,39.65652702670
2363,-78.94761872330,39.63814009430
2364,-78.68462002730,39.67667237020
2365,-76.15926571290,39.67783908770
2366,-77.34675007680,39.68307996070
2367,-111.83596772900,39.68355409490
2368,-75.65591374100,39.68401310800
2369,-90.80660757010,39.68030469150
2370,-90.41078809550,39.68135941550
2371,-87.40269451240,39.69343953820
2372,-75.61655672560,39.69668508530
2373,-79.28861552420,39.70007128470
2374,-105.84398642100,39.70205148750
2375,-119.10073173900,39.70230109970
2376,-75.48431971590,39.67873007120
2377,-86.10835174620,39.70358810060
2378,-94.78844671560,39.70805210590
2379,-76.64602089430,39.70898053180
2380,-105.19458873500,39.71141809840
2381,-78.43017276970,39.66717245460
2382,-86.26450172020,39.71302007870
2383,-78.18857670890,39.71387510740
2384,-105.32567373500,39.70495609620
2385,-75.58425571630,39.71434307680
2386,-91.39197270880,39.71482908750
2387,-82.60696433130,39.71545025550
2388,-104.22818544600,39.71733094120
2389,-94.78875273780,39.72420711080
2390,-94.77011372550,39.71953607700
2391,-105.17949574600,39.72529608180
2392,-122.20553372200,39.72550311030
2393,-105.01312172000,39.72567409930
2394,-74.26625305060,39.72676719910
2395,-86.04473074770,39.73213610140
2396,-84.09270270670,39.73593410750
2397,-90.03153933380,39.73713338130
2398,-91.19447672300,39.72120109450
2399,-104.68598072500,39.74008309110
2400,-83.33992797500,39.74090762460
2401,-89.63611773900,39.74340408590
2402,-81.53320116930,39.74752958460
2403,-84.20479771740,39.74766110420
2404,-75.28381532700,39.74880456520
2405,-86.14566572500,39.75304309160
2406,-80.08146358040,39.75915964790
2407,-91.30343072740,39.75966708320
2408,-105.59007606500,39.76445248010
2409,-94.86082473490,39.76862209140
2410,-123.54587478800,39.77046593550
2411,-75.04864773090,39.77062908780
2412,-84.18703173360,39.77233010420
2413,-104.82749672200,39.77263608410
2414,-94.80333271770,39.77703709280
2415,-104.89561772300,39.77799107290
2416,-88.26434743390,39.77918711910
2417,-104.98949673700,39.77999811150
2418,-86.14122871820,39.78200510780
2419,-105.07414171900,39.78638807610
2420,-86.03500174780,39.79906909530
2421,-89.59545572460,39.80165209570
2422,-75.31100671940,39.80401011180
2423,-75.34832074040,39.80287610090
2424,-86.27524773910,39.80544110310
2425,-75.45428672760,39.81362207750
2426,-104.98330471800,39.81703310890
2427,-104.96426973100,39.82367509860
2428,-75.87833028420,39.82664530570
2429,-104.98342171000,39.82760809650
2430,-78.27502360090,39.83153247800
2431,-85.56959362180,39.83460603520
2432,-89.25607823580,39.83662610050
2433,-75.09425971910,39.84453709210
2434,-75.38794773770,39.84703009920
2435,-85.10368320110,39.85401288070
2436,-75.09825571270,39.85506708310
2437,-94.81076674040,39.85804609990
2438,-84.05685571640,39.86063810080
2439,-86.27438371090,39.86377910710
2440,-83.99416174180,39.86495807250
2441,-84.05051070710,39.86533609080
2442,-84.65148337040,39.83499393710
2443,-84.18893073670,39.86560607270
2444,-75.34265972850,39.86738808380
2445,-75.10177473650,39.86740608190
2446,-123.71376271700,39.86822507110
2447,-75.10213471350,39.87479510790
2448,-83.00363071550,39.87511008740
2449,-91.33569353890,39.87629382000
2450,-75.54676170680,39.88086109360
2451,-94.85628873430,39.88628807850
2452,-83.03847872800,39.89241710130
2453,-86.05405473250,39.89483807080
2454,-77.66409112760,39.89848718420
2455,-94.15157973170,39.89964409550
2456,-82.89817773670,39.90195707180
2457,-75.11238572220,39.90200211160
2458,-87.44051006020,39.90217899750
2459,-75.14952871200,39.90859910470
2460,-88.93820607150,39.90906282390
2461,-83.70732856540,39.91118895970
2462,-82.92064171050,39.91762610820
2463,-118.79894444000,39.92282311670
2464,-105.10948197500,39.92359826040
2465,-86.26834472380,39.92430409600
2466,-77.15964550540,39.92510502680
2467,-86.26283674410,39.92864210890
2468,-86.15803172330,39.93022609030
2469,-86.27301571530,39.93070310150
2470,-86.33901272810,39.93109907570
2471,-82.92761672100,39.93212509330
2472,-82.85197174540,39.93411409060
2473,-75.36506974840,39.93718310260
2474,-83.41586083350,39.94758747810
2475,-82.41650673670,39.94443674560
2476,-83.01676174820,39.95099809040
2477,-83.01430473920,39.95182607820
2478,-81.98190840550,39.94731091680
2479,-80.16715398870,39.95367617250
2480,-75.14049270900,39.95400521740
2481,-82.98446073890,39.95443607810
2482,-75.14955571050,39.95444507760
2483,-75.14783673740,39.95529110670
2484,-75.14049270900,39.95549809290
2485,-75.15167974100,39.95666810100
2486,-75.14731472950,39.95733410020
2487,-75.14045671090,39.95846811110
2488,-75.18199171070,39.95963807690
2489,-123.78428316800,39.96001374890
2490,-74.91815320890,39.96035080940
2491,-74.20612469880,39.96161754230
2492,-111.78806502200,39.96399085410
2493,-86.65044259530,39.96428985080
2494,-74.90946534780,39.96589258030
2495,-83.06167173910,39.96785509160
2496,-83.02231472450,39.96968209940
2497,-82.98380373920,39.97219310460
2498,-83.02075774180,39.97580208130
2499,-83.01503373410,39.97371409020
2500,-83.11984771220,39.97591907320
2501,-76.72978470660,39.98405509320
2502,-78.24301460950,39.98504404520
2503,-78.25667071230,39.98709710570
2504,-78.24130539220,39.99078866900
2505,-89.51316423290,39.99201005440
2506,-79.00541672040,39.99272207830
2507,-78.76002367440,39.97761827300
2508,-79.03819474090,39.99789707860
2509,-81.55872573930,39.99879710480
2510,-78.23888672850,39.99935511070
2511,-78.23250572210,39.99945410450
2512,-105.25870474400,40.00001211050
2513,-122.20620059600,40.00130820350
2514,-75.19461873370,40.00446707400
2515,-91.30825470980,40.00733809760
2516,-78.39474406850,40.01077821840
2517,-82.90058070720,40.01126209600
2518,-88.62990267030,40.03060820390
2519,-95.11559435270,40.03264828630
2520,-76.52810526530,40.03455625830
2521,-79.05430470680,40.03522009910
2522,-85.72901642660,40.03633588350
2523,-79.05513273690,40.03685807750
2524,-75.58161534190,40.03756166660
2525,-79.05552871110,40.03789309470
2526,-79.05602372130,40.03928808800
2527,-78.51774274120,40.04991707180
2528,-80.73330873610,40.04908008450
2529,-80.66381973950,40.04911608160
2530,-81.20290816510,40.05900868080
2531,-104.65300393400,40.06396394710
2532,-75.32166274310,40.06491110950
2533,-80.84085874770,40.06771009640
2534,-74.96060071750,40.07030209730
2535,-76.32550474830,40.07133707210
2536,-76.28789374690,40.06718808860
2537,-80.74003086170,40.07155931260
2538,-123.79098271700,40.07346110260
2539,-77.88860349590,40.07581148530
2540,-75.40675773820,40.07978807070
2541,-75.39459872690,40.08346908480
2542,-77.41594671640,40.08886569970
2543,-75.66624926800,40.06783708340
2544,-75.41489551990,40.09008098420
2545,-75.41413772240,40.09027310630
2546,-75.40870173790,40.09171309720
2547,-74.75124657800,40.09492306440
2548,-74.72870673190,40.09767108950
2549,-87.03792540130,40.09950638550
2550,-74.72204674320,40.10446606930
2551,-74.99668173480,40.10806608870
2552,-82.97757572170,40.11133308740
2553,-76.78469279430,40.11201150530
2554,-83.01668071110,40.11213407750
2555,-83.03534672120,40.11232310690
2556,-75.27712172790,40.11310609900
2557,-80.45609631180,40.11498619470
2558,-88.30522473340,40.11981108440
2559,-87.45173674160,40.12069311160
2560,-87.72651176480,40.12742009720
2561,-88.00840388600,40.12002433440
2562,-79.01421873870,40.12842407330
2563,-79.01438972770,40.12902707590
2564,-79.31580830240,40.12186607310
2565,-74.88917589340,40.12914713450
2566,-76.52322970690,40.12912791510
2567,-74.96714371440,40.13127709880
2568,-118.50840808200,40.13774790340
2569,-88.28370574020,40.14604610890
2570,-76.18579351720,40.14653401450
2571,-104.97950593300,40.15733346670
2572,-80.19516274790,40.16112109910
2573,-75.89806773390,40.16142707900
2574,-75.12310833270,40.16145441930
2575,-79.89376991890,40.11027212300
2576,-74.10035374310,40.17030109250
2577,-74.35182486980,40.15480020510
2578,-77.52758672590,40.17675702420
2579,-89.41612173910,40.17835607550
2580,-74.72182171570,40.18276608370
2581,-75.91860570710,40.18496211030
2582,-86.56265379080,40.18515055160
2583,-80.24496871630,40.18796808350
2584,-95.35399773650,40.18921908630
2585,-104.28880877000,40.19058877090
2586,-86.12814373710,40.19293757430
2587,-74.87870972550,40.19306208990
2588,-74.60061874810,40.19342210830
2589,-76.97525073800,40.19551009940
2590,-84.20493167600,40.20443130940
2591,-111.65886572500,40.20771410730
2592,-74.76760473430,40.20911810010
2593,-76.70726592990,40.20951404460
2594,-76.75293125060,40.21055073630
2595,-76.76024970950,40.19939809970
2596,-76.87906774700,40.21171910050
2597,-94.01327124420,40.21459331840
2598,-76.78666472160,40.21470707460
2599,-76.08326023870,40.21860186030
2600,-76.78784372920,40.21929707130
2601,-79.60219773620,40.21937810830
2602,-76.75751371820,40.22539909730
2603,-88.53855250820,40.22659704100
2604,-80.66423882810,40.22730748390
2605,-77.13448989850,40.22805514960
2606,-76.39577277460,40.22615562860
2607,-76.93256372910,40.23159107440
2608,-76.97762671090,40.23781009140
2609,-76.89482673540,40.23853008680
2610,-78.45953779910,40.24044448620
2611,-75.61641313630,40.23385775710
2612,-87.42352715210,40.24514818060
2613,-103.89891950000,40.24487631650
2614,-76.81176573520,40.25289408100
2615,-83.06684674030,40.26120109000
2616,-75.91508672470,40.26227210430
2617,-122.26695605900,40.26442310090
2618,-123.84798680600,40.26442804990
2619,-75.91432173260,40.27160508860
2620,-75.91430373350,40.27161408810
2621,-77.00206172530,40.27435007850
2622,-78.85602367500,40.27456937190
2623,-89.20563341950,40.28229322630
2624,-74.69603674610,40.28347607580
2625,-81.55303349570,40.28470374570
2626,-85.55840707720,40.29784687600
2627,-75.90135273160,40.29808309650
2628,-80.16803727670,40.29831150450
2629,-75.89818472670,40.30675008160
2630,-76.83513873480,40.30837910270
2631,-103.51510894100,40.30866637940
2632,-75.93357274620,40.32453410670
2633,-79.68727474570,40.32936034810
2634,-88.77584578870,40.34367112400
2635,-87.34912774640,40.34932009850
2636,-74.12780454400,40.35648027940
2637,-74.46951017080,40.36000615880
2638,-75.39819218220,40.36415322320
2639,-82.84192002650,40.36482816080
2640,-75.99124470960,40.36692409290
2641,-76.68120989920,40.37187500370
2642,-80.61162871590,40.37433107560
2643,-111.55549526400,40.37694885550
2644,-80.59995571540,40.38456408530
2645,-89.45541355280,40.39098726190
2646,-111.84477379400,40.39788569510
2647,-75.93835173090,40.41160909950
2648,-95.55818305050,40.41232377090
2649,-86.81807371830,40.41465107070
2650,-88.12148224880,40.41740983550
2651,-80.10608971690,40.42337209420
2652,-76.52125472100,40.42546908390
2653,-80.38925411890,40.42063422970
2654,-123.98356863700,40.42886908150
2655,-118.29173034400,40.43073435550
2656,-79.75001374580,40.43670107130
2657,-78.42711272660,40.43856407630
2658,-80.00940271610,40.43975208340
2659,-79.99615473380,40.43434309750
2660,-78.43470873960,40.44022909460
2661,-80.00867372110,40.44598910030
2662,-89.02181372360,40.44681708810
2663,-80.16616473440,40.44750108640
2664,-80.02557571900,40.44935509190
2665,-78.75960871190,40.45240610490
2666,-79.99721670720,40.45415207570
2667,-78.76364074490,40.46259407560
2668,-78.76422570630,40.46389007600
2669,-80.19863673270,40.46920010950
2670,-86.10785137600,40.47130802590
2671,-74.29584273350,40.47170207380
2672,-78.59345710680,40.44650481740
2673,-76.25846720560,40.48321736020
2674,-104.99213039700,40.48746303260
2675,-111.41251770900,40.49282509280
2676,-122.34401419000,40.51666494750
2677,-80.62503064500,40.51900173330
2678,-74.30067571440,40.51907807410
2679,-80.27235570760,40.52329909430
2680,-74.33750372470,40.52830310650
2681,-74.29910973210,40.53187608510
2682,-89.02442372260,40.53674510640
2683,-83.07459082400,40.53930887300
2684,-89.00590174530,40.53930110920
2685,-74.30852371030,40.54091208900
2686,-81.50230637230,40.54767026310
2687,-84.16993330220,40.55552699140
2688,-75.99812972580,40.55713908820
2689,-74.51064699310,40.54002912830
2690,-103.21102401300,40.56083106690
2691,-82.62669573400,40.56672885690
2692,-93.94538993320,40.56723822570
2693,-124.14998370900,40.57432011070
2694,-75.55887522940,40.57964810280
2695,-75.77838108890,40.57655491250
2696,-80.09990673840,40.58649707870
2697,-78.31707392930,40.58658257720
2698,-79.88928401420,40.59082950960
2699,-74.23449871310,40.59370607390
2700,-75.33618872770,40.59652310130
2701,-74.03505872770,40.60947410310
2702,-73.90832821650,40.59573990690
2703,-73.54850971680,40.61058107330
2704,-73.50820772160,40.59632507230
2705,-89.24466556840,40.61338480510
2706,-111.43706699300,40.61880652990
2707,-76.43561099740,40.61920409590
2708,-89.48429673720,40.62064309480
2709,-87.38104183680,40.62183782620
2710,-74.17383873340,40.62222707610
2711,-80.58635671330,40.62435110660
2712,-89.51832571920,40.63303609070
2713,-111.90511474800,40.63474610570
2714,-74.02184674250,40.64076709380
2715,-74.20589671620,40.64109107280
2716,-73.26351572410,40.63939909820
2717,-74.64532171050,40.64241407180
2718,-74.23027773430,40.64054210860
2719,-87.01541602880,40.64522003840
2720,-76.14997721360,40.64318311620
2721,-95.74579427470,40.64783479560
2722,-74.47707435230,40.64968061910
2723,-75.01712223490,40.64942882150
2724,-73.56794071980,40.65859607420
2725,-85.50075757710,40.65924798740
2726,-80.09082253710,40.66079319450
2727,-74.18109272610,40.66609309260
2728,-73.80169771040,40.66627308110
2729,-73.79084374130,40.64483508270
2730,-80.59391672830,40.66646211140
2731,-73.74006570920,40.66647111010
2732,-73.51437274240,40.67141208430
2733,-118.06811828600,40.67918701570
2734,-74.00370274040,40.67971009370
2735,-74.19266673290,40.68148310450
2736,-80.33419284510,40.68331105390
2737,-73.72607973240,40.68647807580
2738,-73.57496072700,40.69069009740
2739,-99.38692471090,40.68994310340
2740,-98.91602668070,40.69033187130
2741,-73.51934971470,40.69860108900
2742,-116.79698373400,40.61543753640
2743,-116.43324099100,40.66187662120
2744,-73.49031574550,40.70125608550
2745,-74.24593772890,40.70563009570
2746,-111.79672770700,40.70635009110
2747,-74.15168073950,40.70653907910
2748,-74.01585271070,40.70734011160
2749,-80.68580674440,40.70810510370
2750,-74.16073474150,40.70954509450
2751,-111.79136371800,40.71118307290
2752,-73.48221572360,40.71139010140
2753,-74.32361674170,40.71169608130
2754,-111.81366574500,40.71438707500
2755,-73.82596173660,40.71530510030
2756,-88.02787982460,40.71590812270
2757,-88.73979632140,40.71646312040
2758,-112.51484672400,40.70557609950
2759,-112.23623211000,40.71735772910
2760,-75.62415273780,40.71742908850
2761,-111.90368371400,40.71787010160
2762,-74.33520874750,40.72094807090
2763,-78.18528271260,40.72175810200
2764,-74.54490319050,40.72321148910
2765,-73.72473873530,40.72440409900
2766,-74.01102872840,40.72595208310
2767,-116.06314638900,40.72627604050
2768,-73.75622071400,40.72595208310
2769,-73.28668173660,40.72639309630
2770,-74.05036774480,40.73097409350
2771,-111.49782873200,40.73146910370
2772,-113.56713540300,40.73328060900
2773,-113.20126755400,40.72666019400
2774,-73.92187474490,40.73370108520
2775,-74.12354715530,40.73508082330
2776,-73.28717674680,40.73600510430
2777,-74.36959774780,40.73957808290
2778,-73.84557272730,40.73977607040
2779,-113.93298173700,40.74088772960
2780,-73.95465272310,40.74151308400
2781,-89.66763571490,40.74249410400
2782,-73.83772473050,40.74328609470
2783,-73.73239774410,40.74380810350
2784,-73.77152073160,40.74413208240
2785,-73.27822173850,40.74560807050
2786,-73.17846572660,40.74598608790
2787,-73.16442571140,40.71641207040
2788,-74.12071172780,40.74692211130
2789,-73.97519973720,40.74452809890
2790,-111.64383300400,40.74695267830
2791,-86.12780074740,40.75131407910
2792,-73.74447571830,40.75382508520
2793,-74.16768271210,40.74818207220
2794,-74.11851574430,40.75386108230
2795,-73.89871773100,40.75413110740
2796,-73.61543371200,40.75584108010
2797,-73.61870970930,40.75588607770
2798,-80.22449432620,40.75667269580
2799,-73.62117571780,40.75679510250
2800,-83.23340366800,40.75726887980
2801,-73.85230471130,40.75820809480
2802,-74.20885773490,40.75928810960
2803,-74.00985872030,40.76257310640
2804,-74.00278471600,40.76015209540
2805,-111.91474471200,40.76364407930
2806,-73.83992971440,40.76446310990
2807,-111.95096972000,40.76534509480
2808,-73.90453173300,40.76816208080
2809,-122.31451472500,40.76965611010
2810,-86.12831371440,40.77073608260
2811,-73.56659072320,40.77102410580
2812,-73.04670572810,40.77209507870
2813,-73.04249370650,40.75073807500
2814,-76.22403872140,40.77292310880
2815,-74.04586774140,40.77754910360
2816,-73.01584470970,40.77913308490
2817,-74.05665871560,40.78034809060
2818,-99.84832792020,40.78167930220
2819,-82.41256470780,40.78239108410
2820,-73.62294872940,40.78321007330
2821,-73.55559272050,40.78277810100
2822,-81.51107971490,40.76128610640
2823,-81.38473774320,40.78510007680
2824,-82.16521495910,40.78523874330
2825,-74.04972213860,40.78777031680
2826,-73.79063671200,40.78825008270
2827,-102.89528416600,40.78882257310
2828,-73.82220872730,40.79012208810
2829,-80.12539065190,40.79162814310
2830,-117.12816465500,40.79168312680
2831,-73.48735472670,40.79501810700
2832,-73.47595170900,40.79756511020
2833,-124.17506672300,40.79871165410
2834,-81.71360647040,40.79891577770
2835,-81.51620071900,40.76091708760
2836,-73.48884871470,40.79947307050
2837,-81.91963473270,40.79397409030
2838,-73.91606974250,40.80312708610
2839,-74.07115774300,40.80370309020
2840,-72.87065674030,40.80417110280
2841,-72.87075573410,40.74316910280
2842,-73.28104772320,40.80496309350
2843,-112.86160576800,40.80668697150
2844,-98.46059839170,40.80730270770
2845,-89.05453248600,40.80735729560
2846,-74.44858171830,40.81039007750
2847,-104.97466320700,40.81533255280
2848,-73.05454472450,40.82042510050
2849,-73.81510772440,40.82078507670
2850,-97.03733973740,40.82110909790
2851,-96.86637325200,40.82054945430
2852,-97.98872879420,40.82206416350
2853,-97.51305648990,40.82198010120
2854,-73.88731471330,40.82247709350
2855,-74.12459972810,40.82331408180
2856,-73.02039870830,40.82348506990
2857,-83.98781673250,40.82498809870
2858,-81.39683371640,40.82830009500
2859,-111.39127345000,40.82864967130
2860,-73.83721172210,40.82885810090
2861,-84.15827862000,40.83291414410
2862,-80.36767471280,40.83383507230
2863,-74.02037971180,40.83533810120
2864,-111.91595971800,40.83547309210
2865,-73.88182473260,40.83578807250
2866,-73.87370671170,40.83634607750
2867,-73.82473773150,40.83634607750
2868,-73.87719873780,40.83676909250
2869,-73.88093370590,40.83751608650
2870,-73.31711116050,40.83992215250
2871,-122.32823971900,40.84007208930
2872,-72.89060970900,40.84404108430
2873,-73.92699570680,40.84510309910
2874,-77.98077661940,40.84541774670
2875,-74.01623072820,40.84598508400
2876,-74.00505273700,40.84311410180
2877,-74.17594472350,40.85348210330
2878,-73.96343674240,40.85388707700
2879,-72.68806076180,40.85544343480
2880,-73.97515474050,40.85863010600
2881,-74.36682571710,40.85890008790
2882,-84.32135673350,40.85932310290
2883,-73.06878272720,40.86076309370
2884,-73.82762671270,40.86079009230
2885,-96.71609373850,40.86241007080
2886,-96.70712073120,40.81663609400
2887,-74.41654173360,40.86422807910
2888,-74.01069570760,40.86479508450
2889,-73.02410672100,40.86795408990
2890,-76.03378168190,40.86949586960
2891,-90.04374588860,40.87022065130
2892,-87.43529143650,40.87227859600
2893,-115.72328372000,40.87381308940
2894,-74.16801573190,40.87564009720
2895,-74.16645870690,40.87572109200
2896,-114.24399134300,40.87669430230
2897,-93.80160387200,40.88106288500
2898,-84.57518196970,40.88548787240
2899,-81.61642592610,40.88551881080
2900,-74.13217774210,40.88609809210
2901,-73.81524271630,40.88671009420
2902,-87.20085070210,40.88778089000
2903,-74.13107972830,40.88980610390
2904,-75.64588383430,40.89003571070
2905,-72.50111671680,40.89014808190
2906,-73.81598970940,40.89193009210
2907,-72.88348170760,40.89589908810
2908,-80.72249972240,40.90045308670
2909,-74.10936274850,40.90327007280
2910,-81.16807173850,40.90368408830
2911,-102.51256173200,40.90400810860
2912,-80.49517083760,40.90438739500
2913,-82.15008931920,40.90820859010
2914,-74.17407271810,40.90836407920
2915,-83.82321571770,40.91471808810
2916,-96.47078535290,40.91819875310
2917,-80.13290074550,40.91843509940
2918,-72.88046673500,40.92080207190
2919,-72.71972672200,40.92267407630
2920,-80.84074171360,40.92405107150
2921,-74.78823590960,40.92596349510
2922,-80.86673371070,40.92549110460
2923,-73.12010072410,40.92640908670
2924,-73.84001070910,40.92788507560
2925,-117.80506679300,40.92845374480
2926,-95.79865750190,40.92960355240
2927,-81.43476544490,40.93105339800
2928,-73.85660672710,40.93145809650
2929,-102.32218911300,40.93154173350
2930,-73.00904072950,40.93321310910
2931,-73.80751171230,40.93505807370
2932,-81.11282974330,40.93727209840
2933,-72.65728473200,40.94021507590
2934,-83.40025170810,40.94051209860
2935,-117.48197371600,40.94428310610
2936,-80.63755771730,40.95421009350
2937,-77.76889773930,40.95628008560
2938,-73.85145872440,40.95686509010
2939,-80.64284971130,40.95830508090
2940,-85.29146673810,40.96023108250
2941,-85.12184301240,40.96572770110
2942,-100.28717124000,40.96961031810
2943,-111.43874373400,40.97039209600
2944,-88.55311321560,40.97427780040
2945,-73.91199960790,40.98597359060
2946,-73.67034272780,40.98742908580
2947,-73.83942574690,40.98902210890
2948,-80.38969771490,40.99258608800
2949,-75.14191474310,40.99298210440
2950,-75.14416472360,40.98966110960
2951,-83.65232373220,40.99563710100
2952,-124.11268967200,40.99835138350
2953,-87.90601895610,40.99883262150
2954,-77.60628710960,40.99957388590
2955,-84.80783370700,41.00002911020
2956,-75.27944337630,41.00255325620
2957,-122.40941870100,41.00662921760
2958,-73.71717872030,41.01419507540
2959,-111.94045873700,41.01491614650
2960,-74.29671669910,41.01764965650
2961,-73.71536071200,41.01876707310
2962,-81.50078370860,41.02418510090
2963,-78.15362547760,40.98669476330
2964,-81.50177372910,41.02526507330
2965,-73.73181273960,41.02603010770
2966,-102.15491073700,41.02636308620
2967,-83.67298773900,41.02817209500
2968,-80.39011173040,41.02850507350
2969,-81.89042073350,41.03052111070
2970,-73.72395574420,41.03093508390
2971,-80.73975273920,41.03236607520
2972,-115.37510347900,41.03376497340
2973,-81.56899474610,41.03549808300
2974,-81.56564671130,41.03546208490
2975,-73.67567971850,41.03642510680
2976,-76.56905717530,41.00292472120
2977,-76.28848068580,41.01099290620
2978,-81.66289171720,41.03967410650
2979,-90.33445489840,41.03978490300
2980,-73.54525757850,41.04652021350
2981,-76.01312372210,41.04655008180
2982,-86.22471438910,41.04703923030
2983,-76.84011574840,41.04943910440
2984,-73.80992372460,41.05431708300
2985,-77.43672573300,41.05453311090
2986,-80.12513375150,41.05557383250
2987,-73.83531271910,41.05651310870
2988,-73.82264074090,41.05887108160
2989,-84.97829372030,41.05962707510
2990,-81.56621371590,41.05995109640
2991,-84.98108370770,41.06061709470
2992,-75.85313547400,41.05396934390
2993,-81.50550873940,41.06168810990
2994,-84.98957074660,41.06293907050
2995,-74.05701873400,41.06615207300
2996,-75.69413674460,41.06834809870
2997,-77.14137115290,41.04311177850
2998,-85.03808071470,41.06988708330
2999,-75.39495874530,41.07064307590
3000,-96.28531843350,41.07185236730
3001,-111.72291762800,41.07712498630
3002,-114.59010653200,41.07433068390
3003,-75.54545351520,41.07654459990
3004,-80.63500223530,41.07992531330
3005,-89.07245208660,41.08920595620
3006,-74.03943273780,41.09771508780
3007,-73.57357931340,41.10110949070
3008,-73.99238071740,41.10171108140
3009,-73.42026874290,41.10684108500
3010,-100.73976153000,41.10750754020
3011,-80.83787973090,41.10935209110
3012,-81.17863528680,41.10576621170
3013,-102.60039830900,41.11340901380
3014,-104.85081572500,41.11373510080
3015,-78.54451578880,41.11439679410
3016,-105.22702940700,41.10455057470
3017,-114.98028036600,41.11765080020
3018,-85.18137872270,41.11779409010
3019,-101.68828930600,41.11917137040
3020,-85.18661671970,41.12234808970
3021,-74.16448770860,41.12322107510
3022,-81.65303672500,41.12326607270
3023,-80.75016573740,41.12445407980
3024,-80.74834772910,41.12498508720
3025,-80.74639472980,41.12726210770
3026,-101.21575031300,41.13590910080
3027,-103.05381457500,41.13702617840
3028,-73.43121270620,41.14152710810
3029,-87.45410533190,41.14502333770
3030,-80.67442172570,41.14999610650
3031,-78.96088474690,41.13971809930
3032,-104.39929620800,41.15774536410
3033,-81.78560671320,41.16195708790
3034,-85.10352872100,41.17118207900
3035,-73.19186674120,41.17143410500
3036,-87.27674877390,41.17258539460
3037,-85.55290699090,41.17539615190
3038,-80.44340972500,41.18461909160
3039,-122.28868471700,41.18492507150
3040,-80.30155449920,41.18397154730
3041,-112.00849773500,41.18749907330
3042,-77.30257311700,41.18971582300
3043,-79.35693353250,41.17828446500
3044,-73.80606650990,41.19056983000
3045,-103.95226230800,41.19228160500
3046,-73.29111864980,41.19291864340
3047,-88.31519150780,41.19578431690
3048,-80.15982872460,41.19796610990
3049,-79.75013662650,41.17486046080
3050,-111.10862140700,41.20050694650
3051,-74.03306246210,41.20773017710
3052,-75.88601906320,41.21437765450
3053,-75.80407488700,41.21440311700
3054,-75.48365756930,41.22149265710
3055,-103.49637731700,41.22102911410
3056,-124.09246473500,41.22371508150
3057,-96.08715574610,41.22465110490
3058,-73.68294569840,41.22659824680
3059,-95.95242573030,41.22629808190
3060,-80.70885572270,41.22811609020
3061,-81.62760273290,41.22862009990
3062,-95.83907071620,41.22880908800
3063,-95.89378174540,41.23213008280
3064,-77.03975372150,41.23186010010
3065,-93.78061021870,41.23257850640
3066,-73.15360773950,41.23675607670
3067,-73.05562154030,41.23738951240
3068,-76.81273786550,41.23924712960
3069,-81.07409515680,41.24294151390
3070,-81.58551894240,41.25289989400
3071,-81.37142672290,41.25588109980
3072,-81.36323670670,41.25621407740
3073,-81.50135071410,41.25855409450
3074,-95.90766872840,41.26181209370
3075,-87.84418835760,41.26764821080
3076,-85.91097925900,41.26934614700
3077,-80.77766072200,41.27408809680
3078,-81.63619509940,41.27517044170
3079,-83.64139969690,41.27683184380
3080,-80.87629172250,41.26295510320
3081,-105.51885870600,41.28295311170
3082,-72.91607074100,41.29947709220
3083,-72.91373972340,41.30152008570
3084,-72.63721137740,41.28865007850
3085,-81.51741572470,41.30374311000
3086,-74.02816471100,41.30667708790
3087,-74.12799271820,41.30725309290
3088,-110.73515151500,41.30883707420
3089,-74.12237674610,41.31106909800
3090,-72.35890772290,41.31619010210
3091,-74.13360873350,41.31639708920
3092,-73.81725871120,41.33238110410
3093,-81.81675571340,41.33270508310
3094,-96.03663739230,41.33754350490
3095,-86.27369071320,41.35003909550
3096,-81.51264383910,41.35218110530
3097,-95.69957119900,41.35270597300
3098,-81.03948457520,41.35389059690
3099,-95.90027074520,41.35431407050
3100,-75.71496314560,41.35571156480
3101,-72.94812864640,41.35589773350
3102,-81.51445474820,41.35696910930
3103,-110.33127204000,41.35891254430
3104,-89.05928073460,41.36786807600
3105,-75.18288462510,41.35960610590
3106,-74.76882999850,41.34194285260
3107,-89.22301018940,41.36831145430
3108,-75.57404074710,41.37300707910
3109,-72.19275872400,41.37527510010
3110,-72.01864521940,41.36249132710
3111,-88.76246463650,41.37524810150
3112,-88.46417204320,41.37817694160
3113,-81.99535174670,41.37910910420
3114,-82.00918473260,41.37942408370
3115,-80.15852372470,41.37968510920
3116,-73.07765954760,41.38592825050
3117,-82.60919582540,41.32296692360
3118,-82.17786273570,41.38666007740
3119,-83.04557617400,41.38689825390
3120,-81.21644671560,41.38723608240
3121,-104.87231400500,41.38749554580
3122,-82.16167173370,41.38922507970
3123,-73.59800974760,41.39067411140
3124,-81.36724849690,41.39093296240
3125,-86.62312453080,41.39339374850
3126,-71.84347773360,41.39400410580
3127,-71.80781073190,41.35725709020
3128,-71.59190520660,41.39527934180
3129,-74.33934873160,41.39753208770
3130,-81.50846971590,41.39877409110
3131,-89.38298374250,41.40030407620
3132,-89.32820071810,41.25688007670
3133,-89.70041502770,41.38707538160
3134,-72.83729761930,41.40361500760
3135,-81.64705173410,41.40709009950
3136,-74.07890225120,41.40773294120
3137,-71.85577173580,41.41135607500
3138,-122.38166503000,41.41350288000
3139,-105.84797674100,41.41479420840
3140,-90.01479107230,41.40845104180
3141,-73.45422572870,41.39620009020
3142,-73.42048760550,41.41767856530
3143,-81.68886571620,41.42064410400
3144,-87.47002473420,41.42073409830
3145,-81.81874471070,41.42077009550
3146,-73.41972873600,41.42099508160
3147,-81.53205874250,41.42410908940
3148,-81.57910172210,41.42421708270
3149,-75.60997773160,41.42487408240
3150,-81.58733673490,41.42729509330
3151,-81.50714671690,41.42874408370
3152,-73.80996876080,41.43365600620
3153,-90.32993673320,41.44047108040
3154,-86.97316668580,41.44110957110
3155,-74.37012871300,41.44771607360
3156,-73.23847622140,41.45494262090
3157,-81.69458972380,41.46100909580
3158,-85.05418048940,41.46172371330
3159,-112.05484928300,41.46234642540
3160,-90.49524874380,41.45785008950
3161,-72.53803107460,41.46326574300
3162,-81.94805566460,41.46819228220
3163,-87.32398173620,41.47120610740
3164,-81.69895473540,41.47407708960
3165,-81.69315873250,41.47415808430
3166,-81.69345571290,41.47747907920
3167,-90.63086454970,41.47804338130
3168,-81.66154172060,41.47978309820
3169,-81.64876170770,41.47983709440
3170,-75.68026771840,41.48245609380
3171,-88.19744073710,41.48629909650
3172,-86.29900816840,41.48662958480
3173,-71.97762328820,41.48756809840
3174,-95.90091874540,41.49355308930
3175,-73.66650095990,41.49497546960
3176,-81.67794870920,41.49589310550
3177,-94.67155046730,41.49315818080
3178,-94.21571500030,41.49814621750
3179,-95.12804212360,41.49813813080
3180,-95.58500073770,41.49885408200
3181,-95.74358723140,41.49853526600
3182,-74.22507121460,41.50433105930
3183,-74.07367631240,41.51488376360
3184,-72.77157572710,41.52225407920
3185,-71.29809570930,41.52400009220
3186,-71.31540272330,41.50765610020
3187,-109.95580210900,41.52418049530
3188,-83.46347673250,41.52588109710
3189,-83.62094974670,41.52892310970
3190,-73.92247601280,41.52994332850
3191,-71.46611671270,41.53008407690
3192,-72.76942474040,41.53262208060
3193,-80.71345477650,41.53577063770
3194,-90.34132170960,41.53581708410
3195,-72.76140571320,41.53791407380
3196,-72.74692472620,41.52749207700
3197,-87.96002073140,41.53845408070
3198,-71.46853772450,41.53894909090
3199,-73.77143073730,41.53906608370
3200,-72.77045071570,41.54014609760
3201,-72.10880673940,41.54626607940
3202,-71.67288616120,41.55083794940
3203,-73.05261872380,41.55147707780
3204,-72.94430372000,41.54309807450
3205,-73.05545370790,41.55682311030
3206,-72.91763672330,41.55888410280
3207,-73.05647072600,41.55960409830
3208,-109.54724072300,41.56454507250
3209,-87.74323773390,41.56529210780
3210,-83.58115616800,41.56916461920
3211,-87.30051874230,41.56918910770
3212,-74.50140298230,41.57399168800
3213,-87.47960074410,41.57415708050
3214,-87.58194871460,41.57797308560
3215,-87.67854572020,41.58098810050
3216,-71.50260274500,41.58145606990
3217,-72.38142242300,41.58515469010
3218,-106.17882145200,41.58735037590
3219,-87.22415372900,41.58995210830
3220,-86.91829786610,41.58706852570
3221,-81.44867372200,41.59060910800
3222,-83.69179561080,41.59187785990
3223,-93.77731472050,41.59216609080
3224,-81.44692770890,41.59453310550
3225,-90.52511974270,41.59627007680
3226,-87.30619771110,41.59892507330
3227,-95.96404762680,41.60190461270
3228,-71.25913471040,41.60229110710
3229,-84.14059254270,41.59339118060
3230,-90.67721972680,41.60281307370
3231,-80.16494350450,41.60540344490
3232,-81.49488871280,41.60540507360
3233,-71.94895860040,41.60705198950
3234,-71.49161374280,41.61375707920
3235,-109.11946157100,41.61607654950
3236,-84.58791476190,41.61720524630
3237,-87.68762726400,41.61814686620
3238,-72.69059371760,41.62386409750
3239,-86.25126273740,41.62431411010
3240,-88.16377768750,41.62754222120
3241,-87.50142538450,41.63116926440
3242,-90.99762374260,41.63361784400
3243,-122.53181973100,41.64226008240
3244,-89.06037551710,41.64534446480
3245,-108.67195223400,41.64729793970
3246,-108.19803662500,41.64173152390
3247,-93.57560671320,41.65203407990
3248,-104.84349873600,41.65357310680
3249,-86.87197632440,41.65954977990
3250,-73.07833173950,41.66038608550
3251,-91.31868258450,41.66369187920
3252,-74.69407474740,41.66386007040
3253,-71.49931774820,41.66652410870
3254,-71.48986772970,41.66683008860
3255,-72.77300671850,41.66801809580
3256,-72.82592673700,41.66897207590
3257,-81.24707370710,41.67032207250
3258,-73.78854872180,41.67038511050
3259,-73.06560572280,41.67409308000
3260,-83.57384372920,41.67767510040
3261,-70.81891464700,41.67820187020
3262,-70.95353070800,41.65231310450
3263,-71.12534971740,41.68113108710
3264,-83.69485770880,41.68469510850
3265,-71.13675273520,41.68507308370
3266,-75.68556116120,41.68700921520
3267,-83.51543373000,41.69023908540
3268,-91.63835672320,41.69445110690
3269,-87.78458406590,41.69473291850
3270,-92.12449183100,41.69397119090
3271,-93.09608402270,41.68092486990
3272,-92.61139832880,41.69574559560
3273,-86.63380405380,41.69894884940
3274,-112.19003674600,41.70301909830
3275,-90.05810112340,41.70308060470
3276,-71.16022472850,41.70335207670
3277,-88.03297471330,41.70339707430
3278,-88.02966271800,41.70508009080
3279,-86.34001174710,41.70564709620
3280,-96.04351471480,41.70640308970
3281,-72.64491873370,41.70750110260
3282,-112.20611071300,41.71064210890
3283,-71.47250671960,41.71380107300
3284,-87.62472571770,41.71534009900
3285,-81.28231773610,41.72204508530
3286,-72.77090972790,41.72315209770
3287,-71.48070573440,41.72398008550
3288,-72.61186173180,41.72716608940
3289,-72.77200774080,41.72728308220
3290,-107.73322447100,41.72729088480
3291,-86.33929170940,41.73043308810
3292,-85.89157397300,41.73016524300
3293,-85.00044271470,41.73585107360
3294,-74.06545684530,41.73662472700
3295,-71.12186673310,41.74580510090
3296,-106.88714405900,41.74319066020
3297,-106.50326632300,41.75169256760
3298,-85.44446476180,41.75359880830
3299,-87.89200772280,41.76080809580
3300,-81.00922293510,41.76392411540
3301,-71.87181874730,41.76493008180
3302,-72.66722071900,41.76556008290
3303,-89.71170332520,41.75139255370
3304,-122.58472904100,41.76909256510
3305,-72.66782372160,41.76936708850
3306,-72.67276901350,41.76961517820
3307,-72.67414173240,41.76219409050
3308,-72.46900473690,41.77253509340
3309,-72.46850972750,41.77288607090
3310,-72.58517673690,41.77384909200
3311,-87.62720072570,41.77516309140
3312,-71.27939981220,41.77865550070
3313,-70.96174078890,41.77990072170
3314,-70.54349074400,41.78083310200
3315,-70.59215374430,41.75169109810
3316,-70.25201876740,41.68677737360
3317,-71.42450971760,41.78181408070
3318,-72.56762673880,41.78333510850
3319,-70.73194172720,41.78373108270
3320,-70.72921473550,41.78293009250
3321,-72.45418173050,41.78608909790
3322,-71.43386074240,41.78642207640
3323,-107.26611872800,41.78336210620
3324,-73.10868118040,41.79189593760
3325,-71.79440071780,41.79398209140
3326,-69.98467170710,41.79900410180
3327,-88.04883273680,41.80966908370
3328,-72.83113773540,41.80982207360
3329,-88.38157151660,41.79477066820
3330,-71.43993572760,41.81373707250
3331,-71.41465472540,41.81606809010
3332,-72.86733574540,41.81673408840
3333,-80.17523421200,41.81858635550
3334,-72.66449372720,41.81859709430
3335,-71.51251173430,41.82023507180
3336,-89.36777591440,41.82288621200
3337,-71.41906473370,41.82604007420
3338,-80.76536671980,41.82796607580
3339,-71.51585972770,41.82847908410
3340,-71.65649318130,41.82959499800
3341,-71.41524872940,41.83639907620
3342,-83.42291518850,41.83976043350
3343,-87.91949370790,41.84463408900
3344,-87.64306770650,41.84771209960
3345,-87.61314271150,41.84918808860
3346,-87.93345272840,41.85295009660
3347,-70.87846532740,41.86040608340
3348,-87.91680271420,41.86933908610
3349,-71.05550074380,41.87212907360
3350,-87.90699271950,41.87363210240
3351,-87.64570474630,41.87578308920
3352,-87.91902573840,41.87771808940
3353,-86.60154211830,41.88101868590
3354,-75.72682562700,41.88932155610
3355,-112.54147921300,41.89731297860
3356,-104.90572260600,41.89938682780
3357,-88.68769938220,41.90077243940
3358,-87.91996171960,41.90380008170
3359,-72.27705520290,41.90470335990
3360,-89.02023874090,41.90503308550
3361,-73.05521972320,41.91564407120
3362,-93.57029362290,41.91892064140
3363,-74.84726781610,41.92618877510
3364,-73.75391772290,41.94087700820
3365,-70.67081956880,41.94131818500
3366,-71.47588171070,41.94300410630
3367,-80.45036813850,41.94319250700
3368,-74.02739071940,41.94324709050
3369,-74.01131671020,41.93268110240
3370,-74.02775073870,41.94450709280
3371,-71.02128273240,41.94520009060
3372,-74.02678771680,41.94820610600
3373,-83.66951757090,41.95135169800
3374,-72.59699951680,41.95520495930
3375,-71.30421573350,41.95544209980
3376,-88.02664774530,41.95915011160
3377,-87.74304874590,41.96049110870
3378,-122.59785289300,41.96263752600
3379,-96.10160104720,41.96822595190
3380,-71.86155071900,41.97647314690
3381,-87.90161073130,41.98021909210
3382,-87.86981373170,41.98366607840
3383,-87.85212874170,41.98410709250
3384,-87.86756370890,41.99043410280
3385,-83.32676671790,41.99260308860
3386,-75.15977967660,41.99551286840
3387,-71.59421673310,42.01754097230
3388,-84.97432340590,42.01821430370
3389,-71.25651571190,42.02621809640
3390,-80.12255974250,42.03169907760
3391,-112.21425688700,42.04497005190
3392,-75.41498371010,42.05117507730
3393,-91.69839058600,42.05466978340
3394,-88.02815973140,42.05780811070
3395,-112.89656543800,42.06232222080
3396,-71.06224857830,42.07034066160
3397,-75.60541385210,42.05598491600
3398,-88.34594801150,42.08546183820
3399,-87.75962863730,42.08871647840
3400,-76.27398358840,42.08887558190
3401,-76.57761588660,42.00079311910
3402,-89.02197971150,42.09609139490
3403,-78.63105271540,42.08821907420
3404,-78.62630972870,42.09678710770
3405,-75.81755373700,42.09797507260
3406,-71.44616946200,42.10290647090
3407,-71.70438274850,42.10418509100
3408,-72.60029672370,42.10554408710
3409,-83.37780294370,42.10701740410
3410,-80.12237971180,42.10841511070
3411,-78.52365573690,42.10201610520
3412,-70.77623971600,42.11415707510
3413,-75.90850773060,42.11524608840
3414,-75.96921270800,42.12010611020
3415,-72.05913572050,42.13011409240
3416,-72.60933272670,42.13029408090
3417,-71.22256772560,42.13122110480
3418,-72.61009771970,42.13315610590
3419,-86.36801074150,42.13474008720
3420,-79.18877373940,42.12754009150
3421,-79.11351573850,42.13939307960
3422,-75.90130773500,42.14068908000
3423,-87.87605974730,42.14908608240
3424,-78.70805673030,42.14874410440
3425,-87.87325016090,42.15091643740
3426,-122.64305071400,42.15120107200
3427,-87.87422373990,42.15283009220
3428,-72.64804174190,42.15319011060
3429,-72.73130972920,42.14437909370
3430,-88.01479471400,42.15360408390
3431,-78.92281373600,42.11280610090
3432,-78.75143673610,42.15366708050
3433,-79.88635474160,42.15594410090
3434,-79.76212771810,42.13124810330
3435,-79.47401055710,42.15684071150
3436,-72.61034416460,42.15802700180
3437,-87.87425973800,42.15833807190
3438,-76.84191615070,42.16120663230
3439,-72.54707072520,42.16196508900
3440,-83.24304871890,42.16600607930
3441,-83.26575571930,42.13863708700
3442,-70.90271711300,42.16938536190
3443,-72.29916969480,42.17025231920
3444,-93.57083022850,42.17963031370
3445,-73.65845719590,42.18315478110
3446,-77.15487274670,42.18730008730
3447,-88.64961254680,42.18895064460
3448,-105.00585641000,42.19560716010
3449,-71.84565571890,42.19572408820
3450,-86.00714223830,42.19028815410
3451,-72.63835773870,42.20025108920
3452,-72.62068170690,42.20241107550
3453,-71.08036773040,42.20251011070
3454,-71.14016372430,42.20749608250
3455,-96.24122757120,42.20979336110
3456,-71.78172874050,42.21003408620
3457,-75.51689949880,42.21283624060
3458,-83.41283373440,42.22236408640
3459,-71.02579173530,42.22510907630
3460,-83.68564171730,42.22540609900
3461,-78.16525852490,42.20238938660
3462,-71.02013072340,42.22712507220
3463,-71.18168072600,42.22829508030
3464,-71.02322673300,42.23045510880
3465,-79.78026440430,42.23333735140
3466,-73.90038930810,42.23697034450
3467,-85.63760672130,42.23801508150
3468,-73.00755373740,42.23720242270
3469,-88.96029871430,42.24867110530
3470,-83.18545770800,42.25229808100
3471,-83.68389574650,42.25441306970
3472,-88.03031971770,42.26489810540
3473,-71.56444173330,42.26666207520
3474,-83.22401373230,42.26715708540
3475,-85.65380672280,42.26862407390
3476,-71.79466174330,42.27175608170
3477,-84.71610760760,42.26360015520
3478,-84.42689970660,42.27196311010
3479,-85.41077890630,42.27685672700
3480,-83.44176870900,42.27960407760
3481,-85.17870572720,42.26822809970
3482,-72.61617274630,42.28434710650
3483,-71.04281072510,42.28557111080
3484,-71.79736173660,42.28727208490
3485,-83.80509871410,42.28785708940
3486,-71.56616974730,42.28877507150
3487,-77.21923173970,42.28903609700
3488,-71.47873473610,42.29677609960
3489,-84.99678874130,42.29729810840
3490,-84.11643484690,42.29761568420
3491,-83.74702173480,42.30033108010
3492,-73.28990829540,42.29747304540
3493,-91.97439904830,42.30686092620
3494,-71.12132672610,42.30873708200
3495,-83.21495973030,42.31055509020
3496,-85.18040674360,42.31591907950
3497,-71.23372771690,42.31658507780
3498,-113.19873714500,42.31809375620
3499,-77.77846727140,42.31688390820
3500,-83.08256073110,42.32070710510
3501,-83.74078471870,42.32225508930
3502,-83.69355270980,42.32352409120
3503,-122.86733811800,42.32444850160
3504,-83.63804973220,42.32557608420
3505,-83.61680972040,42.31923107490
3506,-71.11282173050,42.33201108770
3507,-83.06447972560,42.33509809790
3508,-83.03859572080,42.33084107970
3509,-88.04040873690,42.33786108680
3510,-71.26178970690,42.34093909750
3511,-83.04339274600,42.34389107440
3512,-87.92325571680,42.34529510950
3513,-83.03709273420,42.34552909510
3514,-71.06088273210,42.34613209770
3515,-71.06076573920,42.34633908390
3516,-71.07864871590,42.34799510270
3517,-71.04508774650,42.34791410790
3518,-83.09932773810,42.34993010380
3519,-71.11067074380,42.35020008660
3520,-71.11058970670,42.35409708640
3521,-83.07645870600,42.35838110320
3522,-71.59000171680,42.36310609090
3523,-83.06883573760,42.36350210730
3524,-83.05791873060,42.36838908540
3525,-71.03053472200,42.37454510670
3526,-112.20993666600,42.37511170920
3527,-83.21709271810,42.37862209500
3528,-83.17609772600,42.38345507600
3529,-75.18264179290,42.38349154440
3530,-83.42932171680,42.38403108100
3531,-83.43646771630,42.38601107870
3532,-71.14372774560,42.38813510920
3533,-77.38633471870,42.38983608340
3534,-83.54861672420,42.36705708780
3535,-88.97576442300,42.39155846230
3536,-83.43394771160,42.39262607080
3537,-83.11064072020,42.39783711150
3538,-71.14208972590,42.39780107210
3539,-71.14140572850,42.39797210240
3540,-83.21846071370,42.40057310190
3541,-71.13591574780,42.40091507990
3542,-83.09555673060,42.40315610320
3543,-71.09951970890,42.40618007540
3544,-71.00115873340,42.40884407050
3545,-83.07953671750,42.40904210030
3546,-71.00143771480,42.40962710390
3547,-71.79475532050,42.41407474340
3548,-79.41196958380,42.41498292460
3549,-73.54883373800,42.42118307020
3550,-71.00503773420,42.42163308290
3551,-76.01990721470,42.42621444790
3552,-71.25862174430,42.42798709170
3553,-86.25229915930,42.42815604290
3554,-71.01660274140,42.42922909590
3555,-123.11172217500,42.42578768190
3556,-83.32054774320,42.44168508760
3557,-83.21987370600,42.44418709330
3558,-83.20345771880,42.44447507510
3559,-93.41524935550,42.44480816690
3560,-93.26119173430,42.44084809940
3561,-72.61936953670,42.44600720150
3562,-82.91771673210,42.44616709100
3563,-96.37507471810,42.44637407810
3564,-83.12514874710,42.44646407240
3565,-83.09498972510,42.44678809360
3566,-93.56930674280,42.44877709090
3567,-96.43585173210,42.44933509590
3568,-92.89715101020,42.45203364570
3569,-83.21945073420,42.45738107940
3570,-83.22041371380,42.45800208100
3571,-92.31232174160,42.45454609520
3572,-71.38696383700,42.46381389850
3573,-92.53314572930,42.46429309420
3574,-83.43209374750,42.47251910750
3575,-83.14563272320,42.47504807030
3576,-83.11181972780,42.47650610160
3577,-71.22002972190,42.47661409490
3578,-83.43312872240,42.47692907430
3579,-83.42840259710,42.47789145590
3580,-92.32249171320,42.47818907670
3581,-83.43387571640,42.47972810360
3582,-83.43833072220,42.48113209640
3583,-84.44379515920,42.48247903800
3584,-73.67368172170,42.48253608920
3585,-73.67009974360,42.48261708390
3586,-83.44341572830,42.48293210560
3587,-83.43486573600,42.48341807410
3588,-83.44968874230,42.48433609930
3589,-83.43191371670,42.48483110870
3590,-123.36029188900,42.48555193600
3591,-83.27494471220,42.48637009330
3592,-82.91723972090,42.49522610870
3593,-71.11857273580,42.50229107120
3594,-84.84642495950,42.50842168930
3595,-105.02846673500,42.50975209240
3596,-73.78653272600,42.51388307690
3597,-83.60171425720,42.51479612350
3598,-73.78934071250,42.51551209720
3599,-71.00137471910,42.51655607160
3600,-71.50824571660,42.52103807590
3601,-70.97079272430,42.52294607850
3602,-83.75478873680,42.52412508610
3603,-71.73086071410,42.52652809800
3604,-88.97515771880,42.52757207240
3605,-74.82263974240,42.54107208070
3606,-77.67326343640,42.53221347890
3607,-71.90018576050,42.54437785550
3608,-85.66199417590,42.55936432170
3609,-72.07251873610,42.57021408460
3610,-83.15896927070,42.57047294190
3611,-113.51800473100,42.57060110160
3612,-113.92994805100,42.57630760570
3613,-72.28485572720,42.55941406950
3614,-70.81641836100,42.58764082530
3615,-79.04919408350,42.59282012340
3616,-114.33750812300,42.59844175140
3617,-72.39951333460,42.59989330480
3618,-83.26392871140,42.60346007540
3619,-71.32562673340,42.60731207770
3620,-72.50249371190,42.60367610340
3621,-113.13597800500,42.61859606840
3622,-72.59059472150,42.61944409040
3623,-88.63811027810,42.61401387860
3624,-70.64887172750,42.61945308990
3625,-96.60408955300,42.62626642840
3626,-82.85000974670,42.62922708740
3627,-83.28853471480,42.62950611190
3628,-83.05237288580,42.62487276160
3629,-82.86060273240,42.62991108560
3630,-73.78180773740,42.63313308670
3631,-83.74916372200,42.63334007380
3632,-73.76423074170,42.63286310390
3633,-73.75424971580,42.63703008660
3634,-83.29579770620,42.63822709320
3635,-83.28867874750,42.63965808460
3636,-83.23830573130,42.64153008900
3637,-83.29155872930,42.64257410570
3638,-73.74912871070,42.64587710240
3639,-87.95310233410,42.64613754430
3640,-84.11013554650,42.64945551840
3641,-74.56973331120,42.63756131070
3642,-83.52094516400,42.64888522860
3643,-83.27730272740,42.65567809760
3644,-71.19419971330,42.66416509410
3645,-83.33018670660,42.66620808850
3646,-73.73281171730,42.66737809660
3647,-84.49534472880,42.67484807510
3648,-83.24403873850,42.68431609260
3649,-76.16108537780,42.68675474640
3650,-73.79835739720,42.68745708010
3651,-84.66839674290,42.69130010260
3652,-70.97181229020,42.69160804490
3653,-73.83871470870,42.69519710160
3654,-73.84613073320,42.70040810090
3655,-112.22260970000,42.70991998010
3656,-73.82489972090,42.71074910380
3657,-74.29304805150,42.71102930830
3658,-72.56654009960,42.71511604890
3659,-84.66900874600,42.71956007930
3660,-84.50710772350,42.72398808660
3661,-123.37245571400,42.72463608680
3662,-93.41816751430,42.72519091900
3663,-86.15076150670,42.72737307630
3664,-73.69930331600,42.72948678980
3665,-73.69497572970,42.72829010240
3666,-105.34105414200,42.73204779640
3667,-71.20382072080,42.73216910320
3668,-71.48447885260,42.73922786580
3669,-83.45216370810,42.74057510510
3670,-71.14092871730,42.74177211170
3671,-73.76909072120,42.75306709480
3672,-73.93367373690,42.75420110480
3673,-73.76306973220,42.76206709970
3674,-73.70104171540,42.74360807680
3675,-89.00524426710,42.76371632590
3676,-114.70360173200,42.76626108090
3677,-73.69670374380,42.77406408010
3678,-77.80345728260,42.77633543120
3679,-84.67009771700,42.77766409860
3680,-73.92328773720,42.78202011060
3681,-73.90999471510,42.78566508450
3682,-84.65980171170,42.78797810300
3683,-84.67613674640,42.78938209670
3684,-74.01604174010,42.78991310410
3685,-83.73648724090,42.79320551760
3686,-84.68911474590,42.79691507090
3687,-82.64791116830,42.79949528970
3688,-112.80722873500,42.80587649040
3689,-84.51174271790,42.80762509170
3690,-71.03026933660,42.80829162970
3691,-84.54303570850,42.81750708160
3692,-105.71887363900,42.82070020990
3693,-88.35847712700,42.82208506250
3694,-83.57114098770,42.82312162380
3695,-72.56707773240,42.83530910570
3696,-74.01442171850,42.84061909790
3697,-106.11968180900,42.83896244870
3698,-71.30628495210,42.84239289370
3699,-96.79615385480,42.84782702290
3700,-85.67862871180,42.85000607840
3701,-85.85226573050,42.85111309080
3702,-70.89670473140,42.85625209490
3703,-70.89304171630,42.86279509080
3704,-78.78788672900,42.87508909300
3705,-84.12246882750,42.87862713110
3706,-85.08111497790,42.87903021540
3707,-85.48855770790,42.88827407960
3708,-123.24479757800,42.89699342770
3709,-112.44033571600,42.90859610840
3710,-112.44079472800,42.91225008180
3711,-112.44992972500,42.91261010110
3712,-83.67962072920,42.92150207140
3713,-115.03104763500,42.93803353690
3714,-74.42010014860,42.92912411350
3715,-71.47241672540,42.94961809990
3716,-78.76342471700,42.94963609890
3717,-83.72100273910,42.95067107380
3718,-71.40933573380,42.95986010910
3719,-71.41552771080,42.96141709180
3720,-87.93649474180,42.96220908250
3721,-88.03635874620,42.96234407430
3722,-71.41309774270,42.96667308780
3723,-85.67853871850,42.97054308910
3724,-89.11276496980,42.97217890910
3725,-85.67823273770,42.97296410090
3726,-115.39826602900,42.94744843870
3727,-82.47797671610,42.97544810840
3728,-85.60367673310,42.97723007640
3729,-73.80262650230,42.97993384230
3730,-83.73334173880,42.98482608950
3731,-78.91439973110,42.98697707620
3732,-82.87655478730,42.98846807930
3733,-82.44169771220,42.99721908450
3734,-78.80785773890,42.99735407630
3735,-82.42325672960,42.99898309660
3736,-82.44136473370,43.00123307710
3737,-82.43905171610,43.00151210080
3738,-82.44227371720,43.00548109590
3739,-76.13412874440,43.00653406980
3740,-77.43927273620,43.00888308640
3741,-77.04275882320,42.96240829940
3742,-78.36727230710,43.00960559270
3743,-83.67953073500,43.01013408920
3744,-83.27934871930,43.01340498110
3745,-74.79928067700,43.01476955660
3746,-85.68246271600,43.01622707250
3747,-85.66859373200,43.02053808790
3748,-88.03393773520,43.02718007760
3749,-77.96472870680,43.02884509590
3750,-76.65446338890,43.03064820430
3751,-87.92282374450,43.03198610320
3752,-93.34193866100,43.03416592940
3753,-87.92649571690,43.03528009950
3754,-87.92385871940,43.03530709800
3755,-87.90145774130,43.03576611020
3756,-87.89329472370,43.00186307830
3757,-77.80632141110,43.03813001600
3758,-106.33499446600,43.03884084460
3759,-78.73431871020,43.04751110600
3760,-77.64810874490,43.04778108870
3761,-71.47149874240,43.04975208700
3762,-76.14451474410,43.05092209510
3763,-123.33500395700,43.05652710710
3764,-76.05228270770,43.05692508500
3765,-85.95985743020,43.05793950050
3766,-88.44818280320,43.06254062370
3767,-72.46402614220,43.07949529040
3768,-88.86527081880,43.08715661760
3769,-76.16402674090,43.09320408890
3770,-76.05356970770,43.09477907070
3771,-70.76022990580,43.09602270270
3772,-83.76305074730,43.09626410050
3773,-77.82406564210,43.09393244980
3774,-89.28581973050,43.10416609350
3775,-89.28273272030,43.10400410400
3776,-89.28572073670,43.10868409500
3777,-77.59976972270,43.11024107780
3778,-76.26463773920,43.11153707820
3779,-75.20558973780,43.11190609610
3780,-75.29207072660,43.08035208080
3781,-75.62746675480,43.12118045900
3782,-77.64780272270,43.12218410330
3783,-89.29047272380,43.12432609060
3784,-76.11308672020,43.14164210400
3785,-77.54435673940,43.14226310570
3786,-77.55123271470,43.14397307930
3787,-77.60757272190,43.15113707690
3788,-88.05455674450,43.15121807170
3789,-77.61107551470,43.15129936500
3790,-79.04449471130,43.15286509190
3791,-89.30641174210,43.15381907200
3792,-77.61191073490,43.15445807270
3793,-77.62068571330,43.15624908240
3794,-77.68082372740,43.15762607760
3795,-115.69490874800,43.15881300640
3796,-96.79585859570,43.16795685520
3797,-71.53015172670,43.17046908620
3798,-86.20670372310,43.17160309710
3799,-84.56333608800,43.17706899570
3800,-73.70949002760,43.17867280350
3801,-88.12085073860,43.19176309420
3802,-88.12239872180,43.19269907530
3803,-77.54746170630,43.19727107300
3804,-112.35926663000,43.20398864090
3805,-77.67607174030,43.20673909050
3806,-71.53367070820,43.21654008660
3807,-76.27037504520,43.21904864920
3808,-87.92121272330,43.22492808940
3809,-71.46527972540,43.23305510980
3810,-71.75633476370,43.26128712030
3811,-83.80121511960,43.27529250710
3812,-123.35471672900,43.28838709840
3813,-71.57361272720,43.29300409370
3814,-85.54240501560,43.29939939490
3815,-89.43217579330,43.30773294820
3816,-70.61487566980,43.30786206300
3817,-76.41251674460,43.31836609050
3818,-93.34903837690,43.36414370960
3819,-72.42480055730,43.36913055010
3820,-115.99493272000,43.38328227380
3821,-73.70625271380,43.38664908100
3822,-71.97592172950,43.38940307040
3823,-73.71210271290,43.40308310950
3824,-106.38378571400,43.41677210490
3825,-88.33425619630,43.42055049860
3826,-112.14095973000,43.42498907740
3827,-86.32712144050,43.42521032050
3828,-83.89093174500,43.43366510430
3829,-73.73585372990,43.45553507410
3830,-76.11967865540,43.45687786440
3831,-73.74304472690,43.46294209910
3832,-84.67790751330,43.48400606680
3833,-96.79467273530,43.48770109240
3834,-89.49327874400,43.48831309550
3835,-83.92965871700,43.49763707940
3836,-71.61587529840,43.50521949020
3837,-87.82227059690,43.52301600510
3838,-70.45268974030,43.52740008490
3839,-70.40872473010,43.50786108950
3840,-72.13959122920,43.54762124310
3841,-123.26650368500,43.57557403570
3842,-83.94847771700,43.59274909750
3843,-116.29630471900,43.59687108340
3844,-85.48806730940,43.59825746300
3845,-96.69058770990,43.60648309140
3846,-116.59618520200,43.60917837670
3847,-96.77034571330,43.61269310890
3848,-106.54996590900,43.61368560430
3849,-112.07915114600,43.61620726470
3850,-116.23316973200,43.61844407280
3851,-89.80416127400,43.62154379130
3852,-70.35026073370,43.62606708350
3853,-96.24333602360,43.63679208710
3854,-95.79358713500,43.63759609360
3855,-95.34168384490,43.63742313150
3856,-72.33834270980,43.63995410880
3857,-89.46969871600,43.64259110630
3858,-94.89299896310,43.65227528400
3859,-84.22069022640,43.65564703840
3860,-94.07140660120,43.65464799320
3861,-93.69331302230,43.65962387910
3862,-97.15157541980,43.66658245450
3863,-97.54951632400,43.66471742340
3864,-94.44763472280,43.67894210540
3865,-93.32113171870,43.68381108440
3866,-92.97427312680,43.68051229020
3867,-97.94123674270,43.69507011170
3868,-86.39234593920,43.69596203320
3869,-98.41402815880,43.69499269720
3870,-88.44233041100,43.69723710010
3871,-70.30458570760,43.72153007910
3872,-73.82333719660,43.72588447330
3873,-70.23228872530,43.73146610840
3874,-84.50067630290,43.73438219160
3875,-98.87963109680,43.73811225300
3876,-71.65961956920,43.73826591560
3877,-92.64753572810,43.75632099910
3878,-72.23058310310,43.76138198340
3879,-76.05345501260,43.76139143170
3880,-123.07375207700,43.76490221230
3881,-99.33925199280,43.79180078720
3882,-84.75846870940,43.79988408980
3883,-84.76844073670,43.81967511120
3884,-72.55630157450,43.81114383110
3885,-112.19205258700,43.82493310910
3886,-106.61599309900,43.82831725250
3887,-90.09410306590,43.83911000920
3888,-84.76825170640,43.84331809270
3889,-116.76469297900,43.84332010170
3890,-87.77083722790,43.86852142750
3891,-94.42917307380,43.86949488520
3892,-101.57864271400,43.83607204360
3893,-101.15360794700,43.87492677860
3894,-99.79226792590,43.87690918030
3895,-84.77877273920,43.87879610640
3896,-93.27693278390,43.88408388980
3897,-102.00195022300,43.88690603070
3898,-96.75873982020,43.89854031180
3899,-100.72684472100,43.88418709420
3900,-72.15324871960,43.90418510180
3901,-85.51697942500,43.91200663510
3902,-100.25979825800,43.91243807140
3903,-84.01979118350,43.91539583100
3904,-91.42278987630,43.93208926620
3905,-90.97935726540,43.88768227150
3906,-69.98562693100,43.93627621740
3907,-88.58318522730,43.94494206120
3908,-92.35784373550,43.95102109420
3909,-71.68346671560,43.95256907840
3910,-90.50828074050,43.95567408760
3911,-91.88174937120,43.93281224380
3912,-86.38526371600,43.95634008590
3913,-89.49754938610,43.97776800930
3914,-90.44045671990,43.98320511160
3915,-70.30995609190,43.98749664050
3916,-73.71606483710,44.00551115190
3917,-92.48208871570,44.00694708680
3918,-90.49279173490,44.01532609010
3919,-92.48784872140,44.03074310050
3920,-75.91463946570,44.03563030160
3921,-116.97550902000,44.04768840170
3922,-94.39965571980,44.05454807230
3923,-112.23593671500,44.05778807250
3924,-123.04934671000,44.06197309550
3925,-123.10120471400,44.05316207770
3926,-102.38172353500,44.06714760660
3927,-93.24466771150,44.08852309950
3928,-94.25933471140,44.10006790070
3929,-106.63611391000,44.10257406480
3930,-103.23239072200,44.10520911080
3931,-103.23465874400,44.08215109160
3932,-102.80450506000,44.10357588260
3933,-70.07406649850,44.10700285990
3934,-72.61054773240,44.11059109910
3935,-84.79783713450,44.11909665680
3936,-94.11871171700,44.14438609540
3937,-72.09328965700,44.15539991720
3938,-71.68006969480,44.19194425970
3939,-96.75847837470,44.19439330250
3940,-87.73252942360,44.20328622160
3941,-73.50911674640,44.20461410390
3942,-85.41220173540,44.20527110270
3943,-84.19288449090,44.20615364250
3944,-94.02708092770,44.21402491460
3945,-69.82472372710,44.21702509790
3946,-88.47259773660,44.21833009790
3947,-106.27470926200,44.19655703720
3948,-105.83409829300,44.21341823380
3949,-103.38526721800,44.22956364910
3950,-117.17681072700,44.25655310230
3951,-90.78301177970,44.26917738860
3952,-92.68077383630,44.28797058530
3953,-105.39956843100,44.29481152750
3954,-75.97522473880,44.29628809200
3955,-93.30897949910,44.29693701580
3956,-104.93587472200,44.26525608460
3957,-88.35340172300,44.29794411080
3958,-89.52324006090,44.30205795430
3959,-84.51303166760,44.31566339910
3960,-71.83082293150,44.31900909660
3961,-123.06111577700,44.32683284500
3962,-104.55448285000,44.33259480040
3963,-72.76218114190,44.34484773410
3964,-75.98342371220,44.34738110370
3965,-93.95143770670,44.34943309670
3966,-88.19161119580,44.35136892330
3967,-84.80799924520,44.36814890660
3968,-112.18586498700,44.36893423690
3969,-106.68899374200,44.37145609960
3970,-103.50177871700,44.39442408320
3971,-72.01777170970,44.39653007240
3972,-73.09715073950,44.43768709710
3973,-87.95750972530,44.45060210090
3974,-73.21642774780,44.44736210080
3975,-73.18225473320,44.45237507030
3976,-117.33601378500,44.46362151060
3977,-73.48625389180,44.47019579220
3978,-73.21765171080,44.47237307790
3979,-88.08090871960,44.48473907610
3980,-96.75724835660,44.49019625770
3981,-91.12295875690,44.49527996870
3982,-104.22351966400,44.50107781250
3983,-103.85787375700,44.50670591550
3984,-93.29117294690,44.51740908720
3985,-69.69965485730,44.51894846930
3986,-92.92345877820,44.51922435160
3987,-73.25497473040,44.52462709810
3988,-73.19354071670,44.52512210830
3989,-106.80796589300,44.54022764120
3990,-88.05034472290,44.56429009340
3991,-112.40135565400,44.58209198360
3992,-84.70696172540,44.58408107260
3993,-123.06203475000,44.59407885290
3994,-89.61324495050,44.59433463710
3995,-72.09440966280,44.59548436010
3996,-93.78953401690,44.60201423860
3997,-117.53795776500,44.64088610930
3998,-88.05035395270,44.67497409580
3999,-112.69465754800,44.71364621900
4000,-106.91577572300,44.71910811120
4001,-73.44414250300,44.72556890280
4002,-69.43853942170,44.72793610190
4003,-93.28271072750,44.74029408360
4004,-96.87958774180,44.74264310020
4005,-117.80266170900,44.74552308190
4006,-73.07627147450,44.76174833280
4007,-91.42204173740,44.76739309400
4008,-93.21694774170,44.77867907760
4009,-88.04615074270,44.78721107170
4010,-68.80815574750,44.78682409710
4011,-68.72324074190,44.77186609880
4012,-69.14818322940,44.78742978510
4013,-93.41042973570,44.79055010790
4014,-93.39987274620,44.79410508750
4015,-93.52654773780,44.79852409520
4016,-72.21418449800,44.80146773190
4017,-93.39890072570,44.80801911130
4018,-93.05979870640,44.82447109570
4019,-123.00940473400,44.84804208280
4020,-93.14539968520,44.85882463130
4021,-93.39480573830,44.85931910910
4022,-93.35018372830,44.85865310990
4023,-93.29834372360,44.86163208540
4024,-93.15053415310,44.86186437390
4025,-93.24736774700,44.86199210380
4026,-93.20943272430,44.86252311120
4027,-93.14500173610,44.86280209340
4028,-123.00901771700,44.86305407720
4029,-84.68991751680,44.87220455490
4030,-93.06025771860,44.87479007340
4031,-93.35011173310,44.88970307400
4032,-93.29549074040,44.89022508280
4033,-93.27496172450,44.89044111080
4034,-93.39946773120,44.89063909740
4035,-93.18472772720,44.89113410770
4036,-93.44345074050,44.89120610290
4037,-91.41836972280,44.89318610070
4038,-93.24701672720,44.89558907120
4039,-89.64013173170,44.89713709670
4040,-93.19795771050,44.89820806960
4041,-91.77845005380,44.90215201500
4042,-91.38160470820,44.92149107500
4043,-107.09239478700,44.92224612960
4044,-92.17126041660,44.93336008180
4045,-91.09415462200,44.93648357660
4046,-90.28526541610,44.94599094480
4047,-89.97245767680,44.94407390950
4048,-90.59783074040,44.94088607990
4049,-92.95879173400,44.94886910900
4050,-93.09939874750,44.95065107790
4051,-90.80031273930,44.95147010850
4052,-93.08254174620,44.95256808000
4053,-93.09138871980,44.95487209810
4054,-89.66528674150,44.95881409550
4055,-92.56364216710,44.96010165310
4056,-93.26921071920,44.96459209930
4057,-93.25246171120,44.96602309070
4058,-93.34104873150,44.97027110940
4059,-93.46025374460,44.97114409570
4060,-93.40039471270,44.97340307490
4061,-93.28709373810,44.97505009420
4062,-93.27014674260,44.98295208720
4063,-117.90232621100,44.99676146230
4064,-112.85355272700,44.99832410000
4065,-72.08918670700,45.00597410920
4066,-73.45233572520,45.00877309620
4067,-93.18648273980,45.01008709470
4068,-93.08947171770,45.01073509490
4069,-73.08486573600,45.01551407970
4070,-68.69866497550,45.01618574470
4071,-97.05427620370,45.03172262390
4072,-93.08934572630,45.03245207570
4073,-93.06212072450,45.03756408030
4074,-107.33591735100,45.04996867660
4075,-93.18581674060,45.06696710970
4076,-93.28584273440,45.06946907400
4077,-89.64238811810,45.07736176260
4078,-93.40172671030,45.08231208260
4079,-122.94306916600,45.08996870730
4080,-93.44791474580,45.09160911120
4081,-84.67041271360,45.14623934620
4082,-91.53206822480,45.17489676030
4083,-89.66041772020,45.20510807340
4084,-112.65596015000,45.20598027730
4085,-93.02894672890,45.21841909370
4086,-118.01184082900,45.22835251580
4087,-93.73458758300,45.27457949810
4088,-122.76998673100,45.27916911000
4089,-122.76939272700,45.28456909640
4090,-68.66442878440,45.29239804460
4091,-107.34467972600,45.30978710190
4092,-118.22729073700,45.34300609420
4093,-122.75820573700,45.36884510220
4094,-122.59333754100,45.36985475940
4095,-91.75785871670,45.39534110910
4096,-84.60700772590,45.39710507890
4097,-97.02452219940,45.39869314050
4098,-94.05323671210,45.40999308510
4099,-122.74436370900,45.42119807390
4100,-92.99602342200,45.46336564070
4101,-112.71456516800,45.48066077280
4102,-122.67348871800,45.49786910950
4103,-122.67404672400,45.50169407180
4104,-122.67418171500,45.50452009870
4105,-122.77840173200,45.50841709860
4106,-122.68868074300,45.51486110170
4107,-122.66529874400,45.52510311080
4108,-122.56451671500,45.53287911150
4109,-122.67495570700,45.54419209360
4110,-68.55211048000,45.54471553950
4111,-122.55374374100,45.54712607150
4112,-122.56187971700,45.54969107380
4113,-122.19878743900,45.55036345460
4114,-118.45683024700,45.56899514740
4115,-107.46250513500,45.59980202390
4116,-122.54916274200,45.60345707920
4117,-94.43735484670,45.60576999880
4118,-122.67195873300,45.62270809370
4119,-121.21418370800,45.62837810520
4120,-120.86987425300,45.65530935150
4121,-118.71520353200,45.65621727200
4122,-109.17641461900,45.61396036480
4123,-108.76691141000,45.66336048810
4124,-110.98934671300,45.66853610990
4125,-110.61903663300,45.65333263990
4126,-121.86828189400,45.67502237480
4127,-84.69745125180,45.68752266520
4128,-94.88242823560,45.69680712660
4129,-91.80591830340,45.70736417460
4130,-109.56208172800,45.70470707910
4131,-121.52208446000,45.71288111970
4132,-110.26077874200,45.70324660790
4133,-92.99225277960,45.72017301080
4134,-122.65444473300,45.72368810990
4135,-119.04821140000,45.72955121480
4136,-112.72545815400,45.73874391660
4137,-120.51464393700,45.69559596830
4138,-107.72803910600,45.74376499170
4139,-96.92870663540,45.74773202620
4140,-120.14437723600,45.75681194850
4141,-108.06235697600,45.78286327840
4142,-119.38730971400,45.79430207570
4143,-68.42790574540,45.79514810570
4144,-108.39428670900,45.82733207990
4145,-109.91128886000,45.83151421880
4146,-119.76866949800,45.83207694800
4147,-95.30675576580,45.83437183530
4148,-111.33743472300,45.84983758980
4149,-112.11743433200,45.88076001220
4150,-111.72641042600,45.91481423990
4151,-122.81010387200,45.96492625750
4152,-92.95656870970,45.97351911060
4153,-112.47970173000,45.98011610370
4154,-119.32344729100,45.98226126820
4155,-107.96580586200,45.99110918610
4156,-84.73775455810,45.99340478840
4157,-95.72591373200,45.99479507820
4158,-91.83078051190,45.99551396570
4159,-112.57149271100,46.00500108930
4160,-112.53909270800,46.00390307650
4161,-68.28289352690,46.00565677600
4162,-112.63807472800,46.00785407250
4163,-96.83580689560,46.09663712970
4164,-119.20300064500,46.12905560570
4165,-107.53263038300,46.13573687880
4166,-68.05916705280,46.14463364150
4167,-67.78119272740,46.13398909940
4168,-112.79107581300,46.16387993100
4169,-96.01747946750,46.20719362620
4170,-112.34925059200,46.21453623460
4171,-122.88790213800,46.23061588340
4172,-84.54854206770,46.24758017560
4173,-119.36967872100,46.24893709340
4174,-92.82532171950,46.25373744240
4175,-107.11974149600,46.26357730980
4176,-106.66018471700,46.26673007570
4177,-119.72757528900,46.21353845650
4178,-106.22480986100,46.26889209090
4179,-112.12647874300,46.24379809020
4180,-119.22653543700,46.27194110200
4181,-119.08330773300,46.25167308460
4182,-91.81212683880,46.31050214550
4183,-120.07115202500,46.32385172600
4184,-105.81552438900,46.39742332990
4185,-112.72193671900,46.40837210730
4186,-111.98123841000,46.46887696480
4187,-120.39514419900,46.47150326940
4188,-96.26455661820,46.47313285170
4189,-96.83109700660,46.47547633120
4190,-84.36051571910,46.50845209820
4191,-92.66936829240,46.51078761600
4192,-122.87664012400,46.51172822410
4193,-112.95134500200,46.60075801120
4194,-91.90382971950,46.60407708330
4195,-91.99271372110,46.66186608090
4196,-105.48245663200,46.66559415290
4197,-92.42580605380,46.69969172170
4198,-112.01225974300,46.70449009400
4199,-113.27455054700,46.71280136310
4200,-120.41463925200,46.71333232370
4201,-113.60405143200,46.72524130090
4202,-92.09774372710,46.73416310530
4203,-96.51028155370,46.73595235510
4204,-122.98670653600,46.75537784620
4205,-92.12297973160,46.76501508290
4206,-92.06114974380,46.80931307160
4207,-100.84389874600,46.82289407470
4208,-100.82879671600,46.80808910870
4209,-100.36217747400,46.83639408300
4210,-96.84095072180,46.84756307470
4211,-105.10971435500,46.86283414670
4212,-101.81400859400,46.86197669800
4213,-101.32441414600,46.86118432780
4214,-99.88446638250,46.86738947540
4215,-102.29880712100,46.86988328470
4216,-113.89035274000,46.87413107680
4217,-97.59143286030,46.87607507740
4218,-97.21168165100,46.87387009350
4219,-99.40372777890,46.87649666790
4220,-98.92067141650,46.89243880320
4221,-98.43795687100,46.89239207080
4222,-102.78319173100,46.89585709840
4223,-103.29320420300,46.89598894710
4224,-97.95820173720,46.91688108230
4225,-112.12491781300,46.94182824620
4226,-103.78827449600,46.94695883440
4227,-120.51087874000,46.97044910100
4228,-120.05589314700,46.94025756040
4229,-123.81432871800,46.97608307220
4230,-123.60120753900,46.97704430800
4231,-123.89378074200,46.99316510090
4232,-114.20386601800,47.00199152590
4233,-123.38779173000,47.00516208040
4234,-104.28032702100,47.00630395590
4235,-122.90607574300,47.02131708520
4236,-114.53023071000,47.02037694920
4237,-123.20237559500,47.05621347230
4238,-123.01120474300,47.05656107190
4239,-122.68919018900,47.07685138800
4240,-119.23999036400,47.09858290000
4241,-118.77868278000,47.08614661610
4242,-119.70160956200,47.10355945410
4243,-104.76452372400,47.10573708150
4244,-96.95864845320,47.10855687610
4245,-118.36700990200,47.11617316440
4246,-111.88541326400,47.13269866470
4247,-114.80301382000,47.13673039290
4248,-120.83047628500,47.15738778430
4249,-122.47970974400,47.16310310630
4250,-122.29690173100,47.16111410900
4251,-122.27741673200,47.20147010130
4252,-122.46080970700,47.23016209250
4253,-122.43192872900,47.23349208690
4254,-121.18876718900,47.24930349770
4255,-122.51601574600,47.25717110870
4256,-122.30694571100,47.28953507140
4257,-115.09556973200,47.29579008640
4258,-122.51552973600,47.29835508870
4259,-118.00144861900,47.30132510700
4260,-122.25331473800,47.30219809240
4261,-111.64351232700,47.32461802820
4262,-115.39090563500,47.38122973590
4263,-97.06000761730,47.38452036870
4264,-122.61680258800,47.39367599680
4265,-121.46368716300,47.39424191140
4266,-122.26421374600,47.46193908530
4267,-115.69547191100,47.46199438370
4268,-122.21824174000,47.46781608290
4269,-111.34516174200,47.48498810590
4270,-111.33494673200,47.48791308430
4271,-121.81648901100,47.49823031280
4272,-116.00861073300,47.51005307920
4273,-117.65783303700,47.52869479670
4274,-122.69992173000,47.52726110020
4275,-116.44025666000,47.57395353300
4276,-122.17442972000,47.58054109580
4277,-122.32083273600,47.59325807070
4278,-97.07855071600,47.67199909830
4279,-117.28168774300,47.67388910180
4280,-122.68919079100,47.67851436000
4281,-111.62987324600,47.68140884600
4282,-116.83924745600,47.70470959050
4283,-122.32643796600,47.71471817790
4284,-122.18920459400,47.72175257240
4285,-122.51475929300,47.80687467390
4286,-122.38162770800,47.81223709390
4287,-122.27921674100,47.82081408470
4288,-122.26198172400,47.83183008550
4289,-122.60985872000,47.85134208330
4290,-111.78286031800,47.99206003530
4291,-97.11311959250,48.00832403710
4292,-122.19290906000,48.17500217370
4293,-111.93633895700,48.30634228060
4294,-97.18941551810,48.32941265110
4295,-122.33513078900,48.49103744580
4296,-111.86250873400,48.65364077580
4297,-97.18816806850,48.67623886370
4298,-122.46618721900,48.77424257450
4299,-122.75206771400,48.99793308920
4300,-111.95968174400,48.99861708660
4301,-97.23717574030,49.00066008010
