edge_id,u,v,distance_km,weight
0,0,1,0.0140579808872274,0.0
1,0,3,0.3500705545457102,0.42418256484913786
2,0,5,0.6022647249322786,0.0
3,1,3,0.3524763383579529,0.450124527785913
4,1,5,0.6028401947945189,0.0
5,2,5,0.5092783329511235,0.0
6,2,3,0.6259119767199418,0.0
7,2,6,0.679675523787236,57.794486416393404
8,3,5,0.2584270973652217,0.0
9,3,4,0.3279857903323901,0.0
10,4,5,0.1937690282067908,0.0
11,4,6,0.1999105158400564,0.0
12,5,6,0.2746823438400296,0.559903601297818
13,3,6,0.4986215966096908,1.2381975687990159
14,7,8,0.1080589872284399,0.5072414331514306
15,7,9,0.2369822331920273,0.0
16,7,10,0.5112336756709721,0.0
17,8,9,0.1450744734157627,0.0
18,8,10,0.4235165671385919,0.0
19,9,10,0.2785533928483722,0.0
20,10,363,0.3825798791566607,0.0
21,10,11,0.4229993750504912,0.9807391636237808
22,11,12,0.2811098439259889,41.56303927313559
23,9,11,0.4078742155870486,0.0
24,9,12,0.6298581678240467,0.16229626260148816
25,8,12,0.6320749041610284,2.965020580163719
26,13,15,0.1066509531538159,0.0
27,13,14,0.7204708630484058,3.6603127030389677
28,13,20,0.8068507438881328,0.0
29,14,21,0.3779432187835542,0.0
30,14,18,0.3882396145517439,8.981410528737692
31,14,15,0.6216629184112143,0.0
32,15,20,0.7136911560312429,0.0
33,16,18,0.6487623053892467,4.326564672086974
34,16,21,0.7299957009068461,0.0
35,14,16,0.7592845319858376,0.0
36,17,19,0.0267675559065943,0.0
37,17,18,0.3800953178114591,11.311495572859842
38,17,21,0.4033583899233287,2.0085643916241076
39,18,21,0.0830364175334251,0.0
40,18,19,0.3688267933392364,0.0
41,19,21,0.387290900434394,0.0
42,20,22,0.3452829342138093,0.0
43,14,20,0.6224360774091006,0.0
44,15,22,0.926883702826554,0.0
45,14,22,0.9659820086933424,17.48693572940973
46,23,24,0.1659780501720826,0.0
47,23,37,0.4364752625273798,0.0
48,23,36,0.4430128398531337,0.0
49,24,37,0.302400014913262,0.0
50,24,36,0.3079869822564216,0.0
51,25,26,0.009982408840288,0.0
52,22,25,3.82399023803192,0.09500763280461041
53,20,25,4.16793254525752,0.0
54,22,26,3.8275516093398334,8.915093889212553
55,20,26,4.171563852375575,0.0
56,27,31,1.0718616376625287,25.53425941845594
57,27,30,1.0836797547681962,19.88572439815438
58,27,28,1.1825325622623233,211.08555327820747
59,28,29,0.2768469892182941,7.415628604541748
60,28,30,0.5435885053798462,0.0
61,28,31,0.5494425571302678,0.0
62,29,30,0.6576040141550562,0.0
63,29,31,0.6679056408548768,0.0
64,30,31,0.0134799227394657,1.0268709912615654e-05
65,32,33,0.1240158929227328,0.09575704180468388
66,32,39,0.1243723318403836,0.017850152578002737
67,32,44,5.5530382219260455,1451.0487352475118
68,33,39,0.1173817422861641,0.0
69,33,44,5.519490266847126,858.4919569062881
70,23,34,0.5013834453136958,0.07056703706811124
71,24,34,0.5591203363130965,2.9206629501635892
72,34,37,0.8530460669177006,50.38115625709846
73,29,35,5.074335409323206,0.0
74,28,35,5.309803657962794,798.5846937146525
75,30,35,5.691140712375513,0.004850510761702815
76,36,37,0.0070886925971343,0.30130067991251785
77,36,38,0.6509135599505328,0.0
78,37,38,0.6562791002837952,0.0
79,24,38,0.7732176432250178,4.046675911862048
80,39,44,5.434408716468987,173.7455930477015
81,40,41,0.431575444505472,0.0
82,40,42,0.5819476785512139,17.812954346290777
83,40,43,0.835721443953678,55.6303348643649
84,41,42,0.3432419362021899,0.0
85,41,43,0.4301715262896437,0.0
86,42,43,0.6412752569541433,0.0
87,43,71,0.4746658307746778,31.63215031114477
88,44,45,0.3900573449295351,0.12996259297855908
89,44,46,0.4096025513070164,188.5948217835078
90,44,58,0.5374251028865187,0.26248900662775776
91,45,46,0.0222687614407876,0.0
92,45,58,0.7230029244094812,0.0
93,46,58,0.7286299855090633,19.73591901824489
94,47,56,4.669354326408678,147.7964449176782
95,47,55,4.691270154551858,2.8949855289998263
96,47,53,4.758204130284021,0.0
97,48,411,2.5675174665524065,27.44801182358488
98,48,412,2.9206499795535423,290.98889996280997
99,48,413,3.137652012621266,42.693136517500484
100,49,52,0.0357435428772275,0.031850200979378934
101,49,50,0.2465821741227502,0.0
102,49,51,0.2489661500598355,0.019583760427980584
103,50,51,0.0190885445941723,0.005493929463544098
104,50,52,0.2480203354138027,1.8277138803769284
105,51,52,0.2476548476749712,173.74347666948316
106,53,54,0.033819226057471,0.0
107,53,55,0.0712681919677709,0.0
108,53,56,0.1116732356410802,0.0
109,54,55,0.0816222319935459,0.05720429579834472
110,54,56,0.1099159394764954,77.65697675784831
111,55,56,0.0481994194876148,0.08674192002528103
112,46,57,0.7307050985007632,356.08037335105547
113,45,57,0.750664012193323,5.915570092233329
114,57,59,0.975099144654576,492.5393547059055
115,59,61,1.0295039149455785,0.08502887105039952
116,59,60,1.044088981611074,533.2142984566794
117,60,61,0.0203754161348373,0.0
118,60,63,1.2895783809241903,0.2775934307539694
119,61,63,1.3054395787367443,0.0
120,62,63,0.0285333304984884,0.30422843657789456
121,60,62,1.312687016965885,673.0975514300114
122,61,62,1.328382250905057,12.134320761091839
123,64,66,0.4975904402366222,20.728726673692474
124,64,65,0.4985605035007435,3.563114295027363
125,64,67,0.7465891570503932,421.18939554619743
126,65,66,0.0295668340028129,0.0
127,65,67,0.2481791653465578,0.006409818340916607
128,65,69,0.3308121280312876,0.0
129,66,67,0.2505161322324951,0.6888125965624624
130,66,69,0.3308968761587473,7.607647077315933
131,67,69,0.0845011922834929,0.0
132,67,68,0.0847097065682476,0.0
133,68,69,0.0083099939540177,0.0
134,65,68,0.3322209570991731,2.20835159859187
135,68,70,1.298011452120186,0.9910504411232255
136,69,70,1.3004854260223164,3.833098731751816
137,67,70,1.380714256550452,779.3516377373093
138,41,71,0.8899585340971697,0.0
139,42,71,1.1125580997621771,0.0
140,72,87,4.050916731097515,11.522559501448484
141,71,72,4.394431734604531,225.5691853774855
142,72,88,4.446571232319702,5.686906365702464
143,73,77,0.0210218342144896,0.0008647621372374275
144,73,78,1.1876079992090895,0.17157322567719424
145,73,79,1.37056506884095,1027.5084347495592
146,74,76,0.0190458113219962,0.0
147,74,75,0.0705004891203184,0.0
148,74,146,0.1307725822709869,1.0485736039307152
149,75,76,0.0621367670928727,0.0
150,75,146,0.0851322916053199,0.0
151,76,146,0.1130987512212563,0.03987189259090381
152,77,78,1.1672882268490836,0.0
153,77,79,1.3499608074152327,1.7714323902606528
154,78,79,0.1977204706469879,1.238967509733249
155,80,81,0.0532461555279536,0.9091836360202465
156,80,146,1.9481544042894448,0.0
157,75,80,2.033274613074468,0.0
158,81,146,1.995205610458452,30.10447503953355
159,75,81,2.080337049754048,11.963327031900306
160,82,83,0.0217681207539562,0.0042556361774327926
161,82,86,0.0557895429134754,0.325231549633739
162,82,85,0.0594142278072074,0.0
163,83,85,0.0564022137990934,0.0021868069517912937
164,83,86,0.0590626159414531,45.27959973947461
165,84,123,5.9984153095536055,0.0
166,84,124,6.235834544365159,0.0
167,84,121,6.338169658117078,332.58961694716
168,85,86,0.0166575576262917,0.028736014480403298
169,87,88,0.4525839512530633,0.0
170,87,89,0.8190315542108924,0.0
171,88,89,0.3665813013975258,0.0
172,72,89,4.780003739441926,69.23518729155414
173,90,91,1.6010798754968876,4997.955454728359
174,90,92,1.601951148791896,1276.25788447676
175,90,93,2.5030087714520004,4.768752245968415
176,91,92,0.0226415692853984,0.010854251049103215
177,91,93,0.9123558992986214,0.0
178,92,93,0.9076629626330592,0.0
179,93,147,0.818082012040574,0.34379081109825926
180,93,148,0.851728085831885,105.78725346855161
181,94,95,0.0184253383013676,0.0
182,94,97,0.2705208846366026,0.0
183,94,98,0.5624892004803409,10.656983992233437
184,95,97,0.2634353252550205,0.0
185,95,98,0.5458303698156322,2.669414044997681
186,96,109,1.1117998431406908,59.57258492026455
187,96,115,1.3307150636187486,0.0
188,96,108,1.4189775517769831,0.0
189,97,98,0.3984772619646155,14.821395977204181
190,99,103,0.1478146667306775,0.990895044828684
191,99,102,0.4325910318591962,0.0
192,99,111,0.4341548913414424,0.0
193,100,101,0.025898881796969,0.0
194,100,112,0.1505314219531182,0.0
195,97,100,0.765731244729917,8.441998746644561
196,101,112,0.1459966161513946,0.0
197,97,101,0.7639413920199299,5.96624896663919
198,102,111,0.0184250458015661,0.0
199,102,103,0.4747887393608231,33.079667406470925
200,103,111,0.4705673572529872,0.5810876949596365
201,104,106,0.0122000388772784,0.0
202,104,107,0.2681168317420246,0.0
203,104,105,0.3412980504349654,26.557843170562208
204,105,107,0.1816529721915235,1.6014078743953957
205,105,106,0.337453798723443,2.609654140720724
206,106,107,0.2710314821597267,0.0
207,108,110,0.025285320967574,0.0
208,108,115,0.1754273377794376,0.0
209,108,109,0.6583385413318199,9.37963325897865
210,109,115,0.4847299870197527,5.178364045490182
211,109,110,0.6720577809212707,66.9809122084492
212,110,115,0.1874673706391102,0.0
213,97,112,0.6180681231989179,11.361036898277115
214,113,117,3.3717252114125627,2882.576082677655
215,113,116,3.379104259142087,2.0111628903636816
216,113,114,3.625515080799631,3088.837171842929
217,114,119,1.1879918848056978,912.8312699311101
218,114,118,1.1999731763710555,3.671478860517979
219,114,122,2.278808328392898,182.61512169388996
220,116,117,0.0192501117232508,0.0
221,81,116,3.592216146665741,63.56931452930264
222,81,117,3.5872852488946467,3083.053968374749
223,118,119,0.0154991572563274,0.0014042675305205058
224,118,122,1.2452224832023748,0.0
225,119,122,1.2606949027790404,4.1242593888595245
226,120,121,0.5027528977520482,0.0
227,120,124,0.6848548034575102,0.0
228,120,122,0.7026992059622934,8.653928182304911
229,121,124,0.1992273528928985,0.0
230,121,126,0.3592160203920131,0.0
231,121,123,0.428413242481796,2.3806818741499995
232,121,122,0.6753443686010069,38.776170347868245
233,122,126,0.7904275755987084,10.088436075055101
234,123,124,0.254829697038565,0.0
235,123,126,0.4211624392244131,0.0
236,124,126,0.2495860140066576,0.0
237,125,126,0.3917210778782528,4.934900347876587
238,124,125,0.6199928537887224,0.0
239,123,125,0.6888495349174353,0.0
240,127,134,0.015908393619241,0.037014710881868716
241,127,128,0.0316388315443704,0.0
242,127,135,0.0625232643989663,0.0
243,128,134,0.0453785815566672,0.0
244,128,135,0.0745884067849941,0.0
245,129,130,0.0664737136805411,0.46154999304791344
246,129,131,0.1062957170317382,2.6928712884473676
247,129,199,3.4563122228858165,343.2205683793522
248,130,131,0.0845547458600928,0.0
249,130,199,3.424862334589226,0.0
250,131,199,3.351249014241465,0.0
251,132,133,0.0131241676926207,0.0
252,132,135,0.4797199988626685,9.334181164135815
253,132,134,0.4827182887596605,0.0
254,133,135,0.4785703019487676,73.81209299005991
255,133,134,0.4829877036728768,0.0
256,134,135,0.052171185434383,0.0
257,135,136,1.1167582351227912,195.47457892506412
258,128,136,1.151108781979321,29.12166353478464
259,134,136,1.1633273797037291,2.7058700150931703
260,137,138,0.0473445055857756,0.0
261,137,139,0.3802245878342166,74.74403522266253
262,137,140,0.402233536179761,0.0
263,138,139,0.3355168184347402,0.0
264,138,140,0.3569862337256494,0.0
265,139,140,0.0255662889238933,0.0
266,140,141,0.580837259944819,0.0
267,139,141,0.6026629539315208,124.6259492418415
268,138,141,0.9378208369327892,4.083667459649481
269,48,142,3.3576706688945266,10819.069462458505
270,93,142,3.868801460816421,478.9915023215878
271,91,142,4.074813994056746,12711.011039397668
272,143,144,0.067426940579036,0.0
273,143,441,2.7311461210653536,5.067684085570486
274,143,442,2.804973689801736,11120.278118943052
275,144,441,2.793663575858802,0.0
276,144,442,2.867238380341293,21.882843285614634
277,144,145,3.246452213384325,9.130214188117849
278,143,145,3.3052980769809466,13104.945755897139
279,90,145,3.419243757123611,13457.696315659094
280,147,148,0.0467895542228672,0.0042154146803480815
281,92,147,1.6360614482353075,2.783129863084254
282,92,148,1.656578822724061,1317.837455928928
283,149,150,0.2025135769127521,2.749552886333153
284,149,152,0.2527308193075094,0.0
285,149,153,0.2748684949477235,0.0
286,150,152,0.0690022478043513,0.0
287,150,153,0.090957892083036,0.12593002069075335
288,150,154,0.1168894264651054,1.5863600233636481
289,149,151,0.4261334390428702,1.9558596807748154
290,151,152,0.4761346563827237,1955.9308268570016
291,150,151,0.493627964833327,0.6829432647094462
292,152,154,0.0974821420796687,400.5093973125445
293,152,153,0.1180867218671058,0.0
294,153,154,0.0715516819757105,0.23726609704387033
295,155,156,1.227498590359757,2.3251081405519995
296,155,157,1.3142229022179932,16.373468022713286
297,155,158,2.785112277015291,486.14133064385493
298,156,157,0.0888662407705966,0.0
299,156,158,1.5627032477402465,0.0
300,157,158,1.4795214172856797,0.0
301,158,159,0.4563924126004899,11.33901215107688
302,158,161,0.4936151873347172,0.0
303,158,162,0.5121195882340809,75.11632180703909
304,159,161,0.0576071089599056,0.0
305,159,162,0.0930642340038754,0.0
306,160,162,0.5095148236680386,0.0
307,160,161,0.531459880145401,0.0
308,159,160,0.5584242986818999,8.25767672066197
309,161,162,0.0361000196740533,0.0
310,163,164,0.080383683059093,0.0
311,163,180,2.8837627138423896,397.3255558798963
312,163,181,2.907292117588374,0.0
313,164,180,2.8522480975051003,58.93060994080788
314,164,181,2.876034295482555,0.0
315,165,174,0.5120525475980265,0.0
316,165,175,0.6075549505357891,268.3037572531158
317,165,187,0.6271203234439452,0.0
318,166,167,0.0932551958451517,0.0
319,166,170,0.2402666739018726,0.0
320,166,168,0.2477308133441781,0.0
321,167,170,0.3331603041987744,0.0
322,167,168,0.3409777794014494,49.62938343627599
323,168,170,0.0300437317805722,0.0
324,168,169,0.054264170013078,0.0
325,169,170,0.0274423718986017,0.0
326,166,169,0.2541663112901607,0.0
327,168,171,0.2902188504301968,0.0
328,169,171,0.2933302869266903,0.0
329,170,171,0.3000558711288532,0.0
330,172,173,0.1602929883319578,0.0
331,165,172,1.888925692797526,0.0
332,172,188,1.9742372314336527,741.9201077212953
333,165,173,1.7350777027750155,0.0
334,173,188,1.8154230938749183,22.621955801030687
335,174,175,0.0970110552262871,0.6132152806648531
336,174,187,0.1151737392905973,0.0
337,174,176,0.1692816889783275,0.0
338,175,187,0.0311505946926252,0.0
339,175,176,0.0728443893329468,0.0
340,176,187,0.0590063026703516,0.0
341,176,177,0.0767337792192287,30.661504177179616
342,177,187,0.1348691956326641,0.0
343,175,177,0.141570807874852,63.3910634902684
344,178,192,0.0788812577551273,0.0
345,178,191,0.1509160697308968,127.91413429924131
346,178,189,0.1996029700017357,0.13569112977353873
347,179,190,0.0896033500349725,75.90769811447657
348,179,189,0.1345656524675633,0.0
349,177,179,0.1626385249411026,137.7950380750907
350,180,181,0.0256835144898478,0.3548819856259196
351,180,182,1.7485944192313725,47.494910904105424
352,180,183,2.0335494509135,308.3936234523154
353,181,182,1.737383553793541,0.0
354,181,183,2.020908229622216,0.0
355,182,183,0.307848329040162,0.0
356,182,184,0.4110761562378525,0.0
357,183,184,0.10323087884782,15.159770587418278
358,181,184,2.1178164884704267,0.0
359,185,208,1.4716302562342112,0.0
360,185,210,2.1541087317067924,18.005507935054585
361,185,211,2.254765218969512,0.0
362,186,212,2.840408426726367,0.0
363,186,211,2.851365673697312,117.36125306419618
364,185,186,4.262585364850752,0.0
365,176,188,0.2144605711888522,85.6418353021399
366,187,188,0.2170333026733681,0.0
367,175,188,0.248143817851326,0.0
368,189,190,0.060364039073029,0.0
369,178,190,0.2151254488480347,182.21972297417682
370,191,192,0.078511447483104,0.0
371,191,194,0.3143287123950394,8.77460315857596
372,192,194,0.2520897318659756,0.0
373,193,197,0.6286257147969002,0.0
374,193,198,0.6360091476248059,0.0
375,193,194,0.6969900726491435,15.22823176216441
376,194,198,0.0657203046322639,0.10482322576696546
377,194,197,0.0899964519190266,0.4046641083820999
378,178,194,0.2448308139105365,0.0
379,195,196,0.0284312410148241,0.18974504095907493
380,191,195,1.2159148839161156,1068.6857377405945
381,192,195,1.2914660100214606,0.0
382,191,196,1.1950479850054694,0.0
383,192,196,1.2702614530956304,0.0
384,197,198,0.0334759305886598,0.0
385,190,197,0.3345675142692933,0.0
386,178,198,0.3090452028057972,0.0
387,199,200,0.0185448276013345,0.0
388,131,200,3.3520549751908337,49.56228182105631
389,130,200,3.4254396606084683,0.0
390,201,202,0.1033210850405773,0.0
391,201,204,0.7625562158694854,0.0
392,201,203,0.9240620815598314,213.3269358037197
393,202,204,0.7252064856720574,0.0
394,202,203,0.8835737009439829,16.99517748663889
395,203,204,0.1624493442857153,0.0
396,205,206,0.0391289203991081,0.0
397,205,207,0.5828187166259818,0.0
398,199,205,3.901136506024846,28.13239531226922
399,206,207,0.6008753079349918,0.0
400,199,206,3.865694470635478,115.79385044880252
401,199,207,3.952854537478686,178.9910827434058
402,208,213,0.8742187428658329,0.0
403,208,214,0.8779418558029607,0.0
404,208,215,0.8935116172729438,0.0
405,171,209,0.7172903057417546,2.8202357419925463
406,169,209,1.0065167910996975,38.47866606633617
407,168,209,1.0074924049524645,1061.5693879616751
408,210,214,0.9828707803113282,14.33099557660382
409,208,210,1.0525067882400332,77.05469505999604
410,210,215,1.0534533012217102,6.1350485842436635
411,211,212,0.0206749988544824,0.0
412,211,213,1.514296766632285,0.0
413,208,211,1.6985841211114294,78.22394477580401
414,212,213,1.5240703121291848,0.0
415,208,212,1.7162966490608011,43.801373787513754
416,213,215,0.3930759605338987,0.0
417,213,214,0.4565196391998263,4.735983400714816
418,214,215,0.0718446481359067,0.0
419,216,217,0.0129199501428237,0.0
420,216,218,0.7942653610314049,0.0
421,216,219,0.8151988584752043,912.6644762252719
422,217,218,0.7918677273352577,0.0
423,217,219,0.8125553141676088,2.347933518026484
424,218,219,0.026003624778408,0.08205393177188136
425,220,223,0.2268849232822827,0.0
426,220,222,0.2268857081730876,0.0
427,220,224,0.4761310541889665,539.5409006934989
428,221,225,0.3333301368102024,0.0
429,221,224,0.3451135818761584,0.0
430,221,228,0.3792027876782115,10.53090039380609
431,222,223,0.0160163114744754,0.0
432,222,225,0.2497322855094087,0.0
433,223,224,0.2493040238205227,0.15878042501906225
434,224,225,0.0118091554036771,0.0
435,224,227,0.1603147489772356,0.0
436,224,228,0.1606224747188266,182.0767895478603
437,225,228,0.1601727832513665,0.0
438,225,227,0.1607525914886,0.0
439,226,227,0.3471309860599761,0.0
440,226,228,0.3591780555271152,15.592369906877504
441,224,226,0.3910786944203666,0.0
442,227,228,0.0120607943416827,0.023207100542999366
443,229,236,2.1307886838422845,0.0
444,229,235,2.490958300554869,165.1977010899689
445,229,234,2.674249041605293,0.0
446,230,677,1.6901794591543655,0.0
447,230,678,1.6950743420144694,0.0
448,230,626,2.0320147766695587,224.16534552811527
449,231,232,0.0145888053083949,0.0
450,231,1481,1.1075043899790988,0.19880154066042496
451,231,1542,1.30528220557095,37.08642674983821
452,232,1481,1.101121292962722,0.025209718785129908
453,232,1542,1.303123442202324,27.28628105144241
454,233,234,0.1900238226362845,0.0
455,233,235,0.3916614557541572,0.0
456,233,236,0.8109430854658696,0.0
457,234,235,0.2041622014459084,0.0
458,234,236,0.6241897331924398,0.0
459,235,236,0.4200595962096344,8.857017900710614
460,233,237,1.280243743174237,1555.0041282481257
461,234,237,1.346762707933552,1.0313416938518953
462,235,237,1.4794558442350805,130.29157303237807
463,238,239,0.2439227674492264,0.0
464,238,242,0.5672779698035029,0.0
465,238,243,1.2172754943852468,67.58905111750116
466,239,242,0.4543697695437571,0.0
467,239,243,1.1234096013348538,18.339334983703484
468,240,241,0.0182976447836265,0.0
469,238,240,1.3265213193260943,12.127357214952408
470,239,240,1.5494230435638403,0.0
471,238,241,1.3297687792400343,33.45708059932089
472,239,241,1.5538874295609564,0.0
473,242,243,0.6697103819143491,0.6671670570554623
474,244,455,1.0978560236726824,20.5961402852088
475,244,457,1.1199321280693768,0.0
476,244,456,1.1419053861073158,0.0
477,203,245,2.714749351028794,715.1955691775812
478,245,246,2.8074328778997004,830.0118186644363
479,204,245,2.8771974758515326,13.217718565649596
480,246,247,0.0781213700666583,0.0
481,246,248,0.374546708433767,0.0
482,246,250,0.5070296409433321,150.42420335994123
483,247,248,0.2996434145048064,0.12519248044945228
484,247,257,0.4349244897232109,0.0
485,248,250,0.1773846162525447,0.07409071469264202
486,248,257,0.1960213438393999,0.0
487,249,253,0.3003446353374404,0.652885812039027
488,249,255,0.3576588862660074,106.13994057405102
489,249,252,0.5377642276694979,12.318985007315547
490,250,257,0.2964542908591688,0.0
491,250,252,0.3044004211323698,0.0
492,251,252,0.2622084742092561,0.7536950996799054
493,251,254,0.2902764889557011,0.0
494,251,255,0.443440918906411,0.0
495,252,255,0.2193128884303185,0.0
496,252,253,0.2518800130301764,0.0
497,253,255,0.0625739335844943,0.0
498,252,254,0.2623776179467537,5.261219378278111
499,254,257,0.3423636772470432,0.0
500,250,255,0.3367087074702433,99.9729218602877
501,256,258,0.3198289083700156,0.0
502,256,257,0.5218172257570287,0.0
503,254,256,0.6765120720667895,13.467624177071542
504,257,258,0.2438800352208505,0.0
505,254,258,0.3667542493847275,0.0
506,259,260,0.0099892153616026,0.0
507,259,261,0.0752866812958653,0.0
508,259,264,1.126225838014062,31.83003824575281
509,260,261,0.0756254415743517,0.0
510,260,264,1.1214864715255055,40.24563941471834
511,261,264,1.0595028752451845,20.703393858610866
512,262,263,0.5200623798897026,0.0
513,262,266,0.7738597259748488,0.0
514,262,267,0.7906108015641228,325.3433032063997
515,263,266,0.8268369774913339,0.0
516,263,267,0.8414539874589793,275.2719939290003
517,264,265,0.2271300366189068,0.0
518,264,268,0.4151830692824509,0.0
519,264,269,0.7700257030767081,170.97512665825715
520,265,268,0.1889140984495133,0.0
521,265,269,0.5441760513998902,1.8058497758771046
522,266,267,0.0168881993008532,0.3413823136195331
523,268,269,0.3645482396506953,2.7003650817721505
524,269,273,0.1524352317143456,0.0
525,269,272,0.3319341092549161,82.1169678605801
526,270,271,0.0284387319810766,0.15611676058378854
527,270,272,0.2313181289066402,66.99288870580773
528,270,273,0.4291514880698735,2.225792351595346
529,271,272,0.2191894262251367,0.0
530,271,273,0.4147361725181916,0.0
531,272,273,0.1988389579961998,0.0
532,274,276,0.3589357774828502,0.0
533,274,278,0.3801310464514815,0.0
534,274,275,0.428984527777053,11.777054602571152
535,275,278,0.2828722812077572,0.0
536,275,276,0.2869630744105563,0.797512188334839
537,275,279,0.412086240476465,6.833798882594845
538,276,278,0.0225084720849908,0.0
539,276,279,0.3468272366055073,0.0
540,277,279,1.2745044714309148,0.0
541,275,277,1.3652525975408274,58.383235981893954
542,277,278,1.5277097917701596,0.0
543,278,279,0.3243562629252945,0.0
544,280,284,0.1225943593506558,0.0
545,280,283,0.1946925806168861,0.0
546,280,282,0.3819446415477927,2.2532748411977335
547,281,297,2.075158545491844,2155.877417848598
548,281,298,2.196115255517201,0.0032602719802069056
549,281,294,2.465813210946321,0.5293007765616589
550,282,284,0.2689013357410721,0.0
551,282,283,0.3240888568258508,328.0381444915272
552,283,284,0.1261206778262684,0.0
553,283,304,0.2510647683810835,0.0
554,285,286,0.0322729605394117,0.0
555,285,316,0.296631446241259,0.6659861751388686
556,285,317,0.3164599530065024,252.49103713380094
557,286,316,0.2817689550431176,0.0
558,286,317,0.3035101647944987,0.0
559,287,290,0.5511258903395404,2.1589382789803877
560,287,291,0.7630245991181734,0.0
561,287,301,0.7840711722027912,0.012691317768415452
562,288,289,0.5826686859229757,0.05867264942234355
563,288,311,0.942747381472378,0.5130516525623809
564,288,312,2.3353331172014102,2942.6218461768117
565,289,311,0.3803472219532432,1.8870667517204933
566,289,312,1.7923662886005378,0.0
567,290,291,1.3094145205267609,2.238269814734933
568,290,301,1.324428065625617,1625.852911586084
569,291,301,0.0697960700355047,0.0004297633475836754
570,292,293,0.2148459839347657,0.0
571,292,294,0.9145649678392757,0.1968856170505693
572,292,295,1.0891273569332638,118.98624619119514
573,293,294,0.7086139606746032,0.0
574,293,295,0.8749377533891125,0.10304282113085453
575,294,295,0.2525394406827356,0.0
576,294,298,0.3023723289383891,0.0
577,294,297,0.4140391211611861,0.0
578,295,302,0.4431867893191404,508.564915381021
579,295,298,0.4477188912934708,0.5074585927282333
580,296,300,0.2568649171696089,0.0
581,296,299,0.271138259080566,0.03229728085606141
582,295,296,0.7428798510764887,0.0
583,297,298,0.1210240604892174,0.0
584,295,297,0.568247996592712,589.9677977487564
585,295,299,0.4718022950224454,0.0017559976926868396
586,299,300,0.5268496666013343,0.0011850815858978332
587,300,302,0.9591711200693314,2.1137953152709352
588,299,302,0.5457108358237246,0.6049808594789694
589,294,302,0.6438211916357294,0.7925938485785436
590,303,306,0.1022883424469739,0.0
591,303,305,0.5671342462847573,563.7625401575739
592,303,304,0.7531261312482924,0.014231359422397494
593,304,305,0.2045444077054771,0.0
594,284,304,0.3771147897408748,0.0
595,283,305,0.3212539110401549,320.18261666167643
596,280,305,0.4042342599098996,0.0001551843511491331
597,305,306,0.4809424302578916,1.3149101749223107
598,304,306,0.6744312747058439,0.0
599,304,307,0.4283877046916889,0.00809150395160893
600,283,307,0.5902708812981027,9.619218371890096
601,305,307,0.6172779689646803,0.0
602,308,309,0.4978380814823785,0.04181320307304552
603,308,318,0.5516965739960742,0.6489911978894034
604,308,310,0.5588398602698963,556.4670959208653
605,309,310,0.0935141970256422,0.0
606,309,315,0.4977190193430046,0.0
607,310,315,0.4226520040454429,0.0
608,310,314,0.4460253448057247,444.16814489764187
609,311,312,1.4120272011951711,0.0
610,312,313,0.6251933192236766,794.4685858063351
611,311,313,2.034523286259212,30.034972546411066
612,313,349,2.144015702014167,2770.29592272137
613,314,315,0.0279300867788983,0.0
614,309,314,0.51906508418187,0.0
615,316,317,0.0286287064960597,0.0
616,318,319,0.0567327138721035,0.0
617,310,318,0.6791932118008857,0.0
618,308,319,0.6042871674678539,0.1647736271144795
619,310,319,0.695210608259002,0.0
620,317,320,0.4735746258525711,89.09272273038424
621,316,320,0.4914051181170351,1.1039500141735996
622,320,321,0.6595002952835446,0.0
623,316,321,0.483040585771979,0.0
624,317,321,0.503806839156007,2.9913187924863873
625,286,321,0.5467767099699464,0.0
626,322,347,0.2862637983585676,0.0
627,322,348,0.3237001979435102,0.0
628,322,346,0.3707678720537826,0.0
629,323,324,0.1282001128782268,0.7629561706270596
630,323,325,0.5367486030615584,0.0
631,323,327,0.636366939750013,0.5145759992781547
632,324,325,0.6611141788615794,67.98427135802214
633,324,327,0.7631225292694059,983.5916980313431
634,325,327,0.1179237039966829,0.029313885023806024
635,325,328,0.5704840051360772,57.21903064257399
636,326,328,0.0746220843251021,0.0
637,326,349,0.3217623776617812,0.0
638,326,327,0.5029867816309569,0.0
639,327,328,0.4690512237167675,0.0
640,328,349,0.3803334151875323,1.7205390916029577
641,329,474,0.0202481844452961,0.0
642,329,475,0.1419880555401514,0.04307730677200083
643,329,468,0.2425811526384589,1.3732271007538324
644,330,472,0.1112158155574544,0.00685822931214399
645,330,475,0.1852296347927858,0.0
646,330,468,0.2114209138063999,0.23541936532099322
647,331,473,0.0390080278664916,0.007191631122734998
648,331,469,0.2284772937676926,0.0
649,331,472,0.2907912014390711,0.8986633462160859
650,332,333,0.0180688024949104,0.0
651,332,958,0.6159256806443528,0.0
652,332,976,3.84618229845021,0.0
653,333,958,0.6313705962012353,0.0
654,333,976,3.830411439649658,88.99550792216809
655,334,335,0.07012812992277,0.0
656,334,336,0.4664619800257817,0.0
657,334,337,0.7707734785444635,0.0
658,335,336,0.5359205793810478,22.24225239931294
659,335,337,0.8397858644762891,7.474319558729673
660,336,337,0.3640565478001186,0.0
661,337,339,0.6210205122225714,0.0
662,338,339,0.4728945038731729,0.0
663,337,338,1.0633415563712545,0.0
664,336,338,1.2428922292140323,40.830988763085784
665,336,339,0.7700042090499783,4.229905117445203
666,340,356,0.0130727129758882,0.06383087221896278
667,340,358,0.1736344176583338,0.0
668,340,357,0.4626574466355385,0.0
669,341,342,0.0799712496023358,0.13871105941650996
670,341,344,1.233513743749549,0.0
671,341,343,1.2395927975242926,0.0
672,342,344,1.301530135972759,8.455514762356001
673,342,343,1.3081800651129063,79.44206996805754
674,343,344,0.0185597710095164,0.0
675,345,352,0.0181991459915237,0.0
676,345,348,1.3722432703643992,26.91632016976762
677,322,345,1.6031161600069386,0.0
678,346,347,0.2582044579735137,0.0
679,346,348,0.6912713228368447,20.59857874186044
680,347,348,0.5850076310352617,2.909289562099683
681,327,349,0.8162709524771004,1053.22758161726
682,350,351,0.3271496064392613,0.042142056631846975
683,301,350,4.11810433797631,30.91127573616664
684,291,350,4.187898031196047,0.0
685,301,351,4.42440162020613,5417.86162987146
686,302,351,4.485462886425746,5158.811409237171
687,348,352,1.3864044951344647,75.02887614832765
688,322,352,1.6188432866515468,0.0
689,332,353,3.9971736276265575,1.352094571756397
690,333,353,4.004177405848767,186.92627150463386
691,353,958,4.13859107289623,49.350440653961954
692,354,355,0.0765022110207882,0.2692144803937908
693,354,358,0.5690838358006133,21.495199696824965
694,354,356,0.6082422140550319,2.9644839071522022
695,355,358,0.4929260052605624,0.0
696,355,356,0.5375538028936577,0.0
697,356,358,0.1683811526276237,0.0
698,356,357,0.4739348535863052,0.0
699,357,358,0.4794835534539713,17.051908177399053
700,359,363,0.0585215509054629,0.0
701,10,359,0.4410934926723642,0.0
702,11,359,0.4591195977965754,31.144178838899006
703,360,361,2.409013331855996,562.6333694655333
704,360,362,2.7162946479787675,0.0
705,12,360,4.08663560871472,851.9142333747144
706,361,362,0.3407565981467921,0.0
707,361,365,2.786185532004042,958.8500142693182
708,362,365,2.534503255604134,38.36942132290058
709,11,363,0.4283630864087013,33.303918257255816
710,359,364,3.515307060621008,0.0
711,363,364,3.534543731246252,271.20077237599446
712,10,364,3.674662642738785,0.0
713,365,385,3.8679458844942585,1555.9895664566538
714,366,367,0.1063857270965607,0.0
715,366,369,0.5302862061879839,41.73888132603094
716,366,368,0.5348932291831627,0.0
717,367,369,0.4263263465829043,4.6168161970657025
718,367,368,0.4290507499508754,0.0
719,368,369,0.0539588985039521,0.0
720,370,390,1.700024828905921,0.0
721,370,387,1.839297636591432,254.54085783828842
722,368,370,2.052011495870476,103.04578156715264
723,371,374,2.962160579289794,95.69005058593025
724,371,372,3.072003607367021,0.0
725,371,375,3.809640261558676,0.0
726,372,374,0.1130813159865767,0.0
727,372,375,0.737780179550995,0.0
728,372,377,0.8597190286199003,0.11157787905973915
729,373,380,2.0804394619849083,98.64249813103076
730,373,381,2.217637023683351,0.0
731,373,393,2.420571568690922,0.0
732,374,375,0.8476238208087065,0.0
733,374,377,0.9502778672799784,33.46250892693532
734,375,377,0.3559781603040299,0.0
735,375,376,0.3864694347972279,0.0
736,375,378,0.6515365147811505,0.8850253584611991
737,376,378,0.2825839756366355,0.0
738,376,382,0.5305846807493482,0.0
739,376,377,0.7159519247981561,0.0
740,378,382,0.2533308937739605,0.0
741,379,384,2.0648941020866296,41.186011331246014
742,379,398,3.886100783008855,0.0
743,379,399,3.897326224578303,4.691948849701874
744,380,381,0.1410529579485003,0.0
745,380,393,0.3527315509591258,0.0
746,380,395,0.6991820608113273,41.86800210615813
747,381,393,0.2119446626673323,0.0
748,381,395,0.5968530476111077,0.0
749,375,382,0.8773936170822056,2.99500474143473
750,383,396,0.1795998131845033,0.07206169614768418
751,377,383,1.5225234795767264,5.084512088080812
752,375,383,1.7953930872378303,0.6938286447213209
753,383,384,3.212999392842335,9696.330609037797
754,384,400,3.264561586940028,53.433435528275666
755,385,386,3.041307417803206,37.71998523719763
756,385,388,3.12348166301104,0.0
757,385,389,3.225361189812724,1345.907046235672
758,386,388,0.2392809689698745,0.0
759,386,389,0.6895212169920953,1.762103586411599
760,386,414,0.738141065301429,9.65385465329281
761,387,390,0.1392733955043397,18.586939141396282
762,387,391,3.645793074267788,1111.9309681531822
763,388,389,0.4544176632260263,1144.7914976506231
764,388,414,0.9494334550769024,2391.0471932092755
765,389,420,1.0961026012892108,11.245600350636463
766,369,390,3.6990302335761447,362.63118671242376
767,391,392,0.3461144134132803,0.0
768,391,437,1.8460487239386345,564.7288612705166
769,391,438,2.1278561333411576,9.62601483194992
770,392,437,1.556979866617198,14.74286659788401
771,392,438,2.0316574747025995,0.626282418846043
772,393,395,0.4971796512094377,1.65776299387955
773,394,395,0.2613098488247042,0.0
774,394,397,0.5926684253600238,15.986027654015956
775,393,394,0.7549174872973268,0.0
776,377,396,1.5633613601442211,54.63239067182203
777,375,396,1.8104042423032625,11.612882962941532
778,395,397,0.6625035710145659,43.778551529979666
779,397,402,0.6947686227930938,67.19480938328205
780,398,399,0.0157106103762861,0.004056739600064727
781,398,400,1.006594947337882,0.0
782,384,398,3.345835082776306,10.11633018504856
783,399,400,1.0135070224212408,0.8708308921189178
784,384,399,3.3611813248312745,9990.496537947947
785,401,405,0.0271886131734237,0.0
786,401,404,0.0963450406681964,0.0
787,401,406,0.1058580693399303,0.0
788,402,403,0.0208545368131077,0.0
789,402,404,0.0900465864343737,8.690794524356413
790,401,402,0.1068751795919647,0.0
791,403,404,0.0870857559126883,0.0
792,403,406,0.1164859335151023,0.20838513052089536
793,404,406,0.0294535673983836,0.0
794,404,407,0.0457573586023785,4.414658178076585
795,404,405,0.1186496745583911,0.0
796,405,406,0.1234345128001163,0.03518374951460927
797,406,407,0.0163038906142531,0.03930660417683706
798,401,407,0.1141497098586302,0.0
799,408,409,0.0416466927072155,0.3439734534148608
800,405,408,0.1568667958408109,0.0
801,401,408,0.1837389867384449,0.0
802,405,409,0.1527648942893856,0.0
803,401,409,0.1798307768556158,0.0
804,396,410,3.2292640869813365,145.08040265170564
805,48,410,3.260249658468585,10088.970873527622
806,383,410,3.277767440597802,9894.340990423772
807,411,412,0.3640273710751937,0.0
808,411,413,0.7312370141193579,0.0
809,407,411,1.143397567629467,0.0
810,412,413,0.4470875925284465,0.0
811,407,412,0.7814725891540667,77.11457852288468
812,407,413,0.6715745920989667,0.0
813,409,413,0.6843447321915918,5.650734527226855
814,414,415,1.0431560967948217,2637.865381556724
815,415,417,0.7732483779826592,1.7579858528260446
816,415,416,0.8085652314370446,4.357604686058074
817,415,418,0.8647615387049165,2174.252821010303
818,416,417,0.1865414481445647,0.0
819,416,418,0.5709942061368646,0.09784646303142884
820,417,418,0.3848168940740318,0.029585717115033446
821,419,422,1.0974132704640058,99.19547250111708
822,419,430,1.370139836108864,2.7704755361395494
823,419,421,1.3719555300985746,0.0
824,388,420,1.071244946040088,0.0
825,386,420,1.1827897377269898,0.6895974610755782
826,421,427,0.045284100626796,108.02471477471217
827,421,423,0.0647113556193365,0.0
828,421,433,0.0667447087567762,0.0
829,421,422,0.277895318700617,0.0077424203300396136
830,422,427,0.3138718489682561,28.694830841604126
831,422,423,0.3420871296862188,0.0
832,423,433,0.0180212007009053,0.0
833,423,427,0.0482969629636429,0.08079226118154154
834,424,426,0.205347463451392,0.0
835,424,425,0.2453668996038948,0.1858218060125647
836,424,427,0.5128384528203767,1285.5345495478448
837,425,426,0.0621238395121776,0.0
838,425,427,0.272736203410903,0.006024702577009677
839,426,427,0.3081399613241959,0.0
840,427,433,0.0375517875798667,1.0518209223654342
841,428,431,0.7649221966234067,0.0
842,428,432,0.767203242358762,0.17360088989598854
843,428,429,1.738279324619236,4127.181458976477
844,429,430,0.6234466944004149,1488.1521498049487
845,429,431,0.9972217991864196,0.08556761685444222
846,429,432,0.9989092566304086,5.305642493249391
847,423,430,0.4969663302327085,0.03338590163353229
848,421,430,0.4987945866912942,1189.7935268188744
849,430,433,0.5149547039593318,0.5725762204100956
850,431,432,0.0115450949760763,0.0
851,434,435,0.0554413827450765,0.0
852,434,436,0.1191913103776199,0.0
853,433,434,0.308440907033412,8.515220271902049
854,435,436,0.1481588878641939,0.0
855,433,435,0.2865279903619235,0.18173904547368427
856,433,436,0.4269139647064807,0.3775417508464696
857,437,438,1.3543246682342,2728.518204637545
858,438,1173,1.075865170919866,2143.572447364757
859,438,1174,1.370371701434318,2.4165515625301826
860,436,439,0.8158513354835895,0.0
861,434,439,0.9335990010598628,25.14582929792288
862,435,439,0.9617302221542964,0.0
863,440,443,0.592847594538749,0.0
864,440,444,0.6176140064163965,2.224678017380061
865,440,445,1.4140932125479888,0.0
866,441,442,0.0787251366859712,0.0
867,441,444,2.292918067317035,16.038464032206274
868,440,441,2.3056583228499554,0.0
869,442,444,2.217407163031121,8814.698927897856
870,440,442,2.22693952734413,5.281168730889045
871,443,444,0.0431098072132365,0.041620720522441
872,443,445,0.8291587702828436,0.0
873,444,445,0.7989044604229193,0.6822036173084757
874,445,446,0.0872821142117949,0.325499515815752
875,444,446,0.8469944054607972,3375.1172954081217
876,443,446,0.8744278340912868,2.564760646028124
877,447,448,0.0884122301165994,0.1248552625694725
878,447,449,0.2551455138280769,1.3829162139594329
879,151,447,3.94399358138304,16094.375493379845
880,448,449,0.1685369755023087,0.0
881,151,448,3.867161104216957,12.344556333794454
882,151,449,3.705171599416144,66.2578638146559
883,450,451,0.0318116934600691,0.0
884,162,450,1.818088873215873,22.001902118007266
885,161,450,1.8434323540583768,0.0
886,162,451,1.8493378847506128,249.63373181066265
887,161,451,1.8745952458523387,0.0
888,101,452,3.6425633681843888,0.0
889,100,452,3.663916415081606,0.0
890,112,452,3.7165557852883255,59.917419809596325
891,453,454,0.0393430172660609,1.4181428465242953
892,141,453,1.0794249060103769,0.0
893,140,453,1.660254486729504,0.0
894,141,454,1.117325402838499,300.9946741425673
895,140,454,1.6981606636192996,12.332598390649387
896,455,457,0.1403359123242168,0.0
897,455,459,0.2586007542532931,0.0
898,455,456,0.3586016392655423,0.0
899,456,457,0.2202970355910447,294.04774202596894
900,456,459,0.5085894499653463,0.0
901,457,459,0.3194071986173566,0.0
902,458,459,0.4100105513928546,0.0
903,455,458,0.4891995350961431,0.0
904,457,458,0.6223987095802389,830.5987227592462
905,458,460,1.0104269879756618,1354.2178822465219
906,459,460,1.3696403093846088,11.988753261527474
907,455,460,1.499404231409985,28.04436445176158
908,461,1481,3.3077589395933256,1.9781978359979093
909,461,1542,3.3101796205816227,0.0
910,461,1488,3.3929787745112376,194.2173395256823
911,462,463,0.5239609150289489,9.769167845286601
912,462,465,1.2683374615455911,0.0
913,462,464,1.2942971399539047,2.4303483231407363
914,463,465,0.768867906688905,1082.8731645037146
915,463,464,0.7998175710660135,3.427336003941121
916,464,465,0.0415350754265801,0.0
917,464,467,0.2736879690517281,0.5298683919270593
918,464,466,0.3317785869769997,0.0
919,465,467,0.302318638264556,426.07220418370497
920,465,466,0.3683571340703855,0.0
921,466,467,0.1177294458621244,0.0
922,466,468,0.2779482831111037,0.0
923,467,468,0.2255777187174394,318.46136727903513
924,468,475,0.135848576759845,0.006342541156523215
925,468,474,0.2255414437095345,0.5170905369742043
926,469,470,0.1806472613541825,0.0
927,469,473,0.2006131344830365,0.12350301484246444
928,469,471,0.227573304144846,0.009282280786247255
929,470,471,0.0482221238340764,0.0012572118617872555
930,470,473,0.3710224976418864,0.07438864717086041
931,471,473,0.4138553639433601,579.8497188404743
932,468,472,0.2745524479202343,385.22438757025765
933,472,475,0.2883596513403657,0.1353083042015562
934,472,473,0.3088726940971584,432.75090194777005
935,474,475,0.1329791485400086,0.02125186988751261
936,476,477,0.0290245510888802,0.0
937,476,1101,8.648317388537496,0.08045028024261613
938,476,1102,8.657023707707518,1913.8795422956257
939,477,1101,8.631350117114177,0.0
940,477,1102,8.640021552565203,697.368086954635
941,478,479,0.2210064394467331,0.0
942,478,480,1.2454065052506502,0.0
943,478,1107,2.392495767612126,83.71692676434138
944,479,480,1.025027053539321,0.0
945,479,1107,2.177355999745524,0.898691587195455
946,480,1107,1.1765679268976696,3.055052165476693
947,481,482,0.0931240249931419,147.51456824396743
948,481,483,0.487817795426841,8.77638416737421
949,481,484,0.6589892618267775,5.130194019178484
950,482,483,0.5791981908723999,8.356842335200815
951,482,1176,0.5837314963745126,926.6381637873858
952,483,484,0.1722706992646851,0.13650155633262478
953,483,485,0.2322193859765157,2.9020653958062224
954,484,485,0.0633068466817566,0.0
955,481,485,0.7199678553838681,107.86739280737568
956,486,498,6.794856554693227,0.0
957,486,501,7.144538944300512,0.0
958,486,500,7.158157332425547,1023.4407399714376
959,487,488,0.1465234985897222,0.4321813609098532
960,487,492,1.2032988724606788,8.464667870174557
961,487,493,1.218539911771401,0.0
962,488,492,1.1221749834836552,4.111408529832477
963,488,493,1.1386899051093229,0.0
964,489,490,0.0521545593727847,0.13331980202658206
965,489,491,0.0555630506393095,0.0
966,489,492,0.7022435623327389,0.0
967,490,491,0.0202173545993012,0.10513651720898812
968,490,492,0.7221959945708243,8.321785059088356
969,491,492,0.7404879552605769,0.0
970,492,493,0.0200244061199077,0.007944673714059611
971,489,493,0.7121147281257851,2.184156880943914
972,490,493,0.7308681250204064,3023.473230313416
973,493,494,0.7466040927776979,2.3153062376886724
974,492,494,0.7589452699471216,0.0
975,488,494,1.3970262288182482,7.041132649122888
976,495,496,0.0184358253091062,0.09757524038408721
977,494,495,1.5167539584078262,9.040594724122355
978,493,495,2.2416214280927504,9239.860917597276
979,494,496,1.5148560360630026,0.0
980,493,496,2.2414732852547576,32.10840506772316
981,497,1183,0.1428701931944754,0.0
982,497,1184,0.1547334802398358,1.045566725430648
983,497,1185,0.2234764315009888,0.0
984,498,501,0.3499736686433257,4.428727003201686
985,498,1208,0.4112074991067304,0.0
986,498,1209,0.4226200129590033,0.0
987,499,1211,0.3412338390527661,0.0
988,499,1209,0.8124992973164948,8.353825005236992
989,499,501,0.9012355399324996,0.0
990,500,1208,0.2082474411076599,0.0
991,500,501,0.2672220961769213,3.495173043458512
992,500,1209,0.3522602844221362,27.09845317086144
993,501,1208,0.0872368073772439,0.0
994,501,1209,0.1021439854156043,0.0
995,502,503,0.0178715520410034,0.0
996,502,592,0.3888962891073217,4.20670490154842
997,502,591,0.423035130767216,0.0
998,503,592,0.3867554360880359,2.262312055606303
999,503,591,0.4115144779570887,0.0
1000,504,505,0.2683309376191444,0.5873635505789698
1001,504,506,0.3148111001438988,0.6014557487516708
1002,504,507,0.3490563337002497,19.866013731664083
1003,505,507,0.3509436748592719,20.782059256476323
1004,505,506,0.3791202127101401,0.506364051187429
1005,506,507,0.0816718063015388,0.0
1006,506,509,0.2982365777825606,0.0
1007,507,509,0.2184147673969856,25.156485264412577
1008,507,510,0.2334731763404573,0.23618225750589716
1009,508,1219,0.7534352759310552,3.1744719348872317
1010,505,508,0.8964513814228544,58.871580871931705
1011,508,521,1.000277694768794,0.0
1012,509,510,0.0371386231431089,0.0
1013,509,513,0.1408149071831911,15.338503278999765
1014,510,513,0.1514014415259142,0.0
1015,511,512,0.0231807439303737,0.0
1016,511,514,1.507624365999629,0.0
1017,511,513,1.5474669009841076,147.21309784066094
1018,512,514,1.4922077885275429,0.0
1019,512,513,1.5342303898178915,19.677033096921008
1020,513,514,0.1866109281038623,0.0
1021,509,514,0.3274210362881632,2.0591420169488384
1022,510,514,0.3352912621055942,0.0
1023,499,515,3.231321996416458,0.0
1024,515,1211,3.524145693697039,234.16670756828364
1025,515,1210,3.784952838359977,0.0
1026,516,517,0.0229139779313604,1.0196792579566327
1027,516,1221,0.5388232301551772,0.0
1028,516,1220,0.5766541506356236,0.0
1029,517,1221,0.5551191465198384,11.319117045897102
1030,517,1220,0.5926928807157281,3.201064772925843
1031,518,519,1.0688882304957317,0.0
1032,518,520,1.0978972265437164,108.62429714449854
1033,517,518,1.4933465426869148,113.95448233428603
1034,519,520,0.0397321181069804,0.0
1035,519,575,1.8384876470231224,12.427253986621967
1036,520,575,1.8058955042160527,208.75136512854627
1037,521,522,0.0571598516932758,0.12446540850314587
1038,521,1219,1.5600623339757405,2.5465321079645484
1039,508,522,1.0509380046376016,73.96614820729452
1040,522,1219,1.59617466473243,6961.490835397915
1041,523,524,0.0584276736835033,0.0
1042,523,547,0.5565590310687061,3.3762221706233726
1043,523,548,0.5739995650500163,0.0
1044,524,547,0.5038689668312633,0.016577482755548698
1045,524,548,0.5160679836739445,0.0
1046,525,529,0.123362400676903,0.012615056252033735
1047,525,526,0.1284052673209263,0.3242253959069947
1048,525,534,0.1974320036089071,875.8905263472773
1049,526,529,0.0114558737162529,0.0
1050,526,534,0.0903981245687236,0.0
1051,526,531,0.1124279123073797,0.28405379282833376
1052,527,534,0.2065587346855286,0.0
1053,527,536,0.2292705126767936,0.04947362164663829
1054,527,529,0.2325332847895151,0.02377896281040407
1055,528,539,0.0150453362679659,0.0
1056,528,549,0.1636874902725065,0.0
1057,528,550,0.2205309277075892,0.4479971812923448
1058,529,534,0.0864744362419785,0.0
1059,529,531,0.1199314787402055,0.0
1060,530,531,0.1435034222873134,0.36280020909608673
1061,530,535,0.1592236371764614,0.6064347397877538
1062,530,532,0.2377720120793571,0.0
1063,531,534,0.1064940651291777,0.0
1064,532,542,0.0897905120748526,0.0
1065,532,538,0.0942577411177703,415.63651331608975
1066,532,540,0.1210290657412238,540.1557188438967
1067,533,561,0.3786244632718905,0.0
1068,533,566,0.4514742628071911,2.3399923338850215
1069,533,568,0.4585184115218257,0.0
1070,535,542,0.1100066600287402,0.0
1071,532,535,0.1294015973585715,0.0
1072,535,540,0.1431364458329136,0.5448346406610658
1073,536,537,0.0171533544391815,0.0
1074,536,538,0.093476394498756,412.1677329311817
1075,534,536,0.1643631709683813,729.1747666096986
1076,537,538,0.0896663439599879,0.0
1077,532,537,0.1757705220134979,9.404715610715742
1078,539,549,0.1645002043092223,0.0
1079,539,550,0.2176197958889576,0.8694571912431608
1080,540,543,0.0327983641164757,146.4616533780914
1081,540,545,0.0335910060741084,0.0
1082,540,542,0.0389043925829879,0.0
1083,541,546,0.0318874205175138,0.03227431916971417
1084,541,564,0.0511178875580704,0.0
1085,541,559,0.0610785110513222,0.1821585509864068
1086,542,545,0.0634100559268764,0.0
1087,542,543,0.0695396475871409,0.0
1088,543,544,0.0078209111326992,0.0
1089,543,546,0.0417312364069938,186.3508437206526
1090,544,546,0.0357213143312355,0.06122044932467565
1091,540,544,0.0403773544039858,0.051650151414836816
1092,543,545,0.0454847218802456,0.0
1093,544,545,0.0523067787809451,0.0
1094,547,548,0.169837076177613,0.0
1095,547,552,0.2619153940450002,1.5951686777336087
1096,547,570,0.3077399290345242,0.0
1097,548,551,0.2570862015574544,2.8189086862251505
1098,548,552,0.2692478622724674,3.366736854745691
1099,549,550,0.0723933318430776,0.0
1100,550,551,0.1081929712858706,0.796407148825945
1101,549,551,0.1724301700085482,0.4991226506746105
1102,552,570,0.2954555243060662,1.5517740441408765
1103,553,554,0.0529880772542402,0.0
1104,553,570,0.1491981221830438,0.0
1105,553,569,0.2670217251670026,0.0
1106,554,570,0.1842191664566306,0.05436868328498477
1107,554,569,0.2246699005975576,0.0
1108,555,574,0.2235802741032476,0.0
1109,555,572,0.2303465121693109,0.0
1110,555,587,0.2511488295387091,0.4679425534074663
1111,556,557,0.0332150602892786,0.0
1112,556,559,0.039519574669542,0.0
1113,556,558,0.0428146402716346,0.0
1114,557,558,0.0355743106281087,0.0
1115,557,559,0.0646449997533781,0.0
1116,558,559,0.0479993655214638,0.1431755984605021
1117,560,565,0.0723302997199102,5.844979260752306
1118,537,560,0.303363630311923,16.243731625394357
1119,536,560,0.3102584941064346,8.446699889192285
1120,561,568,0.1914192577584278,0.0
1121,561,566,0.2124738508374406,0.0
1122,561,567,0.2182652647180449,15.224235350493016
1123,562,579,0.1213436349859505,0.0
1124,561,562,0.413643733148881,0.0
1125,533,562,0.4927816615253359,0.0
1126,563,564,0.050376126473473,0.0
1127,541,563,0.0952688467327566,0.0
1128,546,563,0.115410484015496,515.4424315341054
1129,546,564,0.0787536382847812,0.0
1130,565,567,0.2823424312290122,21.038678748541237
1131,565,566,0.2908435488743401,1.5060359052336598
1132,566,567,0.0249396215105241,0.0
1133,566,568,0.0312794564056934,0.0
1134,567,568,0.0268493172636622,0.0
1135,569,570,0.408863913807096,2.031280888431682
1136,563,571,0.1796892819551203,802.5106915463676
1137,564,571,0.2189923516703483,0.0
1138,541,571,0.2698866688684223,0.531421612198913
1139,572,574,0.0087273343020464,0.0
1140,572,587,0.0692680517659712,0.11912946211063796
1141,572,586,0.0766383078973514,0.0
1142,573,586,0.0954679865570111,0.0
1143,573,587,0.1158909972100929,0.0
1144,572,573,0.1718910827743568,0.0
1145,574,587,0.0654739932315894,0.0
1146,574,586,0.0765724472588349,0.0
1147,575,603,0.4436776429700246,0.0
1148,575,606,0.5203901080421695,0.0
1149,575,604,0.5394048621077044,78.27239175563993
1150,576,600,0.2780975454607821,0.0
1151,576,602,0.2887657951168316,21.55335196127404
1152,576,599,0.2965780960989103,0.0
1153,577,578,0.0210013160820662,0.0
1154,577,1278,3.369874540581809,93.47903373459107
1155,577,1277,3.3807558749200046,0.0
1156,578,1278,3.3636466861615544,57.9442527383761
1157,578,1277,3.374629191263004,0.0
1158,561,579,0.534102393595801,34.97694293661752
1159,533,579,0.590285773965845,0.0
1160,580,581,0.0153274260871449,0.0362972556036799
1161,580,582,0.0903999629011971,0.17971067065037458
1162,580,584,0.5299028427446276,10.794748083393461
1163,581,582,0.0884049853191798,0.0
1164,581,584,0.5295346243836828,0.0
1165,582,584,0.4411960944979532,0.0
1166,583,584,0.0525747967882425,0.5278640834790229
1167,583,585,0.0630368979807744,0.0
1168,583,595,0.1025275732984839,0.0
1169,584,585,0.0666742763738241,0.0
1170,584,595,0.1059307224407549,0.605819623058554
1171,585,595,0.0415624740802136,0.0
1172,586,587,0.0328358408489247,0.0
1173,588,589,0.130682743434094,0.0
1174,588,590,0.13765454897104,0.0
1175,588,1230,0.4095874981373257,10.702866615266663
1176,589,590,0.0271297026128125,0.0
1177,589,1230,0.2789118589340587,0.0
1178,590,1230,0.2755310672724566,0.004933827676417279
1179,591,1229,0.0145593685630901,0.0
1180,591,593,0.0554932979745959,0.0
1181,591,1254,0.1970815923097443,0.0
1182,592,1254,0.105461495543607,0.0
1183,592,1253,0.1277613958126131,2.128192322811029
1184,592,593,0.1880205422163629,0.0
1185,593,1229,0.0598636706238473,0.0
1186,593,1254,0.1420263261264738,0.0
1187,594,597,0.4458611802460775,0.4788392898459244
1188,594,598,0.4571711303367327,1.2487329383475227
1189,594,596,0.5815183634841531,11.873034989693924
1190,582,596,0.6871732079362752,0.0
1191,580,596,0.690517088141067,22.225898971941024
1192,597,598,0.0158791691157292,0.0
1193,597,1259,0.441638371246803,0.0
1194,598,1259,0.4430176686614314,0.0
1195,599,600,0.0301062611081861,0.0
1196,599,602,0.100079313869175,0.0
1197,600,602,0.120115629059803,0.0
1198,601,602,0.458361967465358,34.91845663835328
1199,599,601,0.5543713029626107,15.630517198155237
1200,600,601,0.5778998234804338,22.96438017077523
1201,603,604,0.0967848002541005,0.0
1202,603,606,0.1123414126559277,0.0
1203,603,607,0.1371688211951941,0.0
1204,604,607,0.0408586729517283,0.0
1205,604,605,0.0670563886035378,9.722411312128074
1206,604,606,0.0774575120638267,0.0
1207,605,607,0.0271405184259258,0.0
1208,605,606,0.1244655175432199,1.1707126548960318
1209,606,607,0.0996736716960453,0.0
1210,605,608,0.1812250336179439,1.034641115259187
1211,607,608,0.199212998267116,0.0
1212,604,608,0.2366190812717727,0.0
1213,608,609,0.4092106794139131,0.0
1214,605,609,0.5794391639043879,8.347929170281544
1215,607,609,0.60189706729278,0.0
1216,610,1274,0.0759365289492478,0.0
1217,610,1271,0.0946835694829759,0.0
1218,610,1272,0.2008168074546046,4.973807068873229
1219,611,612,0.0963646716283646,0.5818648666238333
1220,611,613,0.1006532063413713,46.78503166350107
1221,611,1333,0.7347656430611703,348.51365152670866
1222,612,613,0.0927198601483045,0.0
1223,612,620,0.7097353366950871,0.0
1224,613,620,0.688711161967758,310.7318022278178
1225,614,1343,0.0799979584553957,0.0
1226,614,617,0.1309451491315416,0.0
1227,614,1340,0.2841198446148243,0.0
1228,615,616,0.0467528897181693,0.0
1229,615,617,0.3742254470806311,338.9124201237058
1230,614,615,0.3765148280190444,3.6128738339882127
1231,616,617,0.3285928421079611,0.0
1232,614,616,0.330323689752781,0.0
1233,617,1343,0.1008222778050549,0.0
1234,617,1340,0.2542211516487253,0.0
1235,618,1330,0.0182915877955582,0.0
1236,618,1312,0.655038346172845,144.9104222406488
1237,618,619,0.7212809882071368,161.3134153381541
1238,619,621,0.2837407360881879,70.30671885622533
1239,619,622,0.3461084605095731,0.0
1240,619,624,0.3830764291553474,0.0
1241,620,680,0.6990885874176729,307.4476522100249
1242,621,622,0.066772223122557,0.0
1243,621,624,0.0993434063881372,0.0
1244,621,623,0.1690212186157404,41.859858898481484
1245,622,624,0.0470334382968018,0.0
1246,622,623,0.1123640687638046,0.7279631081452616
1247,623,625,0.0362663364058918,0.0
1248,623,624,0.0697387546989091,0.0
1249,624,625,0.0866295084228624,0.0
1250,622,625,0.1194497356050519,0.0
1251,625,626,0.1440358247217165,0.0
1252,623,626,0.1642065734958225,22.271417305974673
1253,624,626,0.2296620346580808,0.0
1254,627,628,0.101714206922914,0.0
1255,627,679,0.148801214018086,0.13136808813456602
1256,623,627,0.3287611099032442,0.0
1257,628,679,0.1959549053458439,0.3766251194026321
1258,623,628,0.2532154064839077,0.0
1259,629,1344,0.0742161234311292,0.0
1260,629,1339,0.2399347766822526,1080.628556189682
1261,629,1342,0.3081046455470138,1.225823469430985
1262,630,632,0.0130296113937635,0.0
1263,630,631,0.0378659048105772,0.0
1264,630,639,0.0741649732893941,0.06741094655630606
1265,631,632,0.0396667452940742,0.23310106490085478
1266,631,639,0.1062862462176886,0.0
1267,632,639,0.067077000225958,0.0
1268,633,1327,0.2151598452653841,0.0
1269,633,1345,0.3435930379148244,24.294059013636662
1270,633,721,0.4106512459527176,0.0
1271,634,635,0.3359003017998208,0.0
1272,634,666,0.6234741206018487,42.97130131747535
1273,634,675,0.6650697313035808,0.0
1274,635,666,0.2879609421939704,0.0
1275,635,675,0.3300238550171371,0.0
1276,636,637,0.0239210451463362,0.0
1277,636,638,0.1116016050280926,0.0
1278,636,647,0.3197427305090831,26.315859248762035
1279,637,638,0.1018233745412885,0.0
1280,637,647,0.3043916161211085,0.0
1281,638,647,0.2116826642447425,0.0
1282,639,640,0.0135623249474496,0.0
1283,640,641,0.0715384781636454,0.42027903010500467
1284,632,640,0.075759494135427,0.4451456053433183
1285,639,641,0.0840731223809429,0.8120387673072944
1286,641,645,0.1323260783120634,0.0
1287,642,643,0.0348343860878876,0.0
1288,642,644,0.2887883701029659,0.0
1289,615,642,0.4595998333576024,0.0
1290,643,644,0.2594492270103252,0.0
1291,615,643,0.4343078300905524,397.661267777925
1292,644,661,0.2690109055948484,9.551285528930094
1293,645,653,0.1411531424131775,0.0
1294,645,654,0.1423191841841994,1.2918892181432025
1295,646,651,0.0287575453266993,0.0
1296,646,667,0.2380440078434458,1.1384136908931919
1297,646,647,0.313617585540893,0.0
1298,647,652,0.0304940366762657,2.5089686222118437
1299,647,650,0.0306923441391548,0.0
1300,647,670,0.1053197532500635,0.0
1301,648,649,0.235378508561102,28.68279014234463
1302,648,737,0.2611064792983862,0.0
1303,648,721,0.301788660040794,0.922976354765513
1304,649,737,0.0371083269605129,0.0
1305,649,673,0.3999082605093445,48.70140415713356
1306,650,652,0.0249323684778429,0.0
1307,650,670,0.0787084061759554,0.0
1308,651,667,0.2097924859184214,0.0
1309,647,651,0.2911635397610273,0.0
1310,652,670,0.0780728643877131,0.0
1311,653,654,0.0398383132361183,0.0
1312,641,653,0.2622596319492054,0.0
1313,641,654,0.2717014424976879,5.799392206869834
1314,655,656,0.0607582249252798,0.0
1315,655,657,0.1317741604908689,0.16956038070838775
1316,655,723,0.1357344862736239,0.0
1317,656,657,0.095063899368261,0.0
1318,656,658,0.1347773544803615,292.50114262613937
1319,657,658,0.1749315329541033,1.1505787476852023
1320,655,658,0.189349570269489,2.1315151064056117
1321,659,736,0.1080916275994679,0.996566885100555
1322,659,660,0.1315723082463343,0.0
1323,658,659,0.3355693209622251,0.4635039683335715
1324,658,660,0.2048337753099819,0.0
1325,660,736,0.2355367537290006,0.0
1326,643,661,0.5106685402784654,469.9501653093584
1327,642,661,0.5338034985888044,1.8351322101029814
1328,642,662,0.8013394888217118,0.0
1329,643,662,0.8323691851081126,0.0
1330,644,662,0.9842575842603296,28.29849150329134
1331,663,664,0.0152350651187558,0.0
1332,663,685,0.2170652891810549,0.0
1333,663,684,0.2400939704030439,0.2729256087319974
1334,664,685,0.2174903417300119,0.0
1335,664,684,0.2414096914320945,11.018579840962365
1336,665,675,0.0457889300295558,0.0
1337,665,666,0.0782780711244454,5.742258573911702
1338,665,693,0.2365611360966278,17.347417321658916
1339,666,675,0.0676299478476673,0.0
1340,667,671,0.1246121865336403,0.9003233352033979
1341,652,667,0.12930580334229,0.0
1342,647,667,0.1478598683901665,0.0
1343,668,669,0.0182274177296624,0.0
1344,668,670,0.2691483283504825,4.0344414119542815
1345,650,668,0.28583584061895,0.0
1346,669,670,0.2660967605473479,1.8655940169534577
1347,650,669,0.2878036787968526,0.0
1348,670,671,0.0629697723606712,1.3848840519854932
1349,652,671,0.1187445908817883,9.76869006972733
1350,672,673,0.0263251617689501,0.27304900947914873
1351,649,672,0.4149877768844935,0.0
1352,672,737,0.4401210617335608,0.0
1353,673,737,0.4236391254981411,5.39439119574194
1354,674,676,0.0974042465836222,0.0
1355,674,694,0.1279445876522316,14.253894126539157
1356,674,691,0.1405100131059987,0.0
1357,675,693,0.2757808391024988,0.7460536110586534
1358,676,691,0.0819489053688768,0.0
1359,676,694,0.1432358672601753,0.0
1360,677,678,0.013830773925529,0.0
1361,626,677,0.4598205371219914,5.68854746199981
1362,625,677,0.6012340745987911,0.0
1363,626,678,0.4661451353305906,5.470829033647852
1364,625,678,0.6081492685606524,0.0
1365,623,679,0.4491492417064593,174.9453181058056
1366,680,807,0.9070088387940484,5.649499358755137
1367,680,683,0.9677602720368522,398.9411399457515
1368,681,682,0.1393310841006611,0.0
1369,679,681,0.5336746176115308,0.0
1370,627,681,0.6679695957281347,0.0
1371,679,682,0.6215791489235897,243.56836704248192
1372,682,683,0.648351174633143,257.9968456118997
1373,683,807,0.1265853862055259,0.0
1374,681,683,0.7742816509725226,4.550062959125286
1375,684,685,0.0270371605770861,0.0
1376,684,716,0.200751379204657,9.386178446557652
1377,684,700,0.2325054896922388,0.0
1378,686,704,0.0265924057341827,0.0
1379,686,688,0.0518254854956798,0.5678898607991548
1380,686,703,0.0574280348003453,0.0
1381,687,701,0.0225857378618606,0.0
1382,687,702,0.049422888799983,0.0
1383,687,689,0.0520827953553871,0.5708646165152632
1384,688,703,0.0204349646039257,0.0
1385,688,704,0.0662280536765329,0.0
1386,689,702,0.0255151592848645,0.0
1387,689,701,0.0515205620293815,0.0
1388,690,766,0.0248056333714418,0.0
1389,690,761,0.0267344119425209,0.0
1390,690,769,0.0326813431410099,0.0
1391,691,694,0.0990089086913812,0.3895999499131697
1392,692,708,0.017205320386846,0.0
1393,692,709,0.0414030403487861,0.0
1394,692,713,0.0467094754102212,0.0
1395,693,697,0.0537702622564817,0.0
1396,693,699,0.0790951682805599,6.012071515973506
1397,693,707,0.1121359242379509,0.0
1398,695,808,0.0270944797061824,0.0
1399,695,814,0.0315511973720664,0.0
1400,695,809,0.0532373612416106,52.44592270873542
1401,696,710,0.0247993791812116,0.03154853395743842
1402,696,757,0.0986764630773809,0.0
1403,696,786,0.3701242931095047,1671.4217191270138
1404,697,699,0.0367774100966224,0.0
1405,697,715,0.070569699085813,1.0736245303338487
1406,698,707,0.0670738971151268,0.0
1407,697,698,0.1281720581222507,1.950481278789311
1408,693,698,0.1326928620502916,0.0
1409,699,715,0.0433425168407469,3.2940527381978337
1410,700,716,0.058867513867067,0.01903207493507191
1411,700,718,0.0881973368925917,0.14627684885031506
1412,701,702,0.0378383830015703,0.0
1413,703,704,0.0634402509061261,0.0
1414,705,706,0.0613440887015427,0.11593073041364228
1415,704,705,0.5002808858549689,3.039120778868356
1416,686,705,0.5097000943262839,8.121866661321471
1417,704,706,0.4439714736674302,0.0
1418,686,706,0.4547225461037552,0.0
1419,697,707,0.0815978762751578,0.0
1420,699,707,0.10866673050602,0.0
1421,708,713,0.0322270873356639,0.0
1422,708,709,0.0396167733472516,0.0
1423,709,712,0.0342996128985877,0.0
1424,709,713,0.0344530076570818,0.0
1425,710,757,0.0823351465201458,0.0
1426,710,786,0.3669154971993169,0.9742162675464353
1427,711,717,0.0868992865986399,0.0
1428,711,714,0.1368216361880615,0.0
1429,711,754,0.2042787312927119,0.0
1430,712,713,0.0386924291348841,3.5735625831860016
1431,708,712,0.0639066321789466,0.0
1432,714,754,0.0678124927560879,0.0
1433,714,717,0.2135040805223466,0.0
1434,713,715,0.1135090779506227,10.485278959029825
1435,716,718,0.1154889667643709,4.734478405481121
1436,712,717,0.2009961187677576,18.558680020365323
1437,709,717,0.2109944973642371,1.2392774901854755
1438,718,792,0.2843866441831781,774.4079030861645
1439,719,761,0.0977078830073086,0.0
1440,690,719,0.1083147032367349,0.0
1441,719,770,0.1190643980573116,0.0
1442,720,759,0.0612138695446972,0.0
1443,720,762,0.0755133877309231,8.704588194765583
1444,720,763,0.079728459826607,0.0
1445,721,1345,0.0671005026909038,0.0
1446,722,723,0.2022632306657403,0.0
1447,655,722,0.3352965165471412,1.109483321124676
1448,656,722,0.3886308950884455,843.4109487353716
1449,656,723,0.1864778938113015,0.0
1450,724,725,0.165319027728481,0.0
1451,724,726,0.1905016047069814,0.0
1452,724,745,0.4089479473515134,3.529307410616469
1453,725,726,0.0252016451946035,0.0
1454,725,745,0.2522017167294136,0.33381553391457464
1455,726,745,0.2289217569915434,1.2713651582330752
1456,727,745,0.0806745533208125,0.45829785049204397
1457,727,743,0.1749245468294732,0.0
1458,726,727,0.2378492449270207,0.0
1459,728,743,0.0839804443032674,0.5508099630134119
1460,728,744,0.0997242824261727,0.0
1461,728,741,0.218321324572202,0.0
1462,729,731,0.0590026790185264,0.0
1463,729,730,0.1677121371563309,0.0
1464,729,735,0.5547060852621729,2.362654125350914
1465,730,731,0.1113455034139158,0.0
1466,730,735,0.3975247185081375,0.451284611845174
1467,731,735,0.5050718550206916,0.0
1468,732,733,0.1849106164691471,0.1812084158293837
1469,732,735,0.310435135752509,1.7545004431326836
1470,732,734,0.3604561580396938,742.6911607819212
1471,733,735,0.1700710713787133,0.007404713346993212
1472,733,734,0.491580003019897,0.0
1473,734,735,0.5068272509355553,0.0
1474,658,736,0.4403398103430533,963.2477091077266
1475,738,739,0.2675251629733802,0.0
1476,738,740,0.2800186514215335,4.264102087746921
1477,736,738,1.117675736467334,2.5215008156313092
1478,739,740,0.0246882053896368,0.14730887962290432
1479,736,739,1.3847818681242234,1.5269129507485224
1480,736,740,1.3954976616269277,3069.6410446534187
1481,741,742,0.0285262639582597,0.0
1482,741,746,0.1707084593155828,0.0
1483,741,744,0.2007598236672322,0.0
1484,742,746,0.1541600656720303,0.0
1485,742,744,0.2260710050161836,2.2340281841201692
1486,743,744,0.1287508374537733,0.0
1487,744,747,0.1884799876540112,131.8520237527733
1488,743,745,0.2003791698461082,0.0
1489,745,747,0.2168512046247841,0.0
1490,744,746,0.3651398814484555,251.9735991953915
1491,747,748,0.0909741925247282,63.629359346435486
1492,743,747,0.193243087442541,0.0
1493,745,748,0.2355019761473798,4.987350209098947
1494,743,748,0.2748880784920622,1.8023603824408727
1495,749,750,0.0938810988218788,0.0
1496,734,749,0.7060231085731283,0.0
1497,735,749,0.7812145489203837,0.0
1498,734,750,0.7826309304946419,1610.8502868680735
1499,735,750,0.8750454033898549,0.5910401391113257
1500,751,752,0.0785394150725188,0.0
1501,751,753,0.2254584981686942,0.0
1502,751,831,0.495629269295074,1180.969697894036
1503,752,753,0.3012026412191894,0.6829354592634804
1504,752,799,0.521194807782288,0.43679498958509455
1505,753,831,0.2703307821029333,1.0560707435400958
1506,717,754,0.2809791935141834,750.9337650158564
1507,755,756,0.0242837869071928,0.04294035752125656
1508,716,755,0.6062355683528902,0.0
1509,718,755,0.6235133359578878,5.378167596400291
1510,716,756,0.6129579973935628,5.752494527512652
1511,718,756,0.6258088356461731,1671.803714202046
1512,757,786,0.2980189320315475,0.0
1513,758,760,0.0208757868313572,0.0
1514,758,759,0.0907647733458821,0.0
1515,758,762,0.092816353748977,0.21969712217179652
1516,759,762,0.014504737810558,0.0
1517,759,763,0.0192937878463306,0.0
1518,759,764,0.0349923646728949,0.0
1519,760,764,0.096580046434834,3.759090274275556
1520,760,762,0.0986257667379786,0.0
1521,761,766,0.026913857386948,0.0
1522,761,770,0.029365001116571,0.0
1523,762,763,0.0097574921053569,0.0
1524,762,764,0.0206826030602132,2.4328716923474274
1525,763,764,0.0226583479880903,0.0
1526,764,768,0.0212736279000146,0.0
1527,765,795,0.0228013090364535,0.0
1528,765,770,0.0647605485578023,0.0
1529,765,793,0.0675241185144851,0.17387219578085933
1530,766,769,0.018710044974995,0.0
1531,766,772,0.0231172812194341,0.0
1532,767,771,0.0302368757594492,0.0
1533,767,768,0.051935565943811,0.0
1534,764,767,0.0549609402453139,8.603442417251157
1535,768,769,0.0167558813147363,0.0
1536,768,771,0.0228748379633332,0.0
1537,763,769,0.0275423933372244,0.0
1538,770,793,0.0206115271820307,0.0
1539,770,772,0.027277557356705,0.0
1540,764,771,0.0262093312320558,0.0
1541,772,794,0.0183111154618729,0.0
1542,772,793,0.0206731882128911,0.0
1543,773,776,0.1067420354953894,0.12932660334281376
1544,773,775,0.1219924890984805,273.84588082144415
1545,773,774,0.1370595075867745,0.0
1546,774,775,0.0293425916026004,0.0
1547,774,777,0.0346010256316841,0.0
1548,774,776,0.0526129416411608,0.0
1549,775,776,0.0239819384179392,0.0
1550,775,777,0.0301945555978335,67.7812016684366
1551,776,777,0.0487264059930448,0.3559563834354096
1552,778,781,0.0402233885231491,0.043313024820404666
1553,778,780,0.3039565966818034,0.0
1554,778,779,0.3601461560311329,1.854045915142913
1555,779,780,0.0617193767544571,0.12641730090355083
1556,779,781,0.3646336757658732,822.3463018199311
1557,780,781,0.3057780553016461,0.12620621475698535
1558,782,789,0.1838624520313881,0.0
1559,782,820,0.2153194443450156,0.0
1560,782,813,0.4645817251289783,4.089486507561197
1561,783,787,0.0349156066711468,0.6479087899149127
1562,783,785,0.2312821159946692,0.0
1563,783,784,0.2734047703041394,0.0
1564,784,785,0.0525597143477731,0.0
1565,784,787,0.2633845442082506,7.196433250639504
1566,785,787,0.217443933725302,0.0
1567,786,788,0.0256606344515129,0.42621611722796815
1568,786,800,0.1276264067629249,0.1525352627395531
1569,786,805,0.1370362775370587,616.761491337034
1570,788,800,0.1333244769295096,0.0
1571,788,805,0.1345150659209427,4.413259717960019
1572,789,820,0.3686701844252906,0.0
1573,789,827,0.4528807605736304,7.187214565764129
1574,790,792,0.0263585352833012,0.013054584012053432
1575,790,791,0.04711410631485,0.0
1576,790,818,0.0868560828932755,0.17892694943705817
1577,791,818,0.0514527034019836,0.0
1578,791,792,0.0665749508960777,0.0
1579,792,818,0.1116323219723322,304.28154036866835
1580,793,794,0.017489556261749,0.0
1581,770,794,0.0357416789206332,0.0
1582,793,795,0.0621260815394145,0.24941583121436017
1583,770,795,0.0665381357967301,0.0
1584,794,796,0.0682931728555028,0.0
1585,767,796,0.0762801690749696,0.0
1586,793,796,0.0802177132844666,0.5285244330045238
1587,797,798,0.0406777844181139,0.07974684288654135
1588,796,797,0.1354866718959066,0.0
1589,767,797,0.1844400117359966,0.0
1590,796,798,0.1727359110224565,1.137788354497533
1591,767,798,0.2136848383310497,33.441550681747074
1592,751,799,0.5942995064438138,1415.0916653047143
1593,753,799,0.8196342648980659,0.3610081618049623
1594,800,805,0.0430464511861135,0.0
1595,800,815,0.0541494072427799,0.0
1596,800,801,0.0614882948257589,0.07350084512273092
1597,801,804,0.0168677414870059,0.0
1598,801,816,0.0574941187768511,0.1428740373322875
1599,802,803,0.013089821855942,0.0
1600,802,816,0.0756080136812099,0.0
1601,802,815,0.0956260505548611,0.0
1602,803,816,0.0882316998211528,0.21920368597810436
1603,803,815,0.1032410188656691,468.045841836105
1604,804,816,0.0440724637035706,0.0
1605,800,804,0.0716419083672011,0.0
1606,805,815,0.0136248398453426,61.76855743932402
1607,805,816,0.0709231070084666,0.0
1608,806,809,0.0153116833329,0.0
1609,806,821,0.0244262471407824,0.0
1610,806,808,0.0413490294184901,0.0
1611,682,807,0.7744520998739257,0.0
1612,681,807,0.9008598460515824,0.0
1613,808,814,0.0227580218014496,0.0
1614,808,809,0.0266156519111456,0.0
1615,809,821,0.0376430576061676,37.08030073882322
1616,810,832,0.0176415263507354,0.0
1617,810,812,0.025745127479728,0.0
1618,810,833,0.0351899085323371,0.0
1619,811,823,0.021051296671981,0.0
1620,811,821,0.0673229600948936,68.7239861884575
1621,806,811,0.0916329197459127,0.0
1622,812,832,0.034743073925746,0.0
1623,812,833,0.0381519544598722,1.6845774820302506
1624,813,1369,0.1205752850131499,0.0
1625,813,1365,0.1943602233442248,3.046696574035781
1626,813,820,0.2493134404023734,0.3699914498150431
1627,809,814,0.0421960659651088,0.0
1628,815,816,0.0627761964979935,0.0
1629,817,819,0.0364838001850307,0.0
1630,817,818,0.0601503915538164,164.0830348767278
1631,791,817,0.1063739096053216,0.0
1632,818,819,0.0346289069843585,0.0
1633,791,819,0.0717730058594074,0.0
1634,821,823,0.0594545819110621,0.0
1635,822,825,0.4576507965911294,0.0
1636,822,824,0.7062895695218004,19.951991218965826
1637,695,822,0.8744106624612072,0.0
1638,806,823,0.0823349314003504,0.0
1639,806,824,0.2026957907513727,0.0
1640,809,824,0.2089776380501296,0.0
1641,821,824,0.2108095306206968,7.562110805991914
1642,824,825,0.2493997776840752,1.9122887119683982
1643,695,825,0.4361935134461965,0.0
1644,806,825,0.4441461694790908,0.0
1645,812,826,0.182450359650036,8.058543203272576
1646,826,832,0.2060119884075516,0.0
1647,810,826,0.206576001117803,0.0
1648,827,829,0.0257858303941872,0.0
1649,827,1363,0.340956571098679,5.405107957843166
1650,827,1364,0.3501715504105906,0.0
1651,828,834,0.0332670237293843,0.0
1652,828,835,0.0412150782791316,0.33413471966294395
1653,828,836,0.0766176501830567,208.4006507850357
1654,829,1363,0.3164753183929727,0.0
1655,829,1364,0.3257532539257696,0.0
1656,830,1370,0.0468196836036532,0.0
1657,830,1371,0.2210246877806207,0.0
1658,830,831,0.2257859981797884,0.0
1659,831,1370,0.1811828531625628,0.0
1660,832,833,0.0528307239499923,53.913606498959126
1661,834,835,0.0198985238048062,0.0
1662,834,839,0.0643030678086182,0.0
1663,835,839,0.0445080740217343,0.3608779663993569
1664,836,843,0.0224741144835396,61.000916487245675
1665,836,839,0.0295496583829023,0.0
1666,836,842,0.0357393691761298,0.0
1667,837,1350,0.0223150765915859,0.0
1668,837,843,0.0640829274414347,0.36197808587028113
1669,836,837,0.0650971054456298,0.15158287505241555
1670,838,1349,0.030440537365209,0.0
1671,838,839,0.0607380648805424,0.0
1672,838,842,0.0654218708043828,0.0
1673,839,842,0.0226957639250763,0.0
1674,839,843,0.0386249798616423,0.0
1675,840,841,0.0522986314317455,0.3929898859278077
1676,840,1360,0.053162551155423,239.97162563975624
1677,840,1361,0.0706398966022944,0.0
1678,841,1361,0.0505954169382701,0.0
1679,841,1360,0.0703289150251339,0.0
1680,842,843,0.0295952516424335,0.0
1681,844,1659,0.2432266047964657,0.0
1682,844,1652,0.9779473115018495,0.0
1683,844,1620,1.8559322437889745,10.983345925062752
1684,845,846,0.0449226582001064,0.0
1685,845,848,0.1410376155634548,0.6631409293566093
1686,845,847,0.1465143166246385,0.0
1687,846,848,0.1348612144520528,0.7160312056817237
1688,846,847,0.1536613547262597,0.0
1689,847,848,0.0444116198061175,0.0
1690,847,849,1.049846212115938,21.43748894971707
1691,848,849,1.086335994203602,0.0
1692,845,849,1.1677233886453164,0.0
1693,848,850,1.033615818189131,13.599296806959854
1694,850,853,1.0526817378861442,62.624710926563395
1695,847,850,1.069044189081949,27.324772860962984
1696,851,852,0.0191402959914251,1.1800645119053421
1697,851,1672,0.043451018803891,0.4293763388531236
1698,851,1673,0.0759598530588824,312.41469441561304
1699,852,1672,0.0497526479303149,0.0
1700,852,1673,0.0802654882934026,0.09011980086137461
1701,853,1674,0.6376220823100315,0.0
1702,852,853,0.6475049655180912,38.05642214643848
1703,853,1675,0.6574089205511467,13.511711984410654
1704,854,855,0.0153488939841884,0.0
1705,854,857,0.7478339502615858,8.62187445643133
1706,854,858,1.1050904924523255,0.0
1707,855,857,0.7484639511271082,4.260186783490922
1708,855,858,1.105091605306476,0.0
1709,844,856,2.867347410705752,0.0
1710,856,1659,2.9233588671834205,110.86240829630108
1711,856,1652,3.713107126304408,0.0
1712,857,859,0.3578575423166437,1063.3296769620968
1713,857,858,0.3588945290855279,0.8469073021187137
1714,858,859,0.0180378182077197,0.007361602278629718
1715,854,859,1.105164487967209,3.3559059979122567
1716,860,861,0.0170578246578818,0.0
1717,857,860,2.538716958455111,7581.011580175177
1718,860,899,2.5644121472772987,7675.465866441906
1719,861,899,2.5510356363355444,34.274172934481506
1720,857,861,2.555498166985584,4.808369501084839
1721,862,1649,0.4668871261579287,0.0
1722,862,863,0.8855337190986354,0.0
1723,862,1648,0.8957144159897621,2.7260042476855935
1724,863,1648,0.1004646102562324,0.0
1725,863,1647,0.4273446025245724,0.0
1726,863,1646,0.4332442590080269,4.54796780600959
1727,862,864,4.6616015832630975,0.8390895251572195
1728,864,1649,5.0459775487563965,6619.707487219335
1729,863,864,5.481668391362024,3.7744033005018296
1730,865,866,0.0213481726729947,0.0
1731,865,1695,1.2254272992709292,0.0
1732,865,1696,1.3989600763171417,1.2125585894745543
1733,866,1695,1.212699948144981,0.0
1734,866,1696,1.3876926251650563,0.6120014202298526
1735,866,867,4.2455070718177055,7.378295825286843
1736,865,867,4.2596174837253455,96.66428806478031
1737,867,1695,4.661645573299066,5874.883192996708
1738,868,875,0.2456593589543577,0.0
1739,868,874,0.2483595900340253,0.03638803310832028
1740,868,873,0.2843302757599179,407.4090071379923
1741,869,871,0.0322022327967426,0.0
1742,869,872,0.0649122078406398,0.0
1743,869,870,0.102282495390736,0.0
1744,870,871,0.1158826112162362,0.0
1745,870,872,0.1625683161293568,0.2773377081863885
1746,871,872,0.0480227978483623,0.0
1747,872,873,0.1992635084103594,0.029012308578177822
1748,871,873,0.2471270163722757,0.0
1749,869,873,0.2601769284545362,375.1185688983994
1750,874,875,0.0360251665150966,0.0
1751,874,876,0.1991227554704134,0.0021069156776051174
1752,875,876,0.1966735696425716,0.0
1753,868,876,0.4423085290148852,632.8689238808275
1754,877,878,0.2237502292289176,1.019854051649917
1755,870,877,1.1125390353584377,0.0
1756,869,877,1.2095470903021244,0.19851531479348072
1757,870,878,1.3342231741994075,41.86710494808772
1758,869,878,1.431914550389252,2060.508130443647
1759,879,880,0.09376941898725,0.0
1760,879,881,0.2614675297423287,0.0
1761,873,879,0.4809697133935103,0.5169274857966657
1762,880,881,0.1838306405632845,0.0
1763,873,880,0.549512045725123,0.0
1764,873,881,0.7332569826898722,6.776243274914988
1765,882,885,0.0167554666643603,0.010143907301667662
1766,882,889,0.2961804774837908,0.060133852725202185
1767,882,891,0.4300588415593458,0.025401533550582906
1768,883,884,0.0171726024559538,0.007792208664953488
1769,883,1675,0.4977100947974683,0.0
1770,883,1673,0.5003149024924468,0.7286859598548385
1771,884,1675,0.498225702278338,11.467342011610786
1772,884,1673,0.5024179132192248,2066.3989174993026
1773,885,889,0.2858597961140319,809.0571774173801
1774,885,891,0.4231935352818535,552.8614647679522
1775,886,887,1.475970485936798,0.14143203430885323
1776,886,888,1.476162644136937,2223.0364929498314
1777,878,886,1.7954019758256754,2678.9098385031984
1778,887,888,0.0138665878376176,0.0
1779,887,892,0.5139070091331231,0.11702529334847851
1780,887,891,0.525433981184847,0.5299391309604047
1781,888,892,0.5099532094605013,102.40104893098797
1782,888,891,0.5223409597446669,682.0408163958932
1783,889,891,0.1599929456872237,0.011974456882222127
1784,889,892,0.1946043263089743,0.0
1785,889,894,0.2516292412037227,712.061238993222
1786,890,897,0.1416521024452242,0.19748151628114527
1787,890,895,0.1709450762497948,0.0
1788,890,894,0.1772801680554154,0.24702769712795886
1789,891,892,0.0353249648966113,0.0
1790,891,894,0.1636978579602427,0.01083182494428053
1791,892,894,0.1523102095176538,30.4672653264663
1792,892,893,0.1626059103529637,0.15943259511494745
1793,893,895,0.0698395919866148,0.0
1794,893,894,0.0777146956110004,1.1261039219076276
1795,894,895,0.0519031257261522,156.43951810569004
1796,896,900,0.1029787818282849,310.39300793875975
1797,896,901,0.1150538575063543,0.0
1798,895,896,0.175426663540942,528.7536228285248
1799,896,897,0.1826642372346457,0.0
1800,897,900,0.1929747406785676,0.0
1801,898,901,0.1192829030295493,0.017756934549802227
1802,896,898,0.2277673355032221,0.0
1803,893,898,0.2516342920292151,3.894345216520063
1804,899,902,0.3144696130711641,0.0
1805,899,900,0.4177903964571142,1260.310886143166
1806,897,899,0.5046557857485712,0.08815272280078128
1807,900,902,0.1396818632612818,0.0
1808,900,901,0.1637366972731927,0.3878967298948873
1809,897,902,0.1958508958656697,0.0
1810,896,902,0.2274309154643536,0.0
1811,903,904,0.1749083213526666,0.0
1812,898,903,0.2683704781472179,0.5787074379223088
1813,901,903,0.3538044898433185,0.1499803583493534
1814,898,904,0.4369351304806905,5.598966520146765
1815,901,904,0.5066294469106545,0.9113412513294328
1816,905,906,0.0138443509050143,0.09842774756965395
1817,905,908,0.3089136034457745,0.08802001634279118
1818,905,907,0.3098116782008207,0.263659227275614
1819,906,908,0.30802865850352,531.6900241145597
1820,906,907,0.3095286551552184,382.95215320315094
1821,907,908,0.0135030245930262,1.6789809893283894
1822,909,910,0.1752329735212953,0.0
1823,909,911,0.2839389072856726,1.5697688799395841
1824,909,920,0.4858178662730876,0.0
1825,910,911,0.1093803502676771,0.0
1826,910,920,0.3543504455432407,0.0
1827,911,920,0.2826016513243214,0.0
1828,912,924,0.3083160316625729,0.0
1829,912,921,0.3591783862679568,0.0
1830,911,912,0.4132986974901099,7.859647799700312
1831,913,927,2.149324059770601,9.943409429371243
1832,913,929,2.1778160189420066,3972.8022537569996
1833,913,928,2.1814410300823632,3.1633112462070936
1834,914,915,0.0360718161470441,0.3070693908233426
1835,914,917,0.1432557953851084,0.0
1836,914,916,0.1451866348488937,0.20142875174495284
1837,915,916,0.1405164962516556,188.53125233318002
1838,915,917,0.1420708756121095,0.8509390538826178
1839,916,917,0.0138393937729002,0.003804501654086151
1840,918,920,0.0540893839522874,0.0
1841,911,918,0.3128545289754907,0.0
1842,910,918,0.3716742314433776,0.0
1843,918,919,0.4747918042268439,0.0
1844,919,920,0.5239340769463514,0.0
1845,911,919,0.7686886753555736,7.477057442157648
1846,921,924,0.1651432205781049,0.1877945525821086
1847,921,925,0.3794163521435142,0.0
1848,922,923,0.0704509881869484,0.2346160624492892
1849,922,924,0.5103792023854627,0.0
1850,912,922,0.5598504465108458,0.0
1851,923,924,0.5559263825345201,8.09926586240297
1852,912,923,0.6266657434958076,11.889957759011175
1853,924,926,0.3547139031692777,2.2803631915582376
1854,925,926,0.0168339035901211,0.0
1855,924,925,0.3603797589022623,2.5335484280308167
1856,921,926,0.381164419684072,0.0
1857,927,929,0.0288253868382771,0.0
1858,927,928,0.0341404757757,0.0
1859,927,937,0.1089917096029838,0.011250491997770439
1860,928,929,0.0164636479716959,0.0
1861,928,937,0.0820400306830399,0.0030409811815515736
1862,929,937,0.0802272663308065,145.64308679095595
1863,930,931,0.014414153903999,0.12217285080974484
1864,930,932,0.4009268467463404,2.9732283942360445
1865,930,933,0.5557916359102786,732.8229864670465
1866,931,932,0.3985397853713626,0.4116825555593045
1867,931,933,0.554713017495768,0.0
1868,932,934,0.1566259925440676,0.7972144237277151
1869,932,933,0.1613924078517461,0.0
1870,933,934,0.0426904454453225,0.0
1871,933,935,0.4779470061994239,0.0
1872,934,935,0.4756900380073238,1.848332851923082
1873,935,936,0.1009110407867998,0.0
1874,934,936,0.5746791450270526,0.0
1875,933,936,0.5750110841634402,736.1545661673601
1876,938,939,0.0143823826107109,0.0
1877,937,938,0.8829093082143001,0.14963442453887113
1878,929,938,0.9058894982539204,6.274491894488057
1879,937,939,0.8913004685653323,0.12385004994902135
1880,929,939,0.91524628158228,4.838241826788364
1881,940,944,0.1915882626098509,0.0
1882,940,942,0.199197821487787,0.8014300480290284
1883,940,941,0.3225304876054651,0.02082604629000545
1884,941,944,0.1519362011699389,0.07791828339399723
1885,941,945,0.1756560473686059,0.0
1886,941,943,0.1925782862469439,0.0
1887,942,943,0.1990219661407851,0.07598750277370486
1888,942,945,0.2259655738836704,409.86010632535096
1889,943,945,0.0341883843245905,0.0
1890,942,944,0.2286070272490881,0.5096108954163728
1891,945,954,0.1718772671739259,0.0447274828274962
1892,945,955,0.1747844471943705,317.1051845018994
1893,946,947,0.0154197437378926,0.018148074526736897
1894,936,946,0.6087341280875325,5.208030126506128
1895,935,946,0.7070720948391364,0.0
1896,936,947,0.6103758951782559,770.4198528576385
1897,935,947,0.7081574747415457,1.4543829704618838
1898,948,949,0.0131572873335804,0.04739430501235998
1899,948,961,0.535236779464151,2.5671065809359876
1900,948,960,0.5365995901913647,672.5469738483459
1901,949,961,0.5339410835325191,0.0
1902,949,960,0.535730516308526,0.22625233843622533
1903,950,956,0.4211913557377237,0.04792560842311246
1904,950,955,0.5974948606329213,1084.0718080398567
1905,950,954,0.6060749379238213,0.0011268936519974937
1906,951,966,0.7708378001759648,0.0
1907,951,965,0.7722342038020575,0.0
1908,951,968,1.4595036419495109,41.83757377161495
1909,952,957,2.4233873906250816,0.7199996876553967
1910,952,953,3.509082441305928,0.0
1911,952,981,4.495825559387163,92.83144162266026
1912,953,980,2.7627642103574246,85.4530935317413
1913,953,981,2.781085924611395,1.1258451436892325
1914,953,982,3.003919557362272,0.0
1915,954,955,0.0159431516234467,0.0
1916,943,954,0.2016421035287402,0.0
1917,943,955,0.205837415483527,0.001434703701497135
1918,955,956,0.2905844835993641,0.376406987379948
1919,954,956,0.3058209061535599,0.0
1920,941,956,0.3375835866046361,0.031162739994941815
1921,957,983,2.4225049670214296,55.112380156592515
1922,957,984,2.5102284169175104,1.0334206427767192
1923,959,982,0.602027034205433,0.009134100254375008
1924,959,981,0.8089836792213947,0.35294585171420656
1925,959,980,1.1521366025460482,1111.6229818583183
1926,960,961,0.0174896787557548,0.0
1927,960,964,0.4193426023023009,0.0
1928,961,964,0.4199299549962215,1.13307271503099
1929,962,963,0.016444197394008,0.02545873734288354
1930,962,964,0.4185271845336017,0.0
1931,960,962,0.8339401408323751,5.122585100569144
1932,963,964,0.4176585755634771,0.22862446447605456
1933,960,963,0.8345050497643596,1038.9252031739695
1934,965,966,0.0167031819298171,0.0
1935,965,968,0.6897698388383381,2.2852853178540364
1936,966,968,0.6895930438222446,4.433459512289787
1937,967,969,0.9954525252999676,24.38345897292376
1938,967,972,1.6129462031659465,1139.8599419671332
1939,967,968,2.062293918348053,134.8441590219264
1940,969,972,0.6433991376960191,0.004009306465297492
1941,969,973,1.1786579533901385,18.064675532397384
1942,970,971,0.0435985484434342,0.33435952282124815
1943,970,974,1.1310884394514216,1.2423792337757356
1944,970,975,1.1335908058019548,0.0
1945,971,974,1.1299389431534443,1381.715994956659
1946,971,975,1.1332705562115697,13.60107066657856
1947,972,973,0.6502254020764654,0.0
1948,973,985,2.084048173271992,0.0050833433977676605
1949,974,975,0.0217299603217034,0.0
1950,974,1008,0.3751298562697983,456.5820632607849
1951,974,1009,0.3766672346244106,2.3845473779845543
1952,975,1009,0.3796123748588124,0.0
1953,975,1008,0.3804563361493339,0.3737780355089558
1954,976,977,0.0176564060663011,0.0
1955,333,977,3.838995322034657,52.33476064817205
1956,332,977,3.85473062229512,0.0
1957,978,1076,0.0673090932002796,0.0
1958,978,1075,0.0686851486214848,0.0
1959,978,1002,2.7619900071149988,29.01453801925012
1960,979,1075,4.338675246377018,0.009737281013207862
1961,978,979,4.406241809510027,0.0406836589809365
1962,979,1076,4.420261774000607,1154.7800414809142
1963,980,981,0.4507388425588952,11.188126378222144
1964,980,982,0.5676285196482329,0.868598029693019
1965,981,982,0.2275546689182327,0.0
1966,983,984,0.0890402365097453,0.001880520248780872
1967,959,983,3.318246858937901,93.01745735290574
1968,959,984,3.370676420027104,3091.730798829303
1969,972,985,2.4429879350516246,1715.2300832127169
1970,985,990,3.0332142830536672,1122.9303115831156
1971,986,995,0.1622242610324586,0.0
1972,986,1000,0.357117504625045,1.0641867986544038
1973,986,999,0.3667986603371929,0.0
1974,987,992,0.072752533875486,0.0
1975,987,993,0.3016879107409306,0.0
1976,987,991,0.4164614835350388,88.70061398416057
1977,988,990,0.040541120734716,0.7733080030047901
1978,988,989,0.8932081038624093,0.0
1979,988,1020,1.527624633668179,0.0
1980,989,1020,0.6354490587617356,0.0
1981,989,1021,0.788957434791872,188.11173317070043
1982,989,1022,0.7889680354418581,58.22997511256729
1983,989,990,0.8985178810383138,291.3793791537507
1984,990,1020,1.5338026282470705,21.833285006255693
1985,991,992,0.3597278060195062,1.6422687129664229
1986,991,993,0.712182447378616,470.1537845303501
1987,992,993,0.3524781905852822,0.005832026198317755
1988,993,994,0.2697869094740442,0.0
1989,993,1005,0.3071990778988588,201.12037919921033
1990,994,1005,0.2676667370908477,0.32665085825790235
1991,987,994,0.4785033010637367,101.4922862732748
1992,995,999,0.4672155491371647,0.0
1993,995,1000,0.4692790623172129,146.93396290714196
1994,996,997,0.0789409988304745,0.0
1995,996,1001,0.1237772178040568,0.00014300366937746383
1996,996,998,0.1302693564229762,0.4342029693836805
1997,997,998,0.0536986519597023,0.0
1998,997,1001,0.2010563320625403,0.0
1999,998,1001,0.2485071113401001,83.01137648708794
2000,999,1000,0.0396736893741343,0.30855308171406703
2001,995,1002,1.868948082515604,549.8541927493317
2002,986,1002,1.9918567498687632,0.020094320793050225
2003,999,1002,2.336094695863701,0.021553001371221667
2004,1003,1004,0.0134212777716579,0.0
2005,1003,1006,0.5439368928584821,0.0
2006,994,1003,0.7785445430658644,2.3720828744807636
2007,1004,1006,0.5480608492263643,18.432970992636744
2008,994,1004,0.7732872304889773,158.71022068487753
2009,998,1005,0.5365044186820153,182.64788204679934
2010,1006,1007,0.6444528954896986,0.0
2011,1003,1007,1.185656398314768,0.0
2012,1004,1007,1.188745669670106,189.14882655837079
2013,1008,1009,0.0421950351898842,0.0
2014,1008,1010,0.0953027089030366,116.00564612399758
2015,1008,1013,0.0976879409127488,0.0
2016,1009,1013,0.0914353297412781,0.4192707171230391
2017,1009,1010,0.1070876385391882,0.0
2018,1010,1013,0.0424529396789979,0.0
2019,1011,1012,0.0281079825173339,0.01584826936395148
2020,1010,1011,0.4369770968671056,2.2262803760226366
2021,1011,1013,0.4492541794179158,0.0
2022,1010,1012,0.4440904521637345,538.2162604838811
2023,1012,1013,0.453840420171278,0.9739427329259572
2024,1014,1015,0.0221742775572049,0.3008359747402432
2025,1014,1017,0.5197875388809441,3.5792322391209312
2026,1014,1016,0.5280025161253342,627.9403004008606
2027,1015,1017,0.516829206010855,0.0
2028,1015,1016,0.5231943881392376,0.6796997366755212
2029,1016,1017,0.0448221386323,0.031277940125659355
2030,1018,1019,0.0229213821427201,0.21932315420078866
2031,1018,1023,0.345152318479713,404.12841600294615
2032,1018,1024,0.3451533532708398,2.2524118447562707
2033,1019,1024,0.3421315177338941,0.0
2034,1019,1023,0.3448630064383006,0.24277133741248244
2035,1020,1021,0.1579238449768446,0.0
2036,1020,1022,0.1930422083744952,0.0
2037,1021,1022,0.0891842190498772,0.0
2038,1023,1024,0.0411783156429923,0.0
2039,1023,1025,0.0435690898637714,0.0
2040,1024,1025,0.016116578285173,0.03215766422782738
2041,1019,1025,0.3582377666419231,0.0
2042,1026,1027,0.0255629642365231,0.015488487121741619
2043,1025,1026,0.5680304407065582,0.31780250075097716
2044,1023,1026,0.5811502412278398,676.389215940948
2045,1025,1027,0.5684567447502614,0.0
2046,1023,1027,0.5834069839987808,4.045472015587857
2047,1028,1030,0.2890227015677251,0.0
2048,1028,1029,0.4157301192493111,0.0
2049,1021,1028,0.8575193819077566,42.81289192141586
2050,1029,1030,0.5143063106714819,0.0
2051,1022,1029,0.8866095063720982,25.171245926917322
2052,1021,1030,1.1456366340563908,217.3083511972442
2053,1031,1032,0.0435963815301994,0.1535571350155573
2054,1031,1034,0.5208952458360475,0.1331921030273158
2055,1031,1033,0.5282288894427921,0.0
2056,1032,1034,0.5362019981458601,610.7421198376265
2057,1032,1033,0.5415540799638052,8.719625123927532
2058,1033,1034,0.026360613846299,0.0
2059,1033,1035,0.5197964105499144,0.1820939940043369
2060,1033,1036,0.5210034721524337,0.0
2061,1034,1036,0.5176930449577666,0.8064368633716239
2062,1034,1035,0.5184966146782468,590.050284838531
2063,1035,1036,0.0397580476994048,0.0
2064,1035,1037,0.4253837611409374,2.187710607904814
2065,1035,1038,0.4297165405468224,486.57327378556766
2066,1036,1037,0.4289882253123935,0.0
2067,1036,1038,0.4310805160360294,0.04171267617536108
2068,1037,1038,0.0244235003884531,0.005930884917921205
2069,1039,1040,0.0390825946916623,0.24107103515967124
2070,1039,1041,1.7679848317742353,0.0
2071,1039,1047,1.7698443924455831,0.19081122629926695
2072,1040,1041,1.7796860285803462,8.706155712398534
2073,1040,1047,1.781919177604279,1994.4486083817426
2074,1041,1047,0.0179267836411144,0.0
2075,1041,1045,0.3400659908452754,0.0
2076,1041,1044,0.3462699910540676,0.059176209541846644
2077,1042,1043,0.3621897839412964,390.86636152244074
2078,1042,1764,2.3094821263185112,0.43369685003259156
2079,1042,1765,2.3381114500840083,2601.4270184027787
2080,1043,1767,2.4483639610158847,2571.1677510737977
2081,1043,1766,2.4627095418622087,28.710750108994112
2082,1044,1045,0.0385601254700456,0.0
2083,1044,1046,0.0679528210053548,0.0
2084,1044,1047,0.3413023236139479,381.5303803539241
2085,1045,1046,0.0832620522298221,0.005287845132897739
2086,1045,1047,0.3370553413551063,0.4439916553968547
2087,1046,1047,0.4092533168319529,0.37082395584405187
2088,1048,1050,1.4064347960134305,299.14134267320713
2089,985,1048,3.2193381733362005,864.3158100202945
2090,1029,1048,4.361972357851578,0.0
2091,1049,1073,0.3410445606374099,23.376220964870786
2092,1049,1074,0.8839126581999105,104.40421365392457
2093,1005,1049,5.151679981355531,1598.6489837834995
2094,1050,1067,3.0411558741124205,342.8930699326657
2095,1050,1068,3.0770826386009045,83.31149041926652
2096,1051,1052,0.1214808049288434,5.081355870836527
2097,1051,1053,0.1255749530081342,0.3683619550785361
2098,1051,1063,1.4431489863457223,35.99766499231263
2099,1052,1053,0.0129221135560859,0.0
2100,1052,1054,1.3257084915520128,55.37789759874138
2101,1053,1054,1.3256272105223197,0.0
2102,1054,1063,0.0331277563947033,0.0
2103,1054,1055,0.0938600573439822,3.5203388111787826
2104,1054,1056,0.0984830330608676,0.0
2105,1055,1056,0.0324254061124348,0.0
2106,1055,1063,0.0991699322673931,0.0
2107,1056,1063,0.0926125648068774,0.21372922443500053
2108,1057,1058,0.01324844646275,0.03367234535874564
2109,1057,1059,0.0449696106770057,0.0
2110,1057,1060,0.0576838318872466,0.23967647800447
2111,1058,1059,0.0317220086441505,0.0
2112,1058,1060,0.044437695763568,0.0
2113,1059,1060,0.012719089394655,0.0
2114,1061,1062,0.0185030110002417,0.0
2115,1061,1063,3.042541323194268,33.131609254746905
2116,1056,1061,3.0529321137682413,0.0
2117,1062,1063,3.0240394581265644,28.936034515820133
2118,1056,1062,3.034432498657149,0.0
2119,1064,1083,0.5436842000608298,0.0
2120,1064,1082,0.6269406563805195,0.0
2121,1064,1084,0.7818791711195747,0.0
2122,1065,1066,0.0296302858762991,0.0
2123,1058,1065,0.0839336745614476,0.0
2124,1057,1065,0.0853235268494948,1.7460712597485082
2125,1059,1066,0.0845883508607444,0.0
2126,1060,1066,0.0850028701588081,0.0
2127,1067,1068,0.0410519381619809,0.0
2128,1067,1085,3.281193568949099,346.2353153982047
2129,1068,1085,3.2630428182816136,0.0
2130,1069,1070,0.0332267478983231,0.0
2131,1066,1069,0.1842183001679495,0.0
2132,1065,1069,0.1846643795254777,2.1490120541456643
2133,1066,1070,0.1767677742832682,0.0
2134,1065,1070,0.1825359680392881,1.6126513452335147
2135,1071,1072,0.0432926112649119,0.0
2136,1069,1071,0.3251478762670287,0.0
2137,1070,1071,0.3257671500413856,1.325201631371695
2138,1069,1072,0.3451219713621904,4.01939736950185
2139,1070,1072,0.3494253400191575,0.0
2140,1073,1074,0.9610431480576478,0.0
2141,1007,1073,5.179298214149168,0.0
2142,1001,1074,6.006561707621072,4.085913933281454
2143,1075,1076,0.0972690238231304,0.0
2144,1002,1075,2.8046439048381453,4.324183680021445
2145,1002,1076,2.7081881921074413,712.3748427866926
2146,1077,1078,0.0172414482992425,0.0
2147,1077,1080,5.94467001771196,0.0
2148,979,1077,6.934014376457512,27.31623283970046
2149,1078,1080,5.942408867868825,0.0025432719446689058
2150,979,1078,6.949811715996877,368.61746088801414
2151,1079,1081,1.0515871557874352,0.0
2152,1074,1079,6.850879071712171,0.4217037495015801
2153,1049,1079,7.509026729385829,334.6407719710417
2154,979,1080,11.234098775906922,2084.426079929908
2155,1074,1081,7.436967066481585,0.3654549511117803
2156,1049,1081,8.15791225835228,322.8408666047424
2157,1082,1083,0.0899181214730359,0.0
2158,1082,1084,1.3637093729619534,54.37271857927886
2159,1083,1084,1.274063781513048,3.799475637638221
2160,1085,1086,0.1484662753103685,0.0
2161,1085,1089,1.382750156668757,47.472002484553286
2162,1085,1091,1.5884826649209334,100.23367183060805
2163,1086,1089,1.237879138980601,0.0
2164,1086,1091,1.4564655476451165,0.0
2165,1087,1088,0.0555242709466978,0.0
2166,1087,1777,2.294549491659748,50.32470543074187
2167,1087,1776,2.3033209585617,0.0
2168,1088,1777,2.3400779048675067,144.56328231362903
2169,1088,1776,2.34913233220048,0.0
2170,1089,1091,0.4164090429568953,0.0
2171,1089,1090,0.4547113968353035,0.0
2172,1089,1094,0.5687282748045425,0.0
2173,1090,1094,0.1555439634317926,0.0
2174,1090,1091,0.4973369114309897,0.0
2175,1091,1094,0.4924859419543547,0.0
2176,1092,1093,0.4639337586811235,10.873881845221105
2177,1090,1092,1.986903120348016,0.0
2178,1089,1092,2.092023573629554,56.9243113109539
2179,1090,1093,2.361103345403581,0.0
2180,1093,1094,2.453303953899163,0.0
2181,1095,1098,0.3666455882323104,0.24850671427840115
2182,1095,1099,0.629069132958802,5.80972637378625
2183,1095,1097,1.8457322703619248,0.0
2184,1096,1097,1.8715609096955863,60.005532225681925
2185,1095,1096,2.367458965238683,30.817324580786256
2186,1091,1096,2.368082174843389,148.27853810623404
2187,1097,1098,1.6433466622199226,0.0
2188,1098,1099,0.3710397854233445,0.0
2189,1097,1099,1.879272016758142,0.0
2190,1084,1100,1.9995296783923584,13.414575833434752
2191,1064,1100,2.288881784657588,0.0
2192,1083,1100,2.786908720138153,0.0
2193,1101,1102,0.0154803503524062,0.8599018831548718
2194,1101,1103,0.8588524942295375,0.0
2195,1101,1105,1.351035240623068,0.011934362345673449
2196,1102,1103,0.8619019996324027,83.53893983018952
2197,1102,1105,1.3496305044646997,91.2296509782494
2198,1103,1104,0.5786454216262288,0.0
2199,1103,1105,0.5801150357951042,0.0
2200,1104,1105,0.0151895451669858,0.0
2201,1102,1104,1.354663291128062,69.82025205154252
2202,1106,1108,1.0178826337297635,0.0
2203,1106,1110,5.498559444435236,0.0
2204,1106,1112,5.807454495027382,17.55273093428185
2205,1108,1110,6.081804828757805,0.0
2206,1108,1112,6.3343453889902,439.9203395420228
2207,1109,1117,0.8515128426161567,0.08913400293046513
2208,1109,1116,0.9146029683387684,0.006036249699303385
2209,1109,1118,1.2126483800492318,959.2363906160579
2210,1110,1112,0.4819707283204473,0.0
2211,1110,1113,0.5110756988860483,25.010495595698146
2212,1110,1114,0.5408345809875992,0.0
2213,1111,1115,0.0141361508981639,14.917183122087268
2214,1111,1114,0.4804014609532697,0.0
2215,1111,1113,0.5088982038583857,62.99853998376874
2216,1112,1113,0.0466487480005855,3.593045245436657
2217,1112,1114,0.0921430254257442,0.0
2218,1113,1114,0.0455048712236545,0.0
2219,1114,1115,0.4829487399572478,0.0
2220,1113,1115,0.5124219320558822,1.1148181026205015
2221,1116,1117,0.082304554736154,0.0
2222,1116,1118,0.4212433322374535,0.0
2223,1116,1119,0.6178446493717564,0.0
2224,1117,1118,0.5010719356041834,106.83398625318108
2225,1117,1119,0.698341201634048,0.0
2226,1118,1119,0.197949227940968,0.009988441355769631
2227,1119,1120,1.1342583495471648,18.27721305783227
2228,1118,1120,1.32503659546647,1332.7131217151464
2229,1116,1120,1.7444248049624425,6.457516500244013
2230,1121,1122,0.1937105845439282,0.0
2231,1121,1134,0.3475017088912739,0.0
2232,1121,1138,1.1906338457122787,0.0
2233,1122,1134,0.5380574095734649,0.18259656550025577
2234,1122,1138,1.1045628178769071,10.41930525228929
2235,1123,1124,0.0099443871711854,0.0
2236,1123,1125,0.0742810491009061,2.415891102590962
2237,1123,1126,0.1449670269463672,0.0
2238,1124,1125,0.0712043585661254,0.004155200438533272
2239,1124,1126,0.1428704481918698,0.0
2240,1125,1126,0.0720156687910005,0.0
2241,1127,1128,0.0146318863901602,0.0748428877976303
2242,1126,1127,0.2093267671561534,3.246141703699222
2243,1125,1127,0.2428381908587052,7.911068844561343
2244,1126,1128,0.2215362099819618,0.0
2245,1125,1128,0.2523439470697479,0.0
2246,1129,1130,0.0751334365927159,0.2323665065348344
2247,1129,1131,0.864508445651639,0.0
2248,1129,1132,0.9591746185683562,0.0
2249,1130,1131,0.929870287615606,3.6836426992445284
2250,1130,1132,1.0134737090575474,0.0
2251,1131,1132,0.2485444631736733,0.0
2252,1131,1133,0.39024910443845,0.0
2253,1132,1133,0.1477246531965889,0.0
2254,1129,1133,1.076735486007305,1.7069362837984317
2255,1134,1138,1.33801800786052,1614.3762710072124
2256,1135,1136,0.0498498612080531,0.0
2257,1135,1137,0.3861386794150707,0.0
2258,1135,1145,1.2847927747878862,2.9833000906413982
2259,1136,1137,0.4187744359911786,0.0
2260,1136,1145,1.24062209244878,13.468902235507208
2261,1137,1145,1.643436237897005,190.03378115808744
2262,1138,1139,0.6134594319037687,904.6386240942678
2263,1138,1140,0.624603691015841,0.16758029836014562
2264,1139,1140,0.0151672454426594,0.0
2265,1139,1144,1.2541400277951391,1850.1293066516885
2266,1140,1144,1.2497979996034794,13.377378562570378
2267,1141,1142,0.0371569517718456,0.0
2268,1141,1143,0.4260119053500141,3.161966524697307
2269,1141,1144,0.4387720916587445,0.1480577435969029
2270,1142,1143,0.3894569075673161,0.0
2271,1142,1144,0.4023382791663566,0.0
2272,1143,1144,0.0146968149428057,0.0
2273,1145,1146,0.1429381408069515,0.0
2274,1145,1152,0.4372967327934429,0.0
2275,1145,1150,0.5226644061263314,68.76632472129434
2276,1146,1152,0.2961000827994426,0.0
2277,1146,1150,0.3798455870680012,0.0
2278,1147,1148,0.1004658524063494,0.4147018837929147
2279,1147,1149,0.5831930530248498,0.16412076804762202
2280,1147,1154,0.8178168156586011,192.8686521894372
2281,1148,1149,0.4850048942199977,0.0
2282,1148,1154,0.7173526130465875,0.0
2283,1149,1154,0.2683582385864465,0.0
2284,1149,1155,0.5562573790942877,0.0
2285,1150,1152,0.0963587622538005,0.0
2286,1150,1153,0.4442270163496241,60.683234441416296
2287,1151,1164,0.4567821271221389,5.92130719346428
2288,1144,1151,0.930479845613872,1382.7622315904327
2289,1143,1151,0.9305024212388834,6.898802540934875
2290,1153,1158,0.0805144359338242,0.0
2291,1153,1155,0.4631174796324416,63.45829021061294
2292,1154,1155,0.2879932752313137,55.77922179505708
2293,1154,1159,0.490613917065378,20.733208917201797
2294,1155,1159,0.353922314262075,0.0
2295,1155,1158,0.4137714690102438,23.34462508580167
2296,1156,1157,0.0647258169131487,0.0
2297,1153,1156,0.5638353234352949,0.0
2298,1156,1158,0.5689528969840619,32.14561196061705
2299,1153,1157,0.5033900567088823,0.0
2300,1157,1158,0.5057190224895575,0.0
2301,1159,1160,0.3081080303154109,4.2774318471620205
2302,1159,1161,0.3240142713707669,8.956436226430691
2303,1160,1161,0.0235969261933217,0.0
2304,1155,1160,0.6524001917961569,0.0
2305,1155,1161,0.6709722069921857,0.0
2306,1162,1163,0.0116456897687461,0.010078490096233246
2307,1162,1170,2.819898695823923,0.0
2308,1162,1172,2.970764680167676,40.267800286930516
2309,1163,1170,2.817000248302434,0.8041807044066681
2310,1163,1172,2.9679979568659967,4568.3905203120885
2311,1143,1164,0.5959099759377096,0.0
2312,1144,1164,0.6019360166744773,0.10296336019550198
2313,1165,1166,0.0193850235424156,0.0027390469398889915
2314,1165,1167,2.655983256175274,5062.015328153083
2315,1130,1165,2.675356528095905,8.304084696009207
2316,1130,1166,2.6572733554436008,173.4420553550037
2317,1166,1167,2.665800492603444,177.84323708853637
2318,1167,1168,0.0658093957933676,0.032550009200854754
2319,1167,1174,1.2171974345078278,0.2604293985314094
2320,1167,1173,1.4795639051521523,2931.312257550048
2321,1168,1174,1.167785166509718,0.0
2322,1168,1173,1.424680873624693,7.34043773113633
2323,1169,1171,0.2171877727032603,2.305737299105348
2324,1169,1179,1.01881224862451,25.212746731811574
2325,1169,1180,1.30392593521198,2398.3716801833466
2326,1170,1172,0.1546562713389178,0.0
2327,1170,1175,0.949140953692344,5.187146414077279
2328,1170,1178,1.3936646528705146,0.0
2329,1171,1179,0.8019920413757406,0.0
2330,1171,1180,1.087132398899365,0.8543488905237044
2331,1172,1175,0.7954414871991003,1241.2001716610205
2332,1172,1178,1.2401924367562225,0.26419215620764536
2333,1173,1174,0.315956840687509,0.0
2334,1175,1178,0.4448549435238402,0.0
2335,1175,1177,0.4868239483669204,0.011789806946924332
2336,1175,1176,0.501113800798765,792.4442799821596
2337,1176,1177,0.019440856804567,0.008683249907420268
2338,1176,1178,0.0572858108599794,0.2997944861574161
2339,1177,1178,0.0478874039806932,0.0
2340,1179,1180,0.2851406188423584,0.4409764873965208
2341,1181,1183,0.8095284366152973,0.0
2342,497,1181,0.9200827768363208,0.0
2343,1181,1184,0.9719053468725696,407.03933257578956
2344,1182,1197,1.255155060081443,5.254788933794809
2345,490,1182,1.6772184717475085,6955.6565166880455
2346,491,1182,1.685487452285456,22.443624061702668
2347,1183,1184,0.2809736993653955,13.359735872455081
2348,1183,1185,0.3656095316478059,0.0
2349,1184,1185,0.121019849524041,0.0
2350,1184,1187,0.1884426702632427,89.07969470497969
2351,1185,1187,0.1879434371230422,0.0
2352,1185,1186,0.2053436254552471,1.9839464590086808
2353,1186,1188,0.1097671165554227,2.214526367404976
2354,1186,1187,0.1759254070520478,0.0
2355,1187,1188,0.1525243274362061,72.32889555077554
2356,1188,1189,0.2271737007159856,112.2774466749318
2357,1189,1192,0.0484990730833524,0.0
2358,1189,1194,0.1675430462705366,82.88198923708235
2359,1190,1191,0.254579568189874,0.41061825953393094
2360,1190,1196,0.5232632892984488,18.29604796718401
2361,1190,1198,0.6248053886253266,61.367123733797264
2362,1191,1196,0.3032816857399876,0.0
2363,1191,1198,0.4207143235877291,0.0
2364,1192,1194,0.1274603648523346,0.0
2365,1192,1193,0.1954872471301624,0.0
2366,1193,1194,0.0708068922983444,0.0
2367,1193,1199,0.1187676782765345,0.2581491721312961
2368,1195,1200,0.057490717880296,0.0
2369,1195,1203,0.1867714474472805,0.700511834342526
2370,1195,1199,0.830427666022368,0.0
2371,1196,1198,0.1220818675404202,0.0
2372,1196,1202,0.501412695417139,1.4711113934477273
2373,1197,1204,0.6446137551161794,0.0
2374,1197,1207,1.1396294015438913,10.676875081369776
2375,1198,1202,0.4634252705989393,0.0
2376,1194,1199,0.1800666379751494,89.07756761018825
2377,1192,1199,0.3073679270971996,0.04020356341845855
2378,1200,1203,0.2310380848656203,2.2158714530172476
2379,1199,1200,0.7851126773729773,0.0
2380,1201,1202,0.2175298562181445,0.0
2381,1198,1201,0.6579944831492588,0.0
2382,1196,1201,0.7112841598740439,22.836125048696186
2383,1199,1203,1.0156239651668484,511.3488196174822
2384,1204,1207,0.5254286408784239,2311.4259587328506
2385,1182,1204,1.8679720795587056,7891.159184250429
2386,1205,1206,0.0209879308458414,0.6321295067216444
2387,500,1205,3.392855091504463,0.0
2388,1205,1208,3.599369938218584,0.0
2389,500,1206,3.3979987286051245,797.1863355612841
2390,1206,1208,3.604353944458573,34.27218703255099
2391,1207,1214,1.4763400012484142,6511.348474729217
2392,1208,1209,0.145999685769638,0.0
2393,1210,1212,0.0156472631969737,0.0
2394,1209,1210,0.4589601382438727,0.0
2395,1208,1210,0.4713552965065321,3.486141900963811
2396,1209,1211,0.4716529780979516,31.46636827519935
2397,501,1211,0.5624949920939117,0.0
2398,1209,1212,0.4518625152325219,0.0
2399,1208,1212,0.4602585428773467,0.9980361725003937
2400,1213,1214,0.0165859089313275,0.03101759155237073
2401,1213,1215,0.5095929420850692,3.9758895397274365
2402,1213,1216,0.514366564141795,0.0
2403,1214,1215,0.5096626589489037,2245.74879897143
2404,1214,1216,0.514029629382863,2.6081933327002855
2405,1215,1216,0.0133577135819252,0.1528998930150488
2406,1217,1218,0.0188576160761091,0.0
2407,511,1217,1.8785224214076164,34.81318299944628
2408,512,1217,1.8957849990873417,0.0
2409,511,1218,1.8786878172662929,111.56584052742407
2410,512,1218,1.896104105728559,0.0
2411,505,1219,1.217140045985928,1.9093842116641566
2412,504,1219,1.2171934256945107,73.98016839985378
2413,1220,1221,0.0387553002052752,0.0
2414,1220,1222,0.1582573811602011,0.0
2415,1221,1222,0.170545925387203,0.0
2416,516,1222,0.5975219097961768,11.36230423083984
2417,1223,1224,0.0266272880075955,0.0
2418,746,1223,2.713533638563906,331.90224677959486
2419,742,1223,2.864050689347516,0.0
2420,746,1224,2.72231134758054,258.01997130065394
2421,742,1224,2.873121650130033,0.0
2422,1225,1226,0.0211664096085752,0.0
2423,1225,1678,0.5115798308676706,0.0
2424,1225,1682,4.095758592743676,78.98322826563476
2425,1226,1678,0.5007567298999205,0.0
2426,1226,1682,4.074769177010623,36.06320062471462
2427,1227,1228,0.2889525485959893,1291.2571023456644
2428,1227,1241,0.3500417021812433,0.0
2429,1227,1235,0.3677510211339997,0.6315378676142097
2430,1228,1241,0.1545945060733912,0.0
2431,1228,1238,0.2278823386772415,1011.3197028480382
2432,1228,1235,0.2830826566669253,0.0
2433,1229,1254,0.2017066901187771,0.1359913715170438
2434,1230,1231,0.283181817916857,7.6277462847354585
2435,1231,1247,0.1278526698628247,3.441156980224926
2436,1231,1244,0.1544199767984604,0.0
2437,1231,1232,0.1572927663903141,0.0
2438,1232,1244,0.0100391702900221,0.0
2439,1232,1234,0.019764229711533,0.0
2440,1232,1248,0.1212706160346966,2.4872450588585466
2441,1233,1234,0.1037551030660705,0.0
2442,1233,1244,0.1171612112811172,2.953199561539486
2443,1233,1250,0.1218015235423219,0.0
2444,1234,1244,0.0181068995571946,0.0
2445,1235,1240,0.1293770747096845,0.020909612041306876
2446,1235,1243,0.1369962013040064,0.2131396247455963
2447,1235,1241,0.1471611126149543,0.0
2448,1236,1242,0.0239450382777554,0.0
2449,1236,1238,0.4400639426934205,0.20018844466335267
2450,1228,1236,0.4846160954144013,0.12048320139365182
2451,1237,1249,0.0336075585789005,0.0
2452,1237,1245,0.0791447269589109,0.0
2453,1237,1247,0.1458318171937417,0.0
2454,1238,1241,0.2783660789181161,0.8881479544334219
2455,1238,1263,0.3287912067697926,1476.824786774259
2456,1239,1246,0.1596591616840001,0.0
2457,1239,1250,0.3219493134408344,0.0
2458,1233,1239,0.339162265504875,8.554757008502875
2459,1240,1243,0.0213677381140611,0.0
2460,1240,1241,0.2700668396225764,0.12523039767489985
2461,1238,1242,0.4502799060195419,22.5047022869021
2462,1228,1242,0.5036657223536958,15.37635237858268
2463,1241,1243,0.2721229854767664,0.7424849911398961
2464,1245,1249,0.067098325771819,0.0
2465,1245,1247,0.2209019543077452,16.032281621333578
2466,1233,1246,0.1804157223057896,0.0
2467,1246,1250,0.1906408019098643,0.0
2468,1232,1247,0.1392341652709463,2.8548496482852355
2469,1244,1247,0.1448398669718393,3.6494782240638255
2470,1248,1251,0.0747947480557378,1.4178171888344608
2471,1248,1252,0.1102751538312148,0.17184638718905676
2472,1247,1249,0.1552571468883356,0.0
2473,1250,1252,0.1301970872444061,0.0
2474,1248,1250,0.1491715679089633,0.0
2475,1251,1252,0.0542137724422722,0.0
2476,1251,1261,0.155663653305727,0.36085486154956625
2477,1253,1256,0.1433326933736934,2.551388562854511
2478,1253,1254,0.1670150075689473,0.11255900585453799
2479,1255,1257,0.0204689551409588,0.0
2480,1255,1256,0.1509850455154437,0.0
2481,1255,1258,0.1668632990234689,0.5992457917518494
2482,1256,1257,0.1694812617530041,0.0
2483,1257,1258,0.1470605120946899,0.0
2484,1256,1258,0.3157354163305688,5.639934794073374
2485,594,1259,0.8086666443575348,5.527056571739852
2486,1260,1261,0.0378539684953931,0.0
2487,1252,1260,0.1807366485648865,0.0
2488,1251,1260,0.1891911860174204,3.1487580725968125
2489,1252,1261,0.1544467339446189,0.0
2490,1239,1262,1.233149187119584,27.426606638610863
2491,573,1262,1.3528208241460995,9.463644991667264
2492,587,1262,1.385829124915967,4.946921192333451
2493,1263,1264,0.0526241554260223,0.0
2494,1263,1265,0.0756354773294151,339.72318519840866
2495,1263,1266,0.085605732151601,0.0
2496,1264,1265,0.034960270304476,0.0
2497,1264,1266,0.0351096330827649,0.0
2498,1265,1266,0.0217403033257196,0.0
2499,1266,1268,0.0705091115392368,0.0
2500,1267,1268,0.0235528158143673,0.09364122350801297
2501,1266,1267,0.0735868852954073,0.0
2502,1265,1267,0.0763084041928715,342.65186482071016
2503,1265,1268,0.0797868917470429,0.1804840777911999
2504,1269,1270,0.1539528428285295,0.0
2505,1269,1276,0.3043728336606975,1.7254098512251241
2506,1269,1275,0.313673597919252,0.0
2507,1270,1276,0.1541897424468402,4.075687856971307
2508,1270,1275,0.1597216177563258,0.0
2509,1271,1274,0.11942158522876,0.5620982016635206
2510,1271,1273,0.1730902727657029,0.0
2511,1272,1274,0.1250019417153608,0.5881808796576793
2512,1272,1273,0.1958915914986748,35.768297991824575
2513,1273,1274,0.2074663505774468,0.0
2514,1275,1276,0.0485333288383805,0.0
2515,1277,1278,0.0202091230022392,0.0
2516,1277,1327,2.294595153473595,0.0
2517,633,1277,2.5057569506593538,24.303254273389626
2518,1278,1327,2.2957748409354566,0.0
2519,633,1278,2.5065817139952884,131.73844673930714
2520,1279,1280,0.0214899164055106,0.03919836454057459
2521,1276,1279,0.3718454013913537,0.0
2522,1275,1279,0.4081361401557395,0.0
2523,1276,1280,0.3745845885791817,12.402100806183432
2524,1275,1280,0.412566275656496,1.193534376166404
2525,1281,1282,0.0170388901230227,0.025149742707220313
2526,1281,1285,0.2694273857719551,0.0
2527,1281,1286,0.270009338353621,0.7101101716650358
2528,1282,1285,0.267818393399296,0.9987436985030594
2529,1282,1286,0.270614860966893,1215.2746239394287
2530,1283,1284,0.0233479747495411,0.0
2531,1283,1313,0.0441626680535913,0.0
2532,1283,1318,0.2377230357943961,10.145231200824638
2533,1284,1313,0.0243123831204333,0.0
2534,1284,1318,0.2243394330232967,0.0
2535,1285,1286,0.035078030317948,0.0
2536,1286,1315,0.2672905877874709,1200.6046320313544
2537,1286,1314,0.2677301664046659,0.7937270984717371
2538,1287,1295,0.0397101789238059,0.0
2539,1287,1337,1.3798406555766292,0.0
2540,1287,1341,1.5822072689522828,22.688077056690844
2541,1288,1289,0.3335116565859775,20.88619292402571
2542,1288,1293,0.4836720259252272,0.0
2543,1288,1292,0.6139090479074779,40.78896579098274
2544,1289,1293,0.7416795995796026,0.0
2545,1289,1294,0.7779265785295496,5.119448381090139
2546,1290,1291,0.1988541284668428,0.40776966622994754
2547,1290,1292,0.318377944978201,0.0
2548,1290,1293,0.5908728216845592,0.44146263493315546
2549,1291,1292,0.5169775990775284,34.73756571241615
2550,1291,1293,0.7869852371467095,1621.618691956468
2551,1292,1293,0.2942301617358813,0.0
2552,1293,1294,0.3311601649683542,682.6256788898335
2553,1292,1294,0.6101832872951161,0.10853177033847751
2554,1288,1294,0.6486874261794601,0.3658132515490604
2555,1295,1337,1.4151571138304186,0.0
2556,1295,1341,1.6215711113983289,37.439458362828226
2557,1296,1297,0.0551213468951654,0.0
2558,1296,1300,0.3212143075631254,0.0
2559,1296,1302,0.3217550813760876,0.0
2560,1297,1300,0.3749784222316399,0.0
2561,1297,1302,0.3759016908350594,0.0
2562,1297,1298,0.4972284950861316,0.0
2563,1296,1298,0.5258710544391075,0.0
2564,1298,1300,0.7042483546050858,392.43133315580604
2565,1299,1303,0.2154586109435719,0.0
2566,1299,1304,0.2253629409428294,0.0
2567,1299,1306,0.2779889216831456,2.055132024213733
2568,1300,1302,0.0118450857168072,0.018871569415093235
2569,1300,1309,0.1734273712518237,0.31930071969875923
2570,1298,1301,0.8446759500610576,668.0595880390166
2571,1297,1301,1.3418214704942373,17.433991007417
2572,1296,1301,1.3683986650306017,0.0
2573,1302,1309,0.1653855466381487,0.0
2574,1303,1304,0.0290807348283565,0.0
2575,1303,1306,0.0644048238134875,0.0
2576,1303,1307,0.0828077575858466,0.5868485294848017
2577,1304,1306,0.0548039605053298,0.0
2578,1304,1307,0.0736751571207864,0.0
2579,1305,1307,0.0659065471020284,0.0
2580,1305,1306,0.0849685998296418,0.0
2581,1305,1308,0.1219977778540554,0.5342693745651728
2582,1306,1307,0.0190651171750499,0.0
2583,1306,1308,0.0782260978475115,0.0
2584,1307,1308,0.0823560827238491,0.0
2585,1304,1308,0.0828623900063006,0.0
2586,1309,1310,0.3015771460115295,0.0
2587,1300,1310,0.3383142199818417,186.9244230431618
2588,1302,1310,0.3422797062650101,0.0
2589,1305,1311,0.2219819119222776,1.5293168875082348
2590,1307,1311,0.2862352243898031,2.02751375922596
2591,1306,1311,0.3050214443116694,2.2531365401736783
2592,1312,1330,0.6591643215588736,0.0
2593,1311,1312,1.061285468310662,35.80420553053386
2594,1313,1318,0.2007515063578404,0.7878175330481865
2595,1314,1315,0.0155367862494119,0.08820426487960328
2596,1285,1314,0.270540965414727,0.0
2597,1285,1315,0.272110966013447,1.6471285105723175
2598,1316,1320,0.0846860508480921,0.0
2599,1316,1317,0.3268488033301192,0.0
2600,634,1316,1.8100315968960183,14.862679888267692
2601,1317,1320,0.2819523360138814,8.31050880218525
2602,634,1317,1.4890977175837874,48.66312943028133
2603,1318,1319,0.017313067423439,0.0
2604,1318,1321,0.1451889512661354,6.763679077488329
2605,1318,1322,0.1656396389638867,0.0
2606,1319,1321,0.1392384444886849,0.0
2607,1319,1322,0.1557193942949428,0.0
2608,1320,1334,1.7560601730075267,42.93741609667325
2609,1321,1322,0.0432269228100055,0.0
2610,1321,1323,0.1331173623136186,7.311549236418058
2611,1322,1323,0.1194515742474411,0.0
2612,1323,1326,0.1036142851373335,0.0
2613,1324,1325,0.0089293367542826,0.0
2614,1324,1336,0.2096506866817911,0.0
2615,1324,1335,0.2228813280573113,0.0
2616,1325,1336,0.2094678454321834,0.13786674265972432
2617,1325,1335,0.2239831089904874,0.0
2618,1322,1326,0.2177383365813335,0.5972560925415444
2619,1321,1326,0.2363634295162738,0.0
2620,1327,1345,0.5577361848549314,20.393428070362727
2621,721,1327,0.6246124634315399,0.0
2622,1328,1329,0.0364654573954138,0.18446752064419095
2623,1326,1328,0.2594127845657423,0.0
2624,1323,1328,0.3599254426931259,0.0
2625,1326,1329,0.2578605992740803,0.7069874693884659
2626,1323,1329,0.3606564829262313,20.309233575901807
2627,619,1330,0.7241361758757058,12.023061268728021
2628,1331,1332,0.1641868515524174,0.0
2629,1331,1333,0.4054980833982532,0.0
2630,1310,1331,0.7500766197978953,39.20909268493137
2631,1332,1333,0.2420996844950609,118.88087863318606
2632,1310,1332,0.8575149434039375,426.0238058115521
2633,1334,1335,0.1948747201102699,0.8430273807315027
2634,1334,1336,0.2054539993227156,0.13522743436837575
2635,1324,1334,0.4148427884458821,0.8715828778109578
2636,1335,1336,0.0341206301569886,0.0
2637,617,1337,0.8776271743463792,18.292431506853365
2638,1337,1340,0.911894836957191,0.0
2639,1337,1341,0.917348165446728,0.0
2640,1338,1339,0.0959031643316306,431.93452203488863
2641,1338,1342,0.1180602185006339,0.28721169976272465
2642,1338,1344,0.2621559838738013,0.0
2643,1339,1342,0.0955534614532978,0.0
2644,1339,1344,0.1691866320212528,0.0
2645,1340,1341,0.0317755197758494,0.0
2646,1340,1343,0.2070251086114355,0.0
2647,1341,1343,0.2377926679850348,0.0
2648,617,1341,0.2857942348323591,253.0457315170344
2649,1342,1344,0.23389265608644,0.0
2650,648,1345,0.367913351805186,41.69517297031298
2651,1346,1347,0.1261775492476947,0.007982124267715794
2652,1346,1348,0.509681537905524,0.0
2653,1346,1420,0.6481032860523194,1068.8570410507432
2654,1347,1420,0.5257052702196522,14.677203931858159
2655,1347,1348,0.6297095984361214,9.35374450825724
2656,1348,1424,0.786877790916197,0.0
2657,842,1349,0.0739415560062352,1.8548356658138498
2658,839,1349,0.0782454053116043,0.6345428346444856
2659,843,1350,0.0661478336462893,0.5988604310506779
2660,836,1350,0.0742180158385421,0.25599828955615267
2661,1351,1355,0.0137331265919793,0.0
2662,1351,1352,0.0365043875300305,0.0
2663,843,1351,0.0514320444750186,0.0
2664,1352,1355,0.0332990575622253,0.0
2665,842,1352,0.0636393380574231,1.5961610161722073
2666,1353,1356,0.0159539707825738,0.0
2667,1353,1354,0.2405395832751319,1.2616213981840108
2668,1353,1357,0.241717811127243,2.8295651508714834
2669,1354,1357,0.0223130904491521,0.0
2670,841,1354,0.137736162085154,1.0351313683938888
2671,1354,1361,0.1540710821818442,0.0
2672,843,1355,0.065134979349811,177.75414556980718
2673,1356,1357,0.2357844179020733,1.3062541835931816
2674,1354,1356,0.2360158427629458,0.5363005564922855
2675,841,1357,0.1402373682581432,0.0
2676,1357,1361,0.1490516629477269,2.5690203211615548
2677,1358,1362,0.0240588228391738,0.0
2678,840,1358,0.107673438108693,1.5712111755635985
2679,1358,1360,0.1099962167805769,3.289629760127994
2680,1359,1367,0.6365426684728333,6.130575879889506
2681,1359,1392,0.806567890249412,2087.9171928455216
2682,1359,1391,0.8364188430850504,5.2230618764695995
2683,1360,1361,0.0435622463915725,0.0
2684,1360,1366,0.0572226798086938,260.0096492585421
2685,1361,1368,0.0585259263259179,1.0084187086045542
2686,1360,1362,0.1022406693512634,0.0
2687,840,1362,0.1117084927963099,0.0
2688,1363,1364,0.0095949121298188,0.0
2689,1363,1365,0.2393460881639033,6.122980146192877
2690,1358,1363,0.2554155373103959,10.573905257276651
2691,1364,1365,0.2409980958663243,0.0
2692,1358,1364,0.2539907377020972,0.0
2693,1365,1369,0.1458628453919109,0.2993496078967882
2694,1366,1368,0.0241049326365532,0.0
2695,1361,1366,0.0671402392684557,0.0
2696,1367,1392,0.4324284464544102,0.0
2697,1367,1391,0.4454388358679653,1.1784907128998734
2698,1360,1368,0.065508622112028,0.0
2699,820,1369,0.3698339016608291,0.0
2700,1370,1371,0.263534385613367,0.0
2701,831,1371,0.4445961215811282,1062.647258152509
2702,1372,1373,0.0223097631185437,0.016017197754996076
2703,1372,1378,0.2015980103195403,0.0
2704,1372,1379,0.3733192337900164,1.2422651835382381
2705,1373,1378,0.2106435435890267,0.033372861387624075
2706,1373,1379,0.3771797697773588,903.4468447917128
2707,1374,1375,0.0212029293140804,0.0
2708,1352,1374,0.2647683645254992,6.638363224082533
2709,1355,1374,0.2672694227977844,0.0
2710,1352,1375,0.2815079852184173,0.0
2711,1355,1375,0.2823080548603509,770.4639077911254
2712,1376,1377,0.0396067389555227,0.0
2713,1376,1406,0.1907620609265108,33.58490061703733
2714,1376,1407,0.2036813792843925,0.0
2715,1377,1406,0.1547327654513525,0.32228132045089763
2716,1377,1407,0.1671933265668269,0.0
2717,1378,1379,0.1822386009209057,0.09878182701250729
2718,1379,1408,0.1493032202912476,2.195120847740768
2719,1379,1409,0.1749253020801947,417.13869217787686
2720,1380,1381,0.1023482584135124,0.07918706218074388
2721,1368,1380,0.2377397282027763,0.0
2722,1366,1380,0.2383268185720873,0.08008942139850173
2723,1366,1381,0.3382339633790664,1536.7580617737385
2724,1368,1381,0.3391715068935036,5.840494311298163
2725,1382,1383,0.0180248411495155,0.0
2726,1375,1382,0.3026536825179262,827.6638659418204
2727,1374,1382,0.3182220420442286,7.973531615685997
2728,1375,1383,0.3026910032179841,0.0
2729,1374,1383,0.3190679958410979,0.0
2730,1384,1387,0.0460790025617631,0.1308501123144426
2731,1384,1385,0.0509283036364107,0.0
2732,1384,1388,0.0828772216725143,427.4516484174938
2733,1385,1387,0.0206364771533181,0.0
2734,1385,1388,0.0349954208136617,0.0
2735,1386,1394,0.1368824710556564,0.021466850055403164
2736,1386,1396,0.1572033672743499,0.20446519739224
2737,1386,1389,0.2018013579226238,1040.6469214599053
2738,1387,1388,0.0387501102227885,0.056022626685825666
2739,1389,1390,0.0301154435679107,0.09914523809552551
2740,1389,1393,0.0369678732904247,0.07835238087178875
2741,1389,1394,0.1159943576436227,0.0
2742,1390,1393,0.0203436740136304,0.0
2743,1390,1396,0.1166057820345798,0.0
2744,1391,1392,0.0308986242377606,0.0
2745,1391,1442,0.76807535555722,4.063037916796372
2746,1392,1442,0.7961899900477041,2059.6562236168597
2747,1393,1396,0.0963757749429625,0.16971670283750576
2748,1394,1396,0.0211994165356057,0.0
2749,1393,1394,0.09988758343429,0.015677375214647866
2750,1395,1403,0.0270291630374992,0.0
2751,1395,1397,0.0417189272669414,0.10555286074917478
2752,1395,1399,0.0454648682216226,223.60324228244573
2753,1397,1398,0.0095490585737977,0.0241616200711107
2754,1397,1400,0.0110598233559219,0.0
2755,1397,1399,0.0124544626876152,0.0
2756,1398,1400,0.0112322469866573,0.016837416550673178
2757,1398,1399,0.0143007035393785,0.0
2758,1399,1400,0.0032386042319091,0.0
2759,1399,1404,0.0125252703661903,61.60103893215167
2760,1401,1402,0.0077151851967408,0.011564447259135701
2761,1401,1405,0.0095790345731286,0.0
2762,1400,1401,0.0144150463088896,0.021607702428351437
2763,1402,1405,0.0094231484981218,0.0
2764,1402,1404,0.0160394391162472,0.0
2765,1399,1403,0.0493747768751237,0.0
2766,1403,1404,0.0496036071141949,0.0
2767,1404,1405,0.0066180960624477,32.54869593590686
2768,1400,1404,0.0144648609883698,0.0
2769,1406,1407,0.0136987239894035,0.0
2770,1406,1409,0.1688572919602307,402.69795862191563
2771,1407,1409,0.1651097385519825,0.0
2772,1408,1409,0.0270981119801298,0.0
2773,1407,1408,0.18466536629465,2.715903139007697
2774,1410,1411,0.0572069026209526,0.0
2775,1410,1412,0.1733249743166502,0.0
2776,1406,1410,0.3466987369758939,891.6201909497552
2777,1411,1412,0.1196793026176267,0.0
2778,1406,1411,0.2915342800577921,0.0
2779,1406,1412,0.1737533063093204,0.0
2780,1413,1436,0.0548887686700195,0.0
2781,1407,1413,0.2670153554098305,0.08505867053618169
2782,1406,1413,0.2797741883213225,0.35435082206573826
2783,1414,1417,0.0870635032823188,0.0
2784,1414,1418,0.0991667117378792,0.0
2785,1414,1415,0.1520319692127194,0.0
2786,1415,1416,0.0075915843443911,0.00772563126552572
2787,1402,1415,0.1146453683036857,0.171813666844275
2788,1405,1415,0.1186102562909953,583.0582100486068
2789,1402,1416,0.1194527857191502,0.0
2790,1405,1416,0.12297792055151,0.2900360624627843
2791,1417,1418,0.0140433517199658,0.01738383427041183
2792,1415,1417,0.2131269023588098,0.44339011174047893
2793,1415,1418,0.2185321408294316,1074.3282102056023
2794,1419,1460,0.3557934348882489,425.2887142506332
2795,1419,1461,0.7812147203069265,0.25408694989752534
2796,1419,1459,0.8336535102319673,2811.85531177014
2797,1420,1423,0.5488690378415525,930.5530926165299
2798,1421,1429,0.1922720295650619,0.033879373122980706
2799,1421,1422,0.2070479748633429,0.0
2800,1421,1426,0.2087566247293297,0.025180496098001527
2801,1422,1426,0.0289319973880204,0.03749883711681708
2802,1422,1429,0.3959978742541208,0.44417979151842907
2803,1423,1434,0.2856758939173213,486.99561039077946
2804,1423,1482,0.707131471540017,0.2588863321595839
2805,1424,1425,0.3353665218674379,550.3000878230868
2806,1346,1424,1.2216741841309473,2009.7905723850963
2807,1348,1425,1.1211611632190996,0.06901955426326395
2808,1425,1547,1.517271222423736,2475.803378321462
2809,1426,1429,0.393152561518349,1932.1108133474916
2810,1427,1430,0.0342876221069896,0.0
2811,1427,1428,0.0387274438815088,46.777077113664305
2812,1427,1433,0.0565382581680813,0.0
2813,1428,1431,0.0301629912653509,36.15600327197134
2814,1428,1433,0.0457732621715656,0.24899754097068083
2815,1427,1429,0.1822717145809891,220.14825395797936
2816,1429,1430,0.183164256130409,679.1093702286225
2817,1430,1433,0.045012450921129,166.8875759707594
2818,1428,1430,0.0584963210041342,0.0
2819,1431,1432,0.0250004452669072,0.0
2820,1431,1433,0.0462041266502301,0.0
2821,1432,1433,0.0452266365587884,25.120978758061156
2822,1428,1432,0.0521963122558504,0.0709029181466164
2823,1434,1482,0.4277971355143453,0.0
2824,1434,1435,0.8100825211213911,1390.0942553204816
2825,1435,1482,0.4039411488666742,10.036400553685128
2826,1432,1435,0.4338462667894747,240.50761468706332
2827,1431,1435,0.4502494713115048,539.7578277439849
2828,1407,1436,0.3192788219393401,4.596271154045686
2829,1406,1436,0.33229188073792,22.32115701531019
2830,1437,1438,0.330702504485093,0.6763864980339794
2831,1437,1439,0.4613925221265955,1.5153518593828659
2832,1437,1442,0.4773511826574602,1227.5371732750325
2833,1438,1439,0.1327249088821679,0.0
2834,1438,1442,0.1467108852512681,0.37203755195066457
2835,1439,1442,0.0278070035354037,0.39993109445180086
2836,1439,1454,0.217343515975803,0.0
2837,1440,1441,0.0314987949709677,0.04104416425771336
2838,1440,1443,0.273001620481587,754.1752354837938
2839,1440,1446,0.2783559987217248,0.734053223597432
2840,1441,1443,0.2696934341257404,1.4116756751444741
2841,1441,1446,0.2766701593380349,0.0
2842,1442,1454,0.2143351109698646,0.710677461124248
2843,1443,1446,0.0154647643554216,0.0
2844,1443,1450,0.1777779553740584,491.75150173420286
2845,1443,1456,0.1815984485278663,0.3400789027877346
2846,1444,1445,0.021719570965082,0.0
2847,1381,1444,0.8478011737477805,3868.0311835952957
2848,1419,1444,0.8719568048057312,3978.2866084247744
2849,1381,1445,0.8484172941940437,1.6401865872030292
2850,1419,1445,0.8935344762609708,3.347347480040815
2851,1446,1450,0.1770881000719413,1.171184623799144
2852,1446,1456,0.1793552062857234,0.0
2853,1447,1448,0.2715362884506427,0.0
2854,1447,1449,0.4127625418010568,0.0
2855,1447,1451,0.5120220937425987,2.700135018224206
2856,1448,1449,0.1425886518065849,0.0
2857,1448,1451,0.2423537481396681,0.0
2858,1449,1451,0.09976509719775,0.0
2859,1449,1453,0.2189165089156619,0.0
2860,1450,1456,0.0183114622462205,0.0
2861,1450,1457,0.0907705231094355,251.69179399374656
2862,1450,1465,0.0921983570851724,0.0
2863,1451,1453,0.1191564773757755,0.0
2864,1452,1453,0.1314815197274742,0.823647933631326
2865,1451,1452,0.250278818885585,2.431164698067659
2866,1449,1452,0.3499792357203676,0.0
2867,1438,1454,0.3471498355202046,0.5054547319674026
2868,1455,1458,0.0149908658590684,0.0
2869,1455,1490,0.3322626603135948,0.2956173704734413
2870,1455,1489,0.3330526014744114,0.08975286622587558
2871,1456,1465,0.0895933398249304,0.0
2872,1456,1457,0.0918481642232382,0.3231877567881468
2873,1457,1465,0.0183424597821936,0.0
2874,1458,1490,0.3325852450174483,7.071413850641664
2875,1458,1489,0.3351582988858025,2.0626579801761435
2876,1459,1461,0.1270246666960824,227.09500943258342
2877,1459,1460,0.6407302871817262,1.0994870046132124
2878,1460,1461,0.5462142291734191,0.0
2879,1461,1514,0.7371275547049244,1317.6988415248757
2880,1462,1508,0.1045543559846716,0.0
2881,1462,1507,0.2746391840004253,16.73634606870393
2882,1462,1463,0.3543008098575375,0.0
2883,1463,1508,0.456780737658528,0.0
2884,1463,1507,0.628625959845676,2.8622285098803455
2885,1463,1464,0.9084557411894236,0.0
2886,1462,1464,1.2623049120427834,74.26302120741961
2887,1464,1508,1.365226721496696,0.0
2888,1466,1469,0.4201432992498715,13.982349132629928
2889,1466,1474,0.4838164204092595,0.03999533328251671
2890,1466,1472,0.5488760140612959,17.518296576975807
2891,1467,1468,0.3237867642947075,0.0
2892,1467,1472,0.9361486426252388,27.05309904511451
2893,1467,1473,0.9678055058187218,3.3227104063786035
2894,1468,1472,0.631103004680056,1.4970733533179594
2895,1468,1471,0.6717425836753512,0.12254589783058747
2896,1469,1474,0.7460687503950632,1072.572851684368
2897,1469,1471,0.9451570703807376,0.8123860306195632
2898,1469,1470,2.5104841200418986,3715.3227575842297
2899,748,1470,2.818144347719663,2079.443824535166
2900,750,1470,2.8611759644243184,5882.688328361737
2901,1471,1473,0.0242191261403739,0.02525217983239545
2902,1471,1472,0.0549080397164111,0.0
2903,1471,1474,0.3757667999522949,0.0
2904,1472,1473,0.0732066918546821,0.003738337589756075
2905,1472,1474,0.42136791534536,0.0
2906,1473,1475,0.3690789670487003,1.385641033038116
2907,1474,1475,0.3169198298920732,0.0
2908,1474,1477,0.3303848324423171,474.90671867673956
2909,1474,1476,0.3331612122776847,0.0
2910,1475,1476,0.0178392147808456,0.0
2911,1475,1477,0.0287869369321838,0.0
2912,1475,1478,0.0619534848540933,0.23247159646575616
2913,1476,1477,0.0337289673009705,0.0
2914,1476,1478,0.0604398898632142,0.0
2915,1477,1478,0.0344468545198524,49.38295676514937
2916,1478,1479,0.2588659254806831,0.0
2917,1477,1479,0.283052961689978,1.0811209916658784
2918,1475,1479,0.3103116933474528,0.0
2919,1479,1480,0.4397880181657559,0.14166459815858218
2920,1480,1536,0.5893203579714444,843.5497061968015
2921,1478,1480,0.6315324897876994,907.4921100664013
2922,1481,1542,0.41512152394118,582.1488091840929
2923,1481,1488,0.92568763186863,0.02406767614855627
2924,1483,1485,0.1239543295089651,0.1738495197893292
2925,1483,1484,0.1246256880966227,0.18881445207626105
2926,1483,1539,0.3768279540508311,1606.9310163875068
2927,1484,1485,0.0217756782274914,0.0
2928,1484,1539,0.2558701617445353,0.31345375642984274
2929,1485,1539,0.2529276660395699,0.4578140538843715
2930,1486,1487,0.0973279978402844,0.0
2931,1486,1554,0.3317998087069901,3.233880764199129
2932,1486,1555,0.4066625973937709,0.0
2933,1487,1554,0.235085210895076,0.0
2934,1487,1555,0.3244578913934131,0.0
2935,1488,1548,0.3638094658094852,22.91461298707466
2936,1488,1542,0.5106056463341865,0.0
2937,1489,1490,0.0398071903633457,0.0
2938,1489,1495,0.0570968332428329,0.0
2939,1489,1491,0.0888466420733264,0.57019683647176
2940,1490,1495,0.0418024643418672,0.06276322667086479
2941,1490,1498,0.0890430343468011,2.293693260038259
2942,1491,1492,0.0128781608703276,0.0
2943,1491,1493,0.0162694847983381,45.04480971614189
2944,1491,1494,0.0233206497398816,0.03500082650019743
2945,1492,1493,0.0123853115645653,0.0
2946,1492,1496,0.0208982160456358,0.0
2947,1493,1494,0.0105938010455211,0.0
2948,1493,1496,0.0116178543707205,32.16613863251268
2949,1494,1496,0.0125695193807061,0.0
2950,1494,1498,0.0181160237349679,0.0
2951,1495,1498,0.047243748186116,0.0
2952,1494,1495,0.050558092695983,0.07589304005971995
2953,1496,1499,0.0165589865693352,0.0
2954,1497,1501,0.0420654132732972,0.0
2955,1497,1500,0.0620627699374997,0.0
2956,1492,1497,0.0824495125957971,0.0
2957,1498,1499,0.0124299378231722,0.0
2958,1496,1498,0.0207058377142847,0.0
2959,1494,1499,0.0219938346540099,0.0
2960,1499,1500,0.032900514868135,0.0
2961,1496,1500,0.0362863575293104,100.46618340284441
2962,1498,1500,0.0453244108513146,1.1672672165983804
2963,1500,1501,0.0727902797137725,203.41274081766434
2964,1499,1501,0.1056907934165375,0.0
2965,1502,1505,0.0879943363476173,0.2594289777241191
2966,1502,1503,0.098219047086313,0.0
2967,1502,1504,0.1340454420522263,374.5875867428696
2968,1503,1505,0.0226615208139369,0.0
2969,1503,1504,0.0367649139943463,0.0
2970,1504,1505,0.0487006350555597,0.0499710735841596
2971,1506,1509,0.0386386079423425,0.0
2972,1506,1510,0.0611086410191426,0.0396842635921647
2973,1502,1506,0.2520973433420771,0.053585232597415454
2974,1507,1508,0.172313761591975,0.23530119340121328
2975,1509,1510,0.0317315563181569,0.1426815849942919
2976,1502,1509,0.2723043855658703,0.7557362502309883
2977,1502,1510,0.3039345915087617,849.3895201945878
2978,1511,1517,0.0122377647448663,0.8774995570293441
2979,1511,1516,0.0797148661956769,0.18793547754737272
2980,1511,1518,0.2133469414213363,582.3152940968761
2981,1512,1527,0.5570025330962315,1.210779923664554
2982,1454,1512,0.852031176357454,0.0
2983,1439,1512,0.9885072100253782,16.14168744125794
2984,1513,1519,0.0338487409457947,0.0
2985,1513,1520,0.0443741506462521,0.0
2986,1513,1521,0.1080218071446195,0.2037719765829072
2987,1514,1528,0.5211313724595645,931.6288661342877
2988,1460,1514,0.7618474985614976,1.5480150991736645
2989,1515,1518,0.0247041208882444,0.0
2990,1515,1522,0.0308803319938499,0.0
2991,1515,1524,0.0387853531191769,0.0
2992,1516,1517,0.0808833473316132,0.0
2993,1516,1518,0.1423706719565593,0.9709474974963531
2994,1517,1518,0.2093561375972687,49.041309751805876
2995,1518,1522,0.0339420930195333,100.77514650700566
2996,1518,1524,0.055270585409239,0.08172276122564359
2997,1519,1520,0.0171743119913987,0.0
2998,1519,1521,0.0821835990389068,244.1914528136275
2999,1520,1521,0.0658053922224358,0.0
3000,1521,1522,0.0991800452840599,294.8789872296665
3001,1522,1524,0.0276649255596426,0.0
3002,1523,1524,0.0507996314053848,0.0
3003,1515,1523,0.0632921603913258,0.0
3004,1523,1526,0.0654855805292804,0.0
3005,1525,1528,0.6839821835505218,2036.6545641316634
3006,1513,1525,0.757796171009515,1.445566277323587
3007,1519,1525,0.7757329996994574,2305.31803982512
3008,1524,1526,0.0807418938676731,0.1194084747059317
3009,1522,1526,0.1076917059601215,0.4449122153498618
3010,1527,1530,0.4999199894238779,0.0
3011,1454,1527,1.4025593284811062,0.0
3012,1460,1528,0.8074022963321731,963.17843985841
3013,1529,1549,0.2520806930549673,0.0
3014,1529,1551,0.2702416679338612,3.634471879245634
3015,1529,1559,0.3788604345839039,0.0
3016,1512,1530,0.995404688326216,8.671614952451584
3017,1454,1530,1.8436813279035096,0.0
3018,1531,1532,0.2095375524872662,0.0
3019,1531,1533,0.2241418101398464,41.35447430720517
3020,1531,1535,0.2589978960556637,28.665623482142845
3021,1532,1533,0.0402465866963723,0.0
3022,1532,1535,0.0494748126232045,0.0
3023,1532,1534,0.0999785686475615,0.0
3024,1533,1535,0.0552970248085997,0.0
3025,1533,1534,0.0789926890335641,14.580985837623656
3026,1534,1535,0.0603858039520448,0.0
3027,1536,1537,0.4647799565881403,651.9154886220194
3028,1536,1538,0.5647292627331387,13.872541017180337
3029,1537,1538,0.1010495615183051,0.0
3030,1537,1611,0.9163413021289102,1283.0720474259374
3031,1538,1611,0.8164739630385162,1.0953774560878564
3032,1539,1541,0.1306830426066224,0.0
3033,1539,1540,0.1309355521390827,558.736997704736
3034,1539,1543,0.1990996610347441,0.0
3035,1540,1541,0.0095268252815776,0.0
3036,1540,1543,0.0681763471332437,0.0
3037,1540,1544,0.0925330830620356,394.85869021028157
3038,1541,1543,0.0692106761157541,0.0
3039,1541,1544,0.0949501688392032,0.0
3040,1542,1548,0.8733196634576803,1273.6357892479457
3041,1543,1544,0.027745465920597,0.0
3042,1545,1550,0.0618799984614076,262.42515766693583
3043,1545,1546,0.071203035917696,301.98258309940326
3044,1545,1552,0.1086132470829165,0.0
3045,1546,1553,0.0985017328913952,2.132767264544411
3046,1546,1552,0.1000458310115847,0.22443895684217302
3047,1547,1572,0.4701342195597949,0.4604291484877327
3048,1547,1573,0.6865793467030245,4.932889174648114
3049,1547,1604,1.082093128891134,61.34476099029678
3050,1548,1571,1.1229220074253516,1719.6899479861927
3051,1549,1551,0.0182035147884774,0.017260363295523547
3052,1549,1559,0.2955956293880133,0.0
3053,1550,1552,0.0825982771095949,0.0
3054,1550,1557,0.0959313744125701,0.0
3055,1551,1559,0.298329647925167,0.8701474029462051
3056,1552,1553,0.0342057234011344,0.0
3057,1552,1558,0.0919679742576247,0.20634894665355502
3058,1553,1558,0.1112754566248232,1.2348066968126394
3059,1554,1555,0.2268943554685424,9.223731392261977
3060,1554,1556,0.2927772311136956,14.741370991412383
3061,1555,1567,0.2387288757264585,3.50307195104274
3062,1555,1564,0.300468080356651,6.791947198281392
3063,1556,1562,0.0532162838498671,0.0
3064,1556,1561,0.2571134876515528,8.131061846032841
3065,1556,1565,0.2799905363381025,5.228958904139427
3066,1557,1561,0.0418890023698828,0.0
3067,1557,1558,0.0826658676314806,0.0
3068,1558,1561,0.0996756012727024,1.2394352574008927
3069,1559,1560,0.0159479884843707,0.0
3070,1549,1560,0.3004848819194294,0.0
3071,1551,1560,0.3022939636062992,3.2948120240750876
3072,1550,1561,0.1373064675008093,582.2927448773563
3073,1561,1562,0.2154602262428233,909.5770081924165
3074,1562,1563,0.2297656014435518,969.7056066530256
3075,1563,1565,0.0561874117408491,0.0
3076,1563,1566,0.1163706970500028,491.05934064573785
3077,1563,1569,0.1379951757420325,0.0752093636101575
3078,1564,1567,0.0621574976368485,0.0
3079,1564,1601,0.2043609074814386,0.5560800350574696
3080,1564,1568,0.2482408828261945,0.0
3081,1565,1566,0.0626768305376066,1.1695179525107673
3082,1565,1569,0.0870709863628509,0.0
3083,1566,1569,0.0266756511661637,0.0
3084,1566,1570,0.0816195200575345,0.0
3085,1567,1601,0.2663961024126171,0.0
3086,1568,1601,0.189607385909539,0.0
3087,1567,1568,0.2903358831559134,4.265736642434921
3088,1569,1570,0.0633609674061215,0.0
3089,1570,1602,0.1274271471029916,0.0
3090,1571,1572,0.7531408999020975,0.7255280720051036
3091,1547,1571,1.1472193291874988,1777.3031941756014
3092,1572,1573,0.531655262532828,0.04263021308889023
3093,1573,1604,0.3963112370231251,0.0
3094,1574,1575,0.1620486154763596,0.06684393881808601
3095,1574,1578,0.2564254792607643,0.0
3096,1574,1579,0.2622650289469861,0.0
3097,1534,1575,0.1214861954480294,22.43158188024466
3098,1535,1575,0.1811553234228249,0.0
3099,1576,1581,0.0108363148531871,0.0
3100,1576,1582,0.0163322112970397,0.0
3101,1576,1583,0.0434002677873521,0.0
3102,1577,1583,0.0224530297739743,0.0
3103,1577,1584,0.0335212899502343,3.0928706623188114
3104,1577,1581,0.0402432783747424,0.7484860809790628
3105,1578,1579,0.0326379663873388,0.0
3106,1575,1578,0.4075641092602614,1.138867283567215
3107,1575,1579,0.4067998899118175,70.44165945739032
3108,1580,1587,0.0074577100959713,0.043470262551409115
3109,1580,1588,0.0180741134248888,0.0
3110,1580,1589,0.0303354381969825,0.0
3111,1581,1582,0.025392018668906,0.47232887971390075
3112,1581,1583,0.032808946688613,0.0
3113,1582,1587,0.043566455869891,0.5825376262851905
3114,1583,1584,0.0178330459478641,0.0
3115,1584,1586,0.0183840199995706,0.0
3116,1584,1585,0.0248258550659939,2.2907762923622
3117,1585,1586,0.0164656441022715,0.0
3118,1583,1585,0.0426522521788247,0.0
3119,1583,1586,0.0336282156525962,0.0
3120,1587,1588,0.0152564428602805,0.11508903810792068
3121,1587,1589,0.0264258800059234,0.0
3122,1588,1589,0.0123777372872321,0.0
3123,1589,1590,0.0215939530153365,0.0
3124,1590,1592,0.0272676164086645,0.06524004935673092
3125,1588,1590,0.0314022156891089,0.23690416298086128
3126,1591,1594,0.0093338570526024,0.0
3127,1591,1593,0.0125043353895522,0.0
3128,1591,1592,0.0310933909578464,0.0
3129,1592,1595,0.0164777976832291,0.039427327064013175
3130,1592,1593,0.0208822512069115,0.0
3131,1593,1594,0.0146043033785789,0.0
3132,1593,1595,0.0200700447232532,0.0
3133,1594,1595,0.0323748449959282,0.0
3134,1596,1597,0.0159281971271301,0.0
3135,1585,1596,0.3896881265455329,0.0
3136,1594,1596,0.4027534315176707,0.0
3137,1585,1597,0.4000749666066168,36.93973613117011
3138,1594,1597,0.4115234740183351,0.0
3139,1598,1599,0.3659904875557575,0.0
3140,1598,1600,0.4184823565490522,0.0
3141,1579,1598,0.5585766632853781,5.355507143905647
3142,1599,1600,0.0544382792390063,0.0
3143,1579,1599,0.8878870322144005,1.8528115817735005
3144,1579,1600,0.9422210709582972,150.0465072262258
3145,1601,1603,0.2174402692749724,0.0
3146,1569,1602,0.1879742846476093,0.10382348887531768
3147,1566,1602,0.2088265138736147,885.0827061014589
3148,1568,1603,0.3341210145200543,0.0
3149,1564,1603,0.4207313535177505,8.375295378015766
3150,1572,1604,0.8505875659928038,0.7441161733849484
3151,1605,1606,0.1516440941626071,0.5110951114644798
3152,1602,1605,0.3346236124924143,1418.1169458180016
3153,1605,1608,0.3474545013537505,1471.278062445851
3154,1606,1608,0.1958104238079414,0.4516767654884066
3155,1606,1607,0.197758227965838,0.0
3156,1607,1608,0.0194127267385701,0.0
3157,1607,1610,0.2707070862098508,0.0
3158,1608,1609,0.271599755819855,1149.800142794631
3159,1609,1610,0.0206140424712058,0.05442909626976299
3160,1607,1609,0.2712671408808739,0.0
3161,1608,1610,0.272511238193921,0.8799497315639081
3162,1611,1612,0.0467122751416374,0.0
3163,1611,1613,0.800643936514541,1116.495606973166
3164,1612,1613,0.760172090846068,0.7350371293755845
3165,1538,1612,0.8611862727925678,8.273216031694728
3166,1613,1637,0.5517171582567011,752.3896781168968
3167,1614,1615,0.0687190287668867,0.0
3168,1614,1616,0.0961204870582456,2.069475413523448
3169,1614,1617,0.1031993248884343,5.39914021654415
3170,1615,1616,0.0274038885742868,0.0
3171,1615,1617,0.0405763960112233,0.0
3172,1616,1617,0.025842963915841,0.0
3173,1618,1620,0.03379547312182,0.11928595713131158
3174,1618,1619,0.618848140391404,0.0
3175,1618,1652,1.102902840779547,0.0
3176,1619,1620,0.650283004812987,14.723986511765151
3177,1619,1652,1.2903680731578906,0.0
3178,1620,1652,1.0891230706136084,48.18693844322587
3179,1621,1627,0.4438266439473745,1.255013569964992
3180,1621,1625,0.4960944135810564,2089.2826701943545
3181,1621,1626,0.5539076293631218,0.8003838804097855
3182,1622,1623,0.0227706842499665,0.0
3183,1622,1651,1.664911685191223,0.0
3184,1622,1625,1.9606097634299824,6.599114147527655
3185,1623,1651,1.6610059131532235,48.19410854240564
3186,1623,1625,1.9399737804070467,78.59581840085033
3187,1624,1626,0.3660272612706269,1.5349304919784534
3188,1624,1625,0.4238348265914981,1787.627088188382
3189,1624,1627,0.476172338536131,2.6721235801033685
3190,1625,1627,0.0530180513648423,0.0
3191,1625,1626,0.0580624997749809,0.0
3192,1626,1627,0.1101652502082727,0.0
3193,1628,1629,0.1473464881884031,1.225135680502457
3194,1628,1635,0.3743624210602383,1568.433842511944
3195,1628,1634,0.3749975026508389,2.4419166442881903
3196,1629,1634,0.2614912187854775,1.1198603284740516
3197,1629,1635,0.268384866300076,0.0
3198,1630,1631,0.0160606097687927,0.0
3199,1630,1632,0.1066175046535388,0.0
3200,1630,1633,0.1700921926178923,0.5022773122170084
3201,1631,1632,0.1112711394399646,0.0
3202,1631,1633,0.1761500233990305,1.682949916484902
3203,1632,1633,0.0655238996771201,0.0
3204,1634,1635,0.0243529474193645,0.0
3205,1634,1662,0.2814757385359331,2.3339289189067216
3206,1635,1662,0.2753877649960626,0.7404791833139361
3207,1636,1638,0.382884699085106,1.0208188410307608
3208,1636,1637,0.8216840567422337,0.0
3209,1613,1636,0.928024610934076,26.198600551558503
3210,1637,1639,0.4329418106415713,590.4134465255793
3211,1637,1638,0.5031365474353889,0.0
3212,1638,1639,0.5479548367742996,1.4562369415149838
3213,1639,1642,0.5964451716447623,807.4615201198105
3214,1640,1641,0.0172996226757048,0.0
3215,1640,1642,0.6506516283149653,0.5303592674316389
3216,1639,1640,0.7490596150224368,6.411797644795591
3217,1641,1642,0.6362624635762532,0.17477818147408788
3218,1639,1641,0.7471879879330815,3.03570292698837
3219,1643,1644,0.3759781087646857,0.0
3220,1643,1645,1.6591178077987023,3.212380266553014
3221,1643,1646,1.7388156764065683,0.40123063530773706
3222,1644,1645,1.9465183501086496,61.49211666816022
3223,1644,1646,2.021789823206825,11.72626209319915
3224,1645,1646,0.0844431822639117,0.8859542073659126
3225,1645,1647,0.0928499987055245,0.013586839541100695
3226,1645,1648,0.4200495878524877,549.6411354229748
3227,1646,1647,0.0259889401403798,0.0
3228,1646,1648,0.3362704348108301,2.018416460712171
3229,1647,1648,0.3288421901780414,0.005943214600554625
3230,863,1649,0.439842960368516,0.0
3231,1648,1649,0.4764474368665282,624.880064222436
3232,1617,1650,1.6350526951713011,67.38051753477531
3233,1616,1650,1.655831777506371,0.0
3234,1615,1650,1.6754751062375772,0.0
3235,1651,1653,0.3622580285334852,0.3742528158847053
3236,1651,1655,0.4436949158250682,7.940418004436615
3237,1651,1654,0.4604212986119748,3.686660505732702
3238,1652,1659,0.8216604269113105,0.0
3239,1653,1655,0.1226164567113596,0.0
3240,1653,1654,0.1257684795443304,0.0
3241,1653,1656,0.2528372989934629,0.0
3242,1654,1655,0.0234391800262671,0.0
3243,1654,1656,0.1302581088728063,0.0
3244,1655,1656,0.1303042967334151,0.0
3245,1656,1657,0.1288249788486388,0.0
3246,1655,1657,0.2556869257140886,4.580314312205821
3247,1654,1657,0.2583911084497948,0.0
3248,1654,1658,0.3196488328377335,2.5630287334616835
3249,1655,1658,0.3430429186776295,0.0
3250,1656,1658,0.3480341364166942,0.0
3251,1620,1659,1.7956772674798689,76.577872478389
3252,1660,1661,0.1505615779269341,0.0
3253,1652,1660,1.661769888783243,11.109746695517416
3254,1659,1660,1.9269659774346724,0.0
3255,1652,1661,1.8061426749370169,44.70569634948329
3256,1659,1661,2.07620358608958,0.0
3257,1662,1663,0.3605908017519985,3.465532644117691
3258,1663,1666,0.2228269668103124,934.3874636832624
3259,1635,1663,0.6359706244284666,2662.9220330744706
3260,1664,1665,0.0139036589055302,0.0190152732078354
3261,1664,1669,0.0881748064501944,0.3191179192479716
3262,1664,1668,0.0912132922572755,0.0
3263,1665,1668,0.0888761487571943,0.0
3264,1665,1669,0.0891980720528414,0.10746413605289606
3265,1666,1669,0.4761246494694683,3.2248766237576416
3266,1666,1668,0.4766820249485254,1995.488481112626
3267,1667,1671,0.0797980535919846,0.12833057403164846
3268,1667,1668,0.6155281707972999,3.009486195260118
3269,1665,1667,0.6368402028013541,0.0
3270,1668,1669,0.0216655957901891,0.019290343196545084
3271,870,1670,0.6500015982742716,18.856128485782325
3272,869,1670,0.6604309255553825,1.049711348026884
3273,871,1670,0.6924203378901195,0.0
3274,1668,1671,0.6495755049549494,2716.9567186614363
3275,1665,1671,0.6607478352086031,1.1740316914281888
3276,1672,1673,0.0325478074091129,0.0
3277,1673,1675,0.0464476543199561,0.0
3278,1673,1674,0.0594183567252952,0.0
3279,1674,1675,0.0216281227040231,0.037657357030377994
3280,1672,1674,0.0901051000428301,0.6767384381055935
3281,1672,1675,0.0789166794556023,0.18723764940027085
3282,1676,1679,0.1663381480035001,0.0
3283,1676,1680,0.4254766051984579,0.0
3284,1676,1681,0.8232092180461735,25.045359395036172
3285,1224,1677,5.125279361414099,0.0
3286,1223,1677,5.149156417355996,0.0
3287,746,1677,7.328134078815338,3044.694236129928
3288,1678,1682,3.7934051456022,0.0
3289,1679,1680,0.2614334108898441,0.0
3290,1679,1681,0.6599147596501987,1.1378422374427264
3291,1680,1681,0.3984819518318856,1.3676512113763897
3292,1682,1683,0.0521795641506908,0.0
3293,1682,1684,0.4140185703641881,26.27553295681456
3294,1683,1684,0.3647022047859782,2.3442642203453326
3295,1678,1683,3.832727792784877,0.0
3296,1678,1684,4.17634041840185,528.60616405985
3297,1681,1685,2.2646299144976907,582.5433348610566
3298,1685,1690,2.6094809679030524,0.0
3299,1685,1689,2.6103766333011587,825.0140129127277
3300,1686,1687,0.2469965110614979,0.0
3301,1686,1688,3.892970352467762,97.72852755238195
3302,1686,1689,7.361173521812623,0.0
3303,1687,1688,3.724127061819373,1343.2493261931795
3304,1687,1689,7.151951306602986,2513.0811594310126
3305,1688,1712,7.118851044833525,3010.76985289393
3306,1689,1690,0.0231639006813819,0.04351673453330156
3307,1689,1691,0.5506222652746151,6.4836106546629
3308,1690,1691,0.535293317475466,0.0
3309,1685,1691,3.025974966221656,0.0
3310,1692,1693,0.2134711539697641,0.010194239911073733
3311,1692,1694,0.4672010575619058,0.0
3312,1692,1701,8.830997738189945,37.78947000111443
3313,1693,1694,0.6791581220354888,652.3577193302104
3314,1693,1714,8.647512737284506,8137.952426672286
3315,1694,1701,8.364614963164716,8588.302420665479
3316,1695,1696,0.2049098130077897,0.11888171637359572
3317,1695,1702,0.9402477816396916,1186.3297043122047
3318,1696,1702,0.736969591379325,1.0105052729536157
3319,1697,1699,0.301778048089991,0.0
3320,1697,1698,0.3500626748742695,3.895382393762407
3321,1697,1703,0.6261450522433544,707.0897150578451
3322,1698,1699,0.0487752186920584,0.0
3323,1698,1703,0.2993291752438209,0.1382870295218027
3324,1699,1703,0.3389117823531832,0.0
3325,1700,1705,1.0640914658320773,11.585022391019798
3326,1700,1706,1.0702663295823345,0.0
3327,1700,1701,1.2787182336029796,0.20828729257493195
3328,1701,1705,2.3428075221521087,2607.711559228227
3329,1701,1706,2.3488749453323794,0.08504343369617537
3330,1697,1702,1.004824648704399,1151.1306041547725
3331,1703,1704,0.1347803016442061,0.43806008630992876
3332,1704,1705,0.3455031246557281,0.00124660791921808
3333,1704,1706,0.3488330125261196,0.0
3334,1705,1706,0.0188208326854903,0.0
3335,1703,1705,0.4790414540344789,537.8436781564081
3336,1703,1706,0.4830594674634451,0.9213087828116656
3337,1707,1708,0.0189913578073527,1.6934480630791302
3338,1707,1709,0.733083865342614,1.0215634263667428
3339,1707,1710,1.036042756469301,37.9016875756827
3340,1708,1709,0.73973655631762,0.0
3341,1708,1710,1.0384974001277334,0.0
3342,1709,1710,0.360776083188455,0.0
3343,1711,1713,0.4935726938921436,0.0
3344,1711,1712,0.9954942391015242,0.10656861315931712
3345,1711,1714,2.178503877421166,52.85533115911837
3346,1712,1713,0.5446407350707513,0.017324137820600206
3347,1712,1714,3.15939412038918,2682.7922480286406
3348,1713,1714,2.620430789157972,78.11802889888335
3349,1715,1716,0.5933007290791134,0.41998351119634086
3350,1715,1717,0.6044662061509423,115.42848250403677
3351,1712,1715,5.5691059371287,1444.366244983404
3352,1716,1717,0.0194616276161741,0.0
3353,1716,1719,5.477320916765912,0.0
3354,1717,1719,5.464451792257562,1009.0821293121794
3355,1718,1720,0.4957339602116298,0.0
3356,1718,1719,0.5614230998599885,3.09149822286533
3357,1718,1750,2.6292898383538903,0.0
3358,1719,1720,0.067698165614416,0.07734008934291088
3359,1719,1750,3.1793965042580767,539.2102412117011
3360,1720,1750,3.1174767047038885,0.0
3361,1721,1724,2.3267649940068766,0.0
3362,1721,1726,2.9202650047370127,0.0
3363,1721,1751,2.9523631531629007,146.80427245140518
3364,1722,1723,0.0172549377721296,0.0
3365,1722,1749,1.0454347952701113,0.0
3366,1722,1750,1.0604486190780622,1.4471242975217606
3367,1723,1749,1.0399811413778763,0.0
3368,1723,1750,1.0547561518287496,171.19632119062297
3369,1724,1726,0.6065514744091107,0.0
3370,1724,1725,0.6445692631356412,1.5513889921022812
3371,1724,1727,0.7733809336660469,0.0
3372,1725,1726,0.1922715729788252,0.0
3373,1725,1727,0.2695096369744416,0.0
3374,1725,1751,0.4906464002382142,35.71380796552978
3375,1726,1727,0.1684756639851912,0.0
3376,1726,1728,0.5965803574233781,0.0
3377,1727,1728,0.4458005353677174,0.0
3378,1728,1752,0.2006262659373383,14.085271043938441
3379,1725,1728,0.5735871823145782,40.23873944514675
3380,1729,1730,0.0359170018862408,0.0
3381,1727,1729,0.5266567160903857,0.0
3382,1728,1729,0.6102800027150569,0.0
3383,1727,1730,0.5581328248623271,22.84015934771594
3384,1728,1730,0.6449279727554678,0.0
3385,1731,1763,1.8836472953831664,0.0
3386,1731,1762,1.9686234363954749,0.0
3387,1731,1761,2.444836405736055,58.81795059593628
3388,1732,1734,0.3869872608441678,178.3866141037355
3389,1732,1737,0.3905380474234924,0.0
3390,1732,1735,0.4572665683703314,0.0
3391,1733,1735,0.4726530547296508,0.0
3392,1733,1736,0.4819616161816604,0.0
3393,1733,1734,0.5423262355469346,249.9996453143378
3394,1734,1737,0.0515389060202425,0.0
3395,1734,1735,0.0703654242316625,0.0
3396,1734,1736,0.0823181867129525,0.0
3397,1735,1736,0.043975360011138,0.0
3398,1735,1737,0.0893225026142189,0.0
3399,1736,1737,0.0726166081833222,0.0
3400,1738,1739,0.7256116627528547,6.857665094555375
3401,1738,1741,1.1798295851326948,0.8364816027385894
3402,1738,1740,1.181741886624785,0.0
3403,1739,1741,1.670955305479923,856.5734051644811
3404,1739,1740,1.6780124251020647,20.16170776769376
3405,1740,1741,0.0143505498125068,0.0
3406,1740,1747,1.2318568910091972,1.562419699813388
3407,1741,1747,1.232493909484155,587.77650178112
3408,1732,1742,3.614918758370554,1689.8791877765918
3409,1742,1747,3.746048473563815,1771.6260678775686
3410,1742,1748,3.764263154526401,19.378029281410036
3411,1743,1744,0.0133530898234802,0.0914275420078118
3412,1743,1746,0.5444887895058484,5.147724585391345
3413,1743,1745,0.5465305662590687,295.45839087940647
3414,1744,1746,0.5483282208602076,0.0
3415,1744,1745,0.5507195915160953,27.277172272107105
3416,1745,1746,0.0151922200445902,1.010034515840442
3417,1747,1748,0.0213862778725819,0.0
3418,1740,1748,1.2397263556888694,0.0
3419,1741,1748,1.2401321260054523,40.75837038657386
3420,1749,1750,0.0213939073563577,0.12830106709475791
3421,1726,1751,0.6712229341934115,0.0
3422,1727,1751,0.7543955826392572,30.85844444220754
3423,1727,1752,0.6463751095821743,0.0
3424,1729,1752,0.734326909136712,0.0
3425,1753,1756,0.0318396329049999,0.0
3426,1753,1757,0.0490062821289625,0.7706156532973896
3427,1753,1759,0.3753451416987811,0.0
3428,1754,1755,0.152564657517543,0.5857472149454763
3429,1754,1758,0.529389351236019,23.034573208442108
3430,1754,1757,0.6816308524495279,12.794366661419817
3431,1755,1758,0.4110156303076762,0.0
3432,1755,1757,0.540282497263865,0.0
3433,1756,1757,0.0253454363295778,0.07733528120728798
3434,1756,1759,0.4032184813319271,0.0
3435,1757,1759,0.4038894228220741,0.0
3436,1758,1759,0.5421158803537267,22.272202970457528
3437,1759,1760,0.1859705910836653,7.647076050075416
3438,1753,1760,0.5503175979322668,0.0
3439,1756,1760,0.5799399560127939,0.0
3440,1761,1762,0.5932799335669892,2.2874438436597297
3441,1761,1763,0.6043564645594972,1.4325298154257258
3442,1762,1763,0.1386339782236807,0.0
3443,1764,1765,0.0346881815764546,0.0
3444,1046,1764,0.4970191734719524,0.0
3445,1044,1764,0.564864449409559,3.151861330080145
3446,1046,1765,0.4678325408114683,0.04016941728822307
3447,1044,1765,0.5354955272234586,595.7947113638066
3448,1766,1767,0.0450861661678771,0.0
3449,1766,1768,0.4586516341275761,0.02763307940245336
3450,1766,1770,0.5492610359354022,0.0
3451,1767,1768,0.4196998047213867,440.1526553281982
3452,1767,1770,0.5099426940273235,1.033195200924523
3453,1768,1770,0.0907939863381759,0.0
3454,1769,1771,0.238801511003638,0.12110310317571406
3455,1769,1776,0.9527457803545644,6.63438671902872
3456,1769,1777,0.9594701560953718,93.17635460810331
3457,1770,1773,0.4124028532882104,0.0478679556727455
3458,1770,1772,0.4132480916407894,0.0
3459,1771,1776,0.7701687706958786,0.0
3460,1771,1777,0.7729900053892154,0.0
3461,1772,1773,0.0196160092431628,0.0
3462,1768,1772,0.4998743161442167,4.907253806415503
3463,1768,1773,0.5001220217474105,468.85835603799825
3464,1774,1775,0.017680416844162,0.0
3465,1773,1774,1.2484540051136883,13.931517802197808
3466,1772,1774,1.2527989437358955,0.0
3467,1773,1775,1.241497091801813,1148.6995376344469
3468,1772,1775,1.246091758935497,0.8443801304160252
3469,1776,1777,0.0226326508415118,0.0
3470,1778,1779,0.017911263439523,0.005807932811884193
3471,1774,1778,1.2919419420905414,0.8654988275433395
3472,1775,1778,1.292601741025309,1186.7095388431555
3473,1774,1779,1.2916033484682234,0.0
3474,1775,1779,1.2920182423592037,5.633213971267974
3475,1780,1781,0.7241141347909934,8.06595218833991
3476,1780,1782,1.767464870587899,1489.4636205328757
3477,1780,1783,2.438776803101053,94.76151321229257
3478,1781,1782,1.0763554316513004,0.32839687021610126
3479,1781,1783,1.7721969087378184,0.0
3480,1782,1783,0.7053595659440176,0.0
3481,1782,1784,0.7087009369511483,0.0
3482,1783,1784,0.0278895078143172,0.9776806763890962
3483,1781,1784,1.7787169910335725,0.0
3484,1783,1785,3.6851326423560153,1.1262114572415782
3485,1784,1785,3.694930487784613,1.9660105708803983
3486,1782,1785,4.329597037695267,3627.624769700214
3487,1786,1787,0.0122491766376209,0.0
3488,1786,1788,3.660714346110991,0.0
3489,1785,1786,7.170067452619714,243.71447874549324
3490,1787,1788,3.664616339030631,479.6585344197605
3491,1785,1787,7.158626921926154,1011.5851570479813
3492,1788,1792,7.164108798114852,308.5754847154566
3493,1789,1795,5.893781700051737,0.0
3494,1789,1794,5.9573303166427305,0.0
3495,1789,1793,6.135782807681887,43.02912609559159
3496,1790,1791,0.0378521127873478,0.0
3497,1790,1792,1.375005137820239,0.0
3498,1788,1790,8.06722621982774,33.40626930762327
3499,1791,1792,1.409699581525643,0.0
3500,1788,1791,8.080849199173075,296.2812849332904
3501,1793,1795,0.4146901847577313,0.32523758726707885
3502,1793,1794,0.5439402254447571,3.54411443442753
3503,1794,1795,0.183252152931487,0.0
3504,1796,1797,0.5032494072690955,13.467319659138566
3505,1796,1798,0.7957936742632298,59.28494993549807
3506,1796,1800,0.9089726832333412,316.63862930593933
3507,1797,1800,0.4057384647095138,0.006525552846716416
3508,1797,1798,0.4073718059061566,0.0
3509,1798,1799,0.25020120226371,0.0
3510,1798,1800,0.4015841299256275,0.013945826561124012
3511,1799,1800,0.2766843328047875,0.030102257903562153
3512,1797,1799,0.5240239853066676,13.69198034870826
3513,1801,1802,0.0133747755102626,0.0
3514,1801,1804,0.9662434519955738,0.4034767943488618
3515,1801,1803,0.9872975749827736,13.838174122547446
3516,1802,1804,0.9689926072496357,1.0711742806758475
3517,1802,1803,0.99035016235077,59.30776828727071
3518,1803,1804,0.0310882955432514,2.6267992729512253
3519,1805,1806,0.3446178222927985,0.11376909341170115
3520,1803,1805,3.828038877229748,497.623265368407
3521,1804,1805,3.835462657505355,6.219215495340487
3522,1803,1806,3.900027660469561,146.44709861814198
3523,1804,1806,3.904792445521959,0.0
3524,1806,1807,5.219301878976478,0.0
3525,1805,1807,5.452139843080018,0.0
3526,1804,1807,8.876751952206213,670.8314640048129
3527,1808,1809,12.666602555891751,0.07986617111032082
3528,1807,1808,27.906289346742927,10.079087694934724
3529,1805,1808,30.60381623817338,2808.3664994824658
3530,1807,1809,40.561408079435154,17.365733319148998
3531,1805,1809,43.06623878660533,768.3316895826206
3532,6,361,7.8835051635577,770.1421334091883
3533,418,424,1.4290529788384765,3586.841490613598
3534,17,36,2.939351487392626,125.62517019686301
3535,34,35,5.795638235873327,473.51866918840204
3536,62,70,2.3355107461927345,1277.5117402167803
3537,33,40,6.360550126290291,690.8775315048982
3538,52,54,1.340936081925004,950.0650709878324
3539,81,148,3.883906501422136,3552.9707338870567
3540,79,83,2.4757081248392767,1901.6777091302085
3541,86,119,1.895104887023942,1465.8137067429732
3542,98,102,1.7579965960228152,115.80496212894967
3543,109,137,0.7039568963645985,128.9556631342071
3544,103,104,0.4802038171976147,37.255404810789045
3545,136,201,4.211918981573143,927.713922719168
3546,129,133,4.668460245379655,687.9901783902756
3547,154,495,3.147733740791454,12997.934480837532
3548,155,446,4.026594034255196,829.0865361978013
3549,172,180,2.2818450170023468,831.8230499883041
3550,168,195,1.9625411768868657,1767.662374861571
3551,209,216,1.1033141535123323,1223.0299145739993
3552,184,210,3.148232377134115,380.2399268717363
3553,249,262,2.739194196956673,957.894919533531
3554,219,220,0.848660615285191,958.2167026223207
3555,237,456,2.296324549120223,3042.821418623657
3556,1272,1298,1.3975069632398742,310.4010662660303
3557,1418,1426,0.6356577579102425,3124.933910359533
3558,243,292,5.668247232216238,543.4824970605457
3559,460,1481,1.7728626086804968,2470.1414615727394
3560,263,270,0.918278186045119,276.24862824674955
3561,264,275,3.594256633676665,356.7878900606633
3562,303,308,1.381808050389136,1374.800557703983
3563,281,282,2.5836753671960397,2627.198648556449
3564,314,317,2.04112861549563,2027.0276920931606
3565,324,471,0.8097005966359975,1132.3697567294998
3566,320,348,2.3381562513131686,264.02337345562995
3567,328,353,4.290370583868053,409.3603402070315
3568,335,351,4.803828374810101,260.5392221383891
3569,343,354,2.618920824497309,132.75663016574276
3570,320,342,2.439943566683004,185.18074452839858
3571,428,437,2.4147899603877248,5661.712092231806
3572,1102,1109,7.996531079164693,5577.484123637621
3573,1107,1110,3.01497783254646,131.62306885333635
3574,1151,1163,3.3190653805329373,5046.304345435558
3575,1181,1206,5.982203075885882,1901.1296310867385
3576,1215,1219,1.504925272166906,6661.923358506884
3577,1203,1204,2.160596748935554,1138.7095300167891
3578,1258,1270,1.0118688265797795,26.777030948385445
3579,605,1273,1.383282861026407,243.9227796863745
3580,552,588,0.6793710623610462,17.459141629557738
3581,579,580,0.7172926839770316,42.24097467193198
3582,601,1312,3.5789805266454797,632.3187413538203
3583,673,799,1.0747184769187748,157.86610690396378
3584,661,695,1.0670215043468547,1050.0151620796155
3585,1315,1338,1.279132388981538,5761.174801919235
3586,654,664,0.2814472858867461,8.557168341638468
3587,754,756,0.6861228715872016,1838.675714879072
3588,671,674,0.2642121067424064,29.445504316797013
3589,740,773,1.444847740873494,3226.4699079565835
3590,817,828,0.2023606146858353,552.0383018730946
3591,694,720,0.2342006717634487,27.00431317977672
3592,687,688,0.0851621499754537,0.933310748986072
3593,811,832,0.1019915828107341,104.09735951524692
3594,787,788,0.3160582154596382,14.490139127202516
3595,1642,1645,1.342894299052206,1819.0585197346788
3596,1371,1373,0.773169514013111,1851.0815815038188
3597,777,781,0.4820307716081506,1085.9956757602577
3598,803,840,0.3493187001667764,1584.515520599127
3599,1600,1620,3.3836747406961143,457.3962138750959
3600,884,885,0.6115494996900879,2529.710479539614
3601,1723,1751,1.4495825568595817,235.96820826955218
3602,907,915,1.497329587176365,2033.9816842164298
3603,923,933,2.456275767501188,117.19986493602603
3604,908,913,2.466350657869905,4561.793435504946
3605,947,948,0.9276657686775972,1172.840364359023
3606,950,967,2.4282423402161712,1963.5373472313602
3607,1030,1051,1.7273059598582818,144.85911860113038
3608,950,980,3.3154776182503936,3397.3946907939135
3609,1012,1014,1.8739776649590256,2270.1923277567844
3610,1000,1001,1.024325105782539,332.9040398048027
3611,1016,1018,1.029215003587301,1224.8620508685763
3612,1026,1032,1.5104181134115104,1757.0815512444326
3613,1038,1040,1.8361083729573835,2077.11733839757
3614,1055,1057,1.2667723844310363,41.798734617916566
3615,1084,1088,3.902122920433546,213.94252398416637
3616,1768,1769,2.931378347669309,326.30796248382177
3617,1115,1120,3.976538309979108,4187.313784370788
3618,1127,1130,3.071062589358049,163.19589072451092
3619,1138,1147,3.88091181410103,974.1719006656331
3620,1165,1169,3.1649203146016136,6016.9841564661
3621,1182,1190,1.7975152372669263,242.2615593476871
3622,1681,1684,5.148884271924487,1075.9694957211152
3623,1242,1245,0.9551439840994504,70.76940162419571
3624,1280,1283,0.5674189084907046,21.444534758761996
3625,1267,1282,1.012842465961342,4552.705720822797
3626,732,1294,1.920453145945279,3972.461877163323
3627,1410,1437,0.7163588418810685,1844.6817306241092
3628,1388,1389,0.1799721853757344,928.5256448424843
3629,1386,1395,0.2745184791478937,1350.841207279872
3630,1457,1491,0.1909750647449396,530.2397783884476
3631,1452,1458,0.706521602531804,17.4320894882404
3632,1436,1507,1.3933935571454754,109.00738371227052
3633,1544,1546,0.1669658316497553,712.4703338680587
3634,1501,1504,0.1977698092112354,552.8375777998358
3635,1551,1553,0.6456712184681938,21.177397512614103
3636,1535,1577,0.3943379229106059,43.68902470004365
3637,1597,1614,1.811136619762584,159.2965079914248
3638,1633,1657,0.4112596361918066,6.959643268537534
3639,851,1671,1.1656341886441863,4876.657627334511
3640,1702,1707,1.6895643513984278,214.64931408398454
3641,1730,1761,6.445449115909868,241.85140217450018
3642,1739,1743,2.0936846525644683,1159.6508089112654
3643,1752,1754,4.295960846688121,289.5717731324532
3644,1778,1780,2.9924045360888654,2719.837627159586
3645,1097,1793,7.166141029885908,134.39889093817922
3646,1800,1803,8.308573745532259,2837.0638991592255
3647,481,1180,3.424683374358405,6069.22887646433
3648,27,32,17.710372802631003,4341.400482721018
3649,51,64,4.08622846760044,2764.6367579097882
3650,446,447,4.273016885002109,17402.67716784979
3651,105,163,4.428227139641762,503.3159587849273
3652,165,454,4.173854813648216,1644.1733587923723
3653,267,285,4.9082198481437125,3876.437925410987
3654,522,525,1.9082898796004129,8471.36838055385
3655,228,233,2.4387147964597387,2945.8916248780606
3656,833,1386,0.6583112056053062,702.3020965935858
3657,1301,1341,1.400466826931288,1168.8456763804431
3658,288,290,3.018074220605645,3751.692766908167
3659,1111,1134,4.97496947782739,5945.755560052529
3660,636,1329,1.44365845314885,97.44789988481038
3661,571,1227,1.1143373320622671,4981.092145145693
3662,798,1376,0.8944933376494366,157.63881658795478
3663,1382,1440,0.3499359254474175,966.5469445782375
3664,779,799,0.923501587421032,2093.3192069925567
3665,705,760,1.030275650589562,36.0782394707641
3666,1510,1511,0.3504303598279721,982.3384744224066
3667,722,1291,4.231071262472641,9074.263365732519
3668,1517,1531,1.1668632486646036,357.7113974807182
3669,1621,1628,1.347392811299308,5667.590184192327
3670,864,867,5.80372538631482,7555.400380391719
3671,916,930,2.0030268657388897,2686.780309383978
3672,937,942,2.5334782889184586,4601.864137203133
3673,963,971,2.695949807629728,3355.4706730819908
3674,984,991,4.672365546716658,4180.786280964086
3675,1433,1483,0.6690305345113844,2855.5762987723415
3676,1609,1624,1.0141886543567782,4294.760405382061
3677,1745,1785,4.94162996998561,3334.465919207687
3678,1733,1796,8.531886809786336,3881.54204795386
3679,389,399,4.744641505357903,14039.304693238904
3680,56,73,6.25112686999803,4635.677109811452
3681,629,696,1.4994222607629186,6767.66673442943
3682,1384,1459,1.906980707518092,9844.377691165371
3683,463,876,3.0244835520005244,4319.226881449725
3684,717,1359,0.9149760352474232,2388.0758749044753
3685,859,906,2.5891820845784843,7700.472757962296
