id,longitude,latitude,seg_bits,scale_id,scale,cap_2020,cap_2025,cap_2030,cap_2035,cap_2040,build_cost_usd,op_cost_usd_for_total_duration,is_active_solve
1,-80.3774124901,25.5312021479,000,0,NONE,0,0,0,0,0,0,0.0,0
2,-80.4750627341,25.4533661063,000,0,NONE,0,0,0,0,0,0,0.0,0
3,-80.3855847294,25.6474061053,000,0,NONE,0,0,0,0,0,0,0.0,0
4,-80.3184177085,25.7236000883,000,0,NONE,0,0,0,0,0,0,0.0,0
5,-80.3858997088,25.7764931092,000,0,NONE,0,0,0,0,0,0,0.0,0
6,-80.3210187079,25.7808220804,000,0,NONE,0,0,0,0,0,0,0.0,0
7,-80.2039377253,25.7888411075,000,0,NONE,0,0,0,0,0,0,0.0,0
8,-80.2130097264,25.7489620851,000,0,NONE,0,0,0,0,0,0,0.0,0
9,-80.1854427466,25.7871490916,000,0,NONE,0,0,0,0,0,0,0.0,0
10,-80.2063497377,25.8124480918,000,0,NONE,0,0,0,0,0,0,0.0,0
11,-80.1359157181,25.8128171097,000,0,NONE,0,0,0,0,0,0,0.0,0
12,-80.3243217461,25.9003510724,000,0,NONE,0,0,0,0,0,0,0.0,0
13,-80.3854317394,25.900477107,000,0,NONE,0,0,0,0,0,0,0.0,0
14,-80.207357714,25.9268200817,000,0,NONE,0,0,0,0,0,0,0.0,0
15,-80.2157457177,25.934893105,000,0,NONE,0,0,0,0,0,0,0.0,0
16,-80.351195729,25.9485731019,000,0,NONE,0,0,0,0,0,0,0.0,0
17,-80.2296648173,25.9734788295,000,0,NONE,0,0,0,0,0,0,0.0,0
18,-80.2298757272,25.9785700921,000,0,NONE,0,0,0,0,0,0,0.0,0
19,-80.4328300663,26.0123085292,000,0,NONE,0,0,0,0,0,0,0.0,0
20,-80.168432714,26.0815481052,000,0,NONE,0,0,0,0,0,0,0.0,0
21,-80.1346377168,26.0806300808,000,0,NONE,0,0,0,0,0,0,0.0,0
22,-80.2163847184,26.0907460986,000,0,NONE,0,0,0,0,0,0,0.0,0
23,-80.345939733,26.1222550749,000,0,NONE,0,0,0,0,0,0,0.0,0
24,-80.4421767203,26.1459160976,100,1,S,131394,131035,131035,131035,131394,850000,125136.98630136986,1
25,-81.6124571055,26.1540663908,001,3,L,696864,694960,694960,694960,696864,3200000,450493.15068493155,1
26,-81.223664848,26.1660309416,001,3,L,696864,694960,694960,694960,696864,3200000,450493.15068493155,1
27,-80.8323829882,26.166780406,100,1,S,131394,131035,131035,131035,131394,850000,125136.98630136986,1
28,-80.2946847328,26.1940930872,000,0,NONE,0,0,0,0,0,0,0.0,0
29,-80.1506948493,26.195999971,000,0,NONE,0,0,0,0,0,0,0.0,0
30,-80.2027196854,26.2016572472,000,0,NONE,0,0,0,0,0,0,0.0,0
31,-80.2852463237,26.3022779546,000,0,NONE,0,0,0,0,0,0,0.0,0
32,-80.1197067171,26.3045680773,000,0,NONE,0,0,0,0,0,0,0.0,0
33,-80.1695397255,26.3055400987,000,0,NONE,0,0,0,0,0,0,0.0,0
34,-80.0931927112,26.3944241003,000,0,NONE,0,0,0,0,0,0,0.0,0
35,-80.5901452756,26.4029897453,010,2,M,345870,344925,344925,344925,345870,1750000,250273.97260273973,1
36,-81.7745550156,26.4284117926,100,1,S,131394,131035,131035,131035,131394,850000,125136.98630136986,1
37,-80.1734719913,26.5926807245,000,0,NONE,0,0,0,0,0,0,0.0,0
38,-80.0704330151,26.6586473897,000,0,NONE,0,0,0,0,0,0,0.0,0
39,-80.7152997258,26.6641000764,010,2,M,345870,344925,344925,344925,345870,1750000,250273.97260273973,1
40,-81.0191424339,26.7541247349,010,2,M,345870,344925,344925,344925,345870,1750000,250273.97260273973,1
41,-81.8810067131,26.7698680769,100,1,S,131394,131035,131035,131035,131394,850000,125136.98630136986,1
42,-80.1289408264,26.8670768229,000,0,NONE,0,0,0,0,0,0,0.0,0
43,-81.2434503125,26.9010836708,010,2,M,345870,344925,344925,344925,345870,1750000,250273.97260273973,1
44,-80.140913597,26.9056965103,000,0,NONE,0,0,0,0,0,0,0.0,0
45,-82.0417545546,27.0092144196,001,3,L,696864,694960,694960,694960,696864,3200000,450493.15068493155,1
46,-82.3053241133,27.1058905674,000,0,NONE,0,0,0,0,0,0,0.0,1
47,-80.2687557305,27.1097530872,000,0,NONE,0,0,0,0,0,0,0.0,0
48,-80.2801860022,27.1250815863,000,0,NONE,0,0,0,0,0,0,0.0,0
49,-81.3286610062,27.1791486911,001,3,L,696864,694960,694960,694960,696864,3200000,450493.15068493155,1
50,-80.3996593613,27.224310065,000,0,NONE,0,0,0,0,0,0,0.0,0
51,-80.3494627345,27.2565848761,000,0,NONE,0,0,0,0,0,0,0.0,0
52,-82.4485195043,27.3064402003,000,0,NONE,0,0,0,0,0,0,0.0,1
53,-80.3948478472,27.395959554,000,0,NONE,0,0,0,0,0,0,0.0,0
54,-81.445586711,27.4720300771,100,1,S,131394,131035,131035,131035,131394,850000,125136.98630136986,1
55,-80.4487176622,27.5170741156,000,0,NONE,0,0,0,0,0,0,0.0,0
56,-80.6414471952,27.5557973401,000,0,NONE,0,0,0,0,0,0,0.0,0
57,-82.5138687452,27.5859610952,000,0,NONE,0,0,0,0,0,0,0.0,1
58,-82.6601065841,27.6218237013,000,0,NONE,0,0,0,0,0,0,0.0,0
59,-80.5195317118,27.6438850837,000,0,NONE,0,0,0,0,0,0,0.0,0
60,-80.8948047425,27.6960761082,000,0,NONE,0,0,0,0,0,0,0.0,0
61,-81.5646811596,27.7026102432,010,2,M,345870,344925,344925,344925,345870,1750000,250273.97260273973,1
62,-82.3661364221,27.7646433096,000,0,NONE,0,0,0,0,0,0,0.0,1
63,-82.6579137464,27.7677070921,000,0,NONE,0,0,0,0,0,0,0.0,0
64,-82.6385997371,27.76579009,000,0,NONE,0,0,0,0,0,0,0.0,0
65,-82.6592367454,27.7764190748,000,0,NONE,0,0,0,0,0,0,0.0,0
66,-99.4266459005,27.7768260621,000,0,NONE,0,0,0,0,0,0,0.0,1
67,-99.50309671,27.5087860922,000,0,NONE,0,0,0,0,0,0,0.0,1
68,-82.6426767246,27.7768240899,000,0,NONE,0,0,0,0,0,0,0.0,0
69,-97.5132859618,27.817315493,010,2,M,345870,344925,344925,344925,345870,1750000,250273.97260273973,1
70,-97.3979607076,27.7997650758,000,0,NONE,0,0,0,0,0,0,0.0,1
71,-97.6261467237,27.8614600727,000,0,NONE,0,0,0,0,0,0,0.0,0
72,-97.6228257288,27.8637190942,010,2,M,345870,344925,344925,344925,345870,1750000,250273.97260273973,1
73,-80.5983402263,27.9099401725,000,0,NONE,0,0,0,0,0,0,0.0,0
74,-82.6106218705,27.9196106751,000,0,NONE,0,0,0,0,0,0,0.0,0
75,-81.0605575145,27.92362555,000,0,NONE,0,0,0,0,0,0,0.0,0
76,-81.6248144208,27.9623001616,010,2,M,345870,344925,344925,344925,345870,1750000,250273.97260273973,1
77,-82.4509587427,27.9647891046,000,0,NONE,0,0,0,0,0,0,0.0,0
78,-82.3271817319,28.0021300819,000,0,NONE,0,0,0,0,0,0,0.0,1
79,-82.0857445355,28.0370238358,000,0,NONE,0,0,0,0,0,0,0.0,1
80,-99.3498267178,28.0529170714,100,1,S,131394,131035,131035,131035,131394,850000,125136.98630136986,1
81,-82.4545947179,28.078991486,000,0,NONE,0,0,0,0,0,0,0.0,0
82,-81.2807145974,28.1081599623,000,0,NONE,0,0,0,0,0,0,0.0,0
83,-97.8235219593,28.1199326212,000,0,NONE,0,0,0,0,0,0,0.0,1
84,-81.8760010605,28.1462226231,100,1,S,131394,131035,131035,131035,131394,850000,125136.98630136986,1
85,-80.7058745565,28.1574282333,000,0,NONE,0,0,0,0,0,0,0.0,0
86,-82.3947177292,28.1708350836,100,1,S,131394,131035,131035,131035,131394,850000,125136.98630136986,1
87,-81.6501207461,28.2324760843,001,3,L,696864,694960,694960,694960,696864,3200000,450493.15068493155,1
88,-81.5520387097,28.3256441027,001,3,L,696864,694960,694960,694960,696864,3200000,450493.15068493155,1
89,-99.2716097558,28.3549585606,100,1,S,131394,131035,131035,131035,131394,850000,125136.98630136986,1
90,-98.0459885183,28.3665364506,001,3,L,696864,694960,694960,694960,696864,3200000,450493.15068493155,1
91,-81.3898317083,28.3710311048,000,0,NONE,0,0,0,0,0,0,0.0,0
92,-81.2440137377,28.402333095,000,0,NONE,0,0,0,0,0,0,0.0,0
93,-82.3031666856,28.4067160651,001,3,L,696864,694960,694960,694960,696864,3200000,450493.15068493155,1
94,-80.820401728,28.4118911068,000,0,NONE,0,0,0,0,0,0,0.0,0
95,-81.4742967435,28.420999105,010,2,M,345870,344925,344925,344925,345870,1750000,250273.97260273973,1
96,-81.4088397377,28.433176073,000,0,NONE,0,0,0,0,0,0,0.0,0
97,-81.2296677417,28.4517610883,000,0,NONE,0,0,0,0,0,0,0.0,0
98,-81.0166896616,28.4522381337,000,0,NONE,0,0,0,0,0,0,0.0,0
99,-81.4489977424,28.4788870964,100,1,S,131394,131035,131035,131035,131394,850000,125136.98630136986,1
100,-81.715053368,28.4824311878,100,1,S,131394,131035,131035,131035,131394,850000,125136.98630136986,1
101,-81.5267487081,28.5332831038,010,2,M,345870,344925,344925,344925,345870,1750000,250273.97260273973,1
102,-81.3831357214,28.5352631016,100,1,S,131394,131035,131035,131035,131394,850000,125136.98630136986,1
103,-81.2755767103,28.5453700776,000,0,NONE,0,0,0,0,0,0,0.0,0
104,-81.2689167215,28.5581500905,000,0,NONE,0,0,0,0,0,0,0.0,0
105,-81.7000171297,28.5753086686,000,0,NONE,0,0,0,0,0,0,0.0,1
106,-82.1806289658,28.622606355,100,1,S,131394,131035,131035,131035,131394,850000,125136.98630136986,1
107,-98.2374292733,28.6337958215,001,3,L,696864,694960,694960,694960,696864,3200000,450493.15068493155,1
108,-99.1799677394,28.6523277705,100,1,S,131394,131035,131035,131035,131394,850000,125136.98630136986,1
109,-81.2311382528,28.6648150271,000,0,NONE,0,0,0,0,0,0,0.0,0
110,-80.8709074014,28.6692647125,000,0,NONE,0,0,0,0,0,0,0.0,0
111,-81.8535657247,28.6751500783,000,0,NONE,0,0,0,0,0,0,0.0,1
112,-81.3884428717,28.6754034191,010,2,M,345870,344925,344925,344925,345870,1750000,250273.97260273973,1
113,-81.2812737194,28.7686240766,000,0,NONE,0,0,0,0,0,0,0.0,0
114,-81.9662763933,28.7775932294,001,3,L,696864,694960,694960,694960,696864,3200000,450493.15068493155,1
115,-81.3379917449,28.8112030922,010,2,M,345870,344925,344925,344925,345870,1750000,250273.97260273973,1
116,-81.2732547345,28.8117610982,000,0,NONE,0,0,0,0,0,0,0.0,0
117,-82.0915707349,28.8592540904,100,1,S,131394,131035,131035,131035,131394,850000,125136.98630136986,1
118,-98.4247887368,28.902769088,001,3,L,696864,694960,694960,694960,696864,3200000,450493.15068493155,1
119,-80.9398926796,28.9276750675,000,0,NONE,0,0,0,0,0,0,0.0,0
120,-99.0889295603,28.9393643007,000,0,NONE,0,0,0,0,0,0,0.0,1
121,-81.2405333174,29.0076071553,010,2,M,345870,344925,344925,344925,345870,1750000,250273.97260273973,1
122,-82.1751748662,29.0629394614,001,3,L,696864,694960,694960,694960,696864,3200000,450493.15068493155,1
123,-98.4315660412,29.1202310772,001,3,L,696864,694960,694960,694960,696864,3200000,450493.15068493155,1
124,-98.8731003217,29.1533972613,010,2,M,345870,344925,344925,344925,345870,1750000,250273.97260273973,1
125,-81.0757137098,29.1552730843,100,1,S,131394,131035,131035,131035,131394,850000,125136.98630136986,1
126,-82.1982785764,29.2815173671,100,1,S,131394,131035,131035,131035,131394,850000,125136.98630136986,1
127,-98.6083077453,29.3166071003,001,3,L,696864,694960,694960,694960,696864,3200000,450493.15068493155,1
128,-98.4157167357,29.3294501098,010,2,M,345870,344925,344925,344925,345870,1750000,250273.97260273973,1
129,-81.1319894613,29.3503394472,010,2,M,345870,344925,344925,344925,345870,1750000,250273.97260273973,1
130,-98.4781947247,29.3950781038,100,1,S,131394,131035,131035,131035,131394,850000,125136.98630136986,1
131,-98.5111797314,29.3961940734,100,1,S,131394,131035,131035,131035,131394,850000,125136.98630136986,1
132,-98.7009897107,29.3817670835,000,0,NONE,0,0,0,0,0,0,0.0,0
133,-98.6495277234,29.3972650886,000,0,NONE,0,0,0,0,0,0,0.0,1
134,-98.5877697308,29.4076960849,000,0,NONE,0,0,0,0,0,0,0.0,0
135,-95.0447051935,29.4146105701,000,0,NONE,0,0,0,0,0,0,0.0,0
136,-94.8378207119,29.2882480876,000,0,NONE,0,0,0,0,0,0,0.0,0
137,-98.5008207303,29.4307091074,100,1,S,131394,131035,131035,131035,131394,850000,125136.98630136986,1
138,-98.6459637443,29.4336520858,001,3,L,696864,694960,694960,694960,696864,3200000,450493.15068493155,1
139,-98.3901117133,29.4357670745,100,1,S,131394,131035,131035,131035,131394,850000,125136.98630136986,1
140,-98.4778977434,29.4389530784,000,0,NONE,0,0,0,0,0,0,0.0,1
141,-98.4034857293,29.4477280982,000,0,NONE,0,0,0,0,0,0,0.0,1
142,-98.4135927475,29.4556120921,001,3,L,696864,694960,694960,694960,696864,3200000,450493.15068493155,1
143,-98.2925427285,29.4652330996,010,2,M,345870,344925,344925,344925,345870,1750000,250273.97260273973,1
144,-98.4040347366,29.4795160991,000,0,NONE,0,0,0,0,0,0,0.0,1
145,-98.7098277271,29.4838090731,000,0,NONE,0,0,0,0,0,0,0.0,0
146,-82.2874827393,29.484331081,000,0,NONE,0,0,0,0,0,0,0.0,1
147,-98.5492587454,29.4995951014,010,2,M,345870,344925,344925,344925,345870,1750000,250273.97260273973,1
148,-98.3978157187,29.5101970876,100,1,S,131394,131035,131035,131035,131394,850000,125136.98630136986,1
149,-98.479742708,29.5201240751,000,0,NONE,0,0,0,0,0,0,0.0,0
150,-98.3938197251,29.5242910991,100,1,S,131394,131035,131035,131035,131394,850000,125136.98630136986,1
151,-81.209993713,29.5406530901,000,0,NONE,0,0,0,0,0,0,0.0,1
152,-98.333204742,29.5678420947,000,0,NONE,0,0,0,0,0,0,0.0,1
153,-98.3041977299,29.5853380958,000,0,NONE,0,0,0,0,0,0,0.0,1
154,-98.5984527117,29.5909270702,100,1,S,131394,131035,131035,131035,131394,850000,125136.98630136986,1
155,-97.9611050132,29.5991390226,100,1,S,131394,131035,131035,131035,131394,850000,125136.98630136986,1
156,-95.3865957271,29.5973710733,000,0,NONE,0,0,0,0,0,0,0.0,0
157,-95.2054167348,29.606470072,000,0,NONE,0,0,0,0,0,0,0.0,0
158,-98.4684297268,29.6089720786,100,1,S,131394,131035,131035,131035,131394,850000,125136.98630136986,1
159,-97.6070363308,29.6502427686,010,2,M,345870,344925,344925,344925,345870,1750000,250273.97260273973,1
160,-95.5577037406,29.6613070935,000,0,NONE,0,0,0,0,0,0,0.0,0
161,-95.5598277289,29.6746811095,000,0,NONE,0,0,0,0,0,0,0.0,0
162,-95.381609713,29.6806031047,000,0,NONE,0,0,0,0,0,0,0.0,0
163,-97.2517539521,29.6892672435,010,2,M,345870,344925,344925,344925,345870,1750000,250273.97260273973,1
164,-96.8927498397,29.6948560633,010,2,M,345870,344925,344925,344925,345870,1750000,250273.97260273973,1
165,-96.534499522,29.6944402851,000,0,NONE,0,0,0,0,0,0,0.0,1
166,-95.2889367471,29.6972710757,000,0,NONE,0,0,0,0,0,0,0.0,0
167,-95.5578297321,29.7045521084,000,0,NONE,0,0,0,0,0,0,0.0,0
168,-98.0900123397,29.7074390626,010,2,M,345870,344925,344925,344925,345870,1750000,250273.97260273973,1
169,-95.266625721,29.7095560784,000,0,NONE,0,0,0,0,0,0,0.0,0
170,-95.153693722,29.7121570787,000,0,NONE,0,0,0,0,0,0,0.0,0
171,-95.5579917215,29.7183940947,000,0,NONE,0,0,0,0,0,0,0.0,0
172,-81.3364350868,29.7232640999,010,2,M,345870,344925,344925,344925,345870,1750000,250273.97260273973,1
173,-95.4603507415,29.7288250919,000,0,NONE,0,0,0,0,0,0,0.0,0
174,-82.4732846148,29.730198032,000,0,NONE,0,0,0,0,0,0,0.0,1
175,-95.3819067366,29.7323350748,000,0,NONE,0,0,0,0,0,0,0.0,0
176,-95.370350728,29.7345490996,000,0,NONE,0,0,0,0,0,0,0.0,0
177,-98.6875257427,29.7388690713,000,0,NONE,0,0,0,0,0,0,0.0,1
178,-95.3626647216,29.7443410952,000,0,NONE,0,0,0,0,0,0,0.0,0
179,-96.1824837086,29.762125078,001,3,L,696864,694960,694960,694960,696864,3200000,450493.15068493155,1
180,-95.3413257169,29.7695770997,100,1,S,131394,131035,131035,131035,131394,850000,125136.98630136986,1
181,-95.3655537442,29.7698920801,000,0,NONE,0,0,0,0,0,0,0.0,1
182,-95.1537927158,29.771413107,100,1,S,131394,131035,131035,131035,131394,850000,125136.98630136986,1
183,-95.3688117434,29.7755080944,000,0,NONE,0,0,0,0,0,0,0.0,1
184,-95.2639437268,29.7755980887,000,0,NONE,0,0,0,0,0,0,0.0,1
185,-95.4537537484,29.7805211062,100,1,S,131394,131035,131035,131035,131394,850000,125136.98630136986,1
186,-95.8746948311,29.7772562434,100,1,S,131394,131035,131035,131035,131394,850000,125136.98630136986,1
187,-95.5637517273,29.7843100705,100,1,S,131394,131035,131035,131035,131394,850000,125136.98630136986,1
188,-95.5624917249,29.78431907,100,1,S,131394,131035,131035,131035,131394,850000,125136.98630136986,1
189,-95.4498567063,29.7983770842,000,0,NONE,0,0,0,0,0,0,0.0,0
190,-95.3360517219,29.8083761092,010,2,M,345870,344925,344925,344925,345870,1750000,250273.97260273973,1
191,-95.3754987307,29.8139740822,100,1,S,131394,131035,131035,131035,131394,850000,125136.98630136986,1
192,-94.7782358788,29.8345529997,000,0,NONE,0,0,0,0,0,0,0.0,1
193,-94.393675588,29.8281012292,100,1,S,131394,131035,131035,131035,131394,850000,125136.98630136986,1
194,-95.5554897159,29.8733561038,010,2,M,345870,344925,344925,344925,345870,1750000,250273.97260273973,1
195,-97.9188537213,29.8860100821,000,0,NONE,0,0,0,0,0,0,0.0,1
196,-95.2029352643,29.8908673726,000,0,NONE,0,0,0,0,0,0,0.0,0
197,-81.4227144134,29.9325306662,000,0,NONE,0,0,0,0,0,0,0.0,1
198,-95.2958847177,29.9400190726,000,0,NONE,0,0,0,0,0,0,0.0,0
199,-95.4139917179,29.9407841079,100,1,S,131394,131035,131035,131035,131394,850000,125136.98630136986,1
200,-95.4141717478,29.941297074,010,2,M,345870,344925,344925,344925,345870,1750000,250273.97260273973,1
201,-98.8959447798,29.9753238787,100,1,S,131394,131035,131035,131035,131394,850000,125136.98630136986,1
202,-90.0494877397,29.9916250926,000,0,NONE,0,0,0,0,0,0,0.0,1
203,-90.1231707166,29.9956300858,100,1,S,131394,131035,131035,131035,131394,850000,125136.98630136986,1
204,-82.6009766182,30.0018900876,010,2,M,345870,344925,344925,344925,345870,1750000,250273.97260273973,1
205,-90.2946747465,30.0071680953,010,2,M,345870,344925,344925,344925,345870,1750000,250273.97260273973,1
206,-90.399497725,29.8943440887,000,0,NONE,0,0,0,0,0,0,0.0,0
207,-90.4319247257,30.0857920887,000,0,NONE,0,0,0,0,0,0,0.0,1
208,-95.4352947246,30.0910210862,001,3,L,696864,694960,694960,694960,696864,3200000,450493.15068493155,1
209,-94.135187412,30.0963330856,100,1,S,131394,131035,131035,131035,131394,850000,125136.98630136986,1
210,-97.8126828866,30.1002772738,000,0,NONE,0,0,0,0,0,0,0.0,1
211,-99.1793022915,30.1078822728,100,1,S,131394,131035,131035,131035,131394,850000,125136.98630136986,1
212,-90.6984961828,30.1253663875,001,3,L,696864,694960,694960,694960,696864,3200000,450493.15068493155,1
213,-89.8783021299,30.1260500189,000,0,NONE,0,0,0,0,0,0,0.0,1
214,-81.5258757227,30.1264631018,000,0,NONE,0,0,0,0,0,0,0.0,1
215,-93.7671537483,30.1215760824,100,1,S,131394,131035,131035,131035,131394,850000,125136.98630136986,1
216,-81.5561517375,30.1688980856,000,0,NONE,0,0,0,0,0,0,0.0,1
217,-81.5576907221,30.1720120943,000,0,NONE,0,0,0,0,0,0,0.0,0
218,-93.5392881436,30.1912781464,000,0,NONE,0,0,0,0,0,0,0.0,1
219,-81.7115684348,30.1913772804,100,1,S,131394,131035,131035,131035,131394,850000,125136.98630136986,1
220,-81.5562777298,30.195250102,000,0,NONE,0,0,0,0,0,0,0.0,0
221,-81.5207187205,30.1994530818,001,3,L,696864,694960,694960,694960,696864,3200000,450493.15068493155,1
222,-81.5519307164,30.2025490915,000,0,NONE,0,0,0,0,0,0,0.0,0
223,-90.950504372,30.2146331784,010,2,M,345870,344925,344925,344925,345870,1750000,250273.97260273973,1
224,-93.3024657086,30.2272360905,100,1,S,131394,131035,131035,131035,131394,850000,125136.98630136986,1
225,-93.1622367126,30.24606409,010,2,M,345870,344925,344925,344925,345870,1750000,250273.97260273973,1
226,-92.7781779601,30.2473769023,010,2,M,345870,344925,344925,344925,345870,1750000,250273.97260273973,1
227,-92.3954108608,30.235761668,010,2,M,345870,344925,344925,344925,345870,1750000,250273.97260273973,1
228,-99.4580423258,30.2533053735,000,0,NONE,0,0,0,0,0,0,0.0,1
229,-92.0156277076,30.259420107,010,2,M,345870,344925,344925,344925,345870,1750000,250273.97260273973,1
230,-82.4254400614,30.2538971985,010,2,M,345870,344925,344925,344925,345870,1750000,250273.97260273973,1
231,-82.100298739,30.2648056646,000,0,NONE,0,0,0,0,0,0,0.0,1
232,-82.754429716,30.2666561007,010,2,M,345870,344925,344925,344925,345870,1750000,250273.97260273973,1
233,-90.4019664054,30.2854468098,000,0,NONE,0,0,0,0,0,0,0.0,0
234,-81.5593017434,30.2865910703,000,0,NONE,0,0,0,0,0,0,0.0,0
235,-81.6298707125,30.2907670947,000,0,NONE,0,0,0,0,0,0,0.0,0
236,-81.6126537351,30.3029621031,000,0,NONE,0,0,0,0,0,0,0.0,0
237,-89.7417597481,30.3064000908,010,2,M,345870,344925,344925,344925,345870,1750000,250273.97260273973,1
238,-81.6191067368,30.3082360981,000,0,NONE,0,0,0,0,0,0,0.0,0
239,-97.7080197167,30.3147520964,000,0,NONE,0,0,0,0,0,0,0.0,1
240,-81.770900741,30.3151841101,001,3,L,696864,694960,694960,694960,696864,3200000,450493.15068493155,1
241,-81.6332907434,30.3208360802,000,0,NONE,0,0,0,0,0,0,0.0,0
242,-81.6821247327,30.3213310905,000,0,NONE,0,0,0,0,0,0,0.0,0
243,-81.5590047207,30.3230411055,000,0,NONE,0,0,0,0,0,0,0.0,0
244,-81.5257137332,30.3243371059,000,0,NONE,0,0,0,0,0,0,0.0,1
245,-81.6338847465,30.3273070819,000,0,NONE,0,0,0,0,0,0,0.0,0
246,-81.6365487425,30.3323650903,000,0,NONE,0,0,0,0,0,0,0.0,0
247,-91.7387861169,30.3386260418,000,0,NONE,0,0,0,0,0,0,0.0,1
248,-89.4584364287,30.3478435954,000,0,NONE,0,0,0,0,0,0,0.0,1
249,-81.5523087339,30.3489791064,100,1,S,131394,131035,131035,131035,131394,850000,125136.98630136986,1
250,-83.0872121452,30.3448409129,100,1,S,131394,131035,131035,131035,131394,850000,125136.98630136986,1
251,-81.6685887263,30.356197102,000,0,NONE,0,0,0,0,0,0,0.0,0
252,-81.6539277094,30.3566200739,000,0,NONE,0,0,0,0,0,0,0.0,0
253,-89.9857132422,30.3849769642,100,1,S,131394,131035,131035,131035,131394,850000,125136.98630136986,1
254,-95.4861024596,30.3877517397,001,3,L,696864,694960,694960,694960,696864,3200000,450493.15068493155,1
255,-82.891439113,30.4086028972,100,1,S,131394,131035,131035,131035,131394,850000,125136.98630136986,1
256,-91.4595874526,30.41225851,000,0,NONE,0,0,0,0,0,0,0.0,1
257,-83.4276888205,30.4123240544,000,0,NONE,0,0,0,0,0,0,0.0,1
258,-92.0547597369,30.4130230777,000,0,NONE,0,0,0,0,0,0,0.0,1
259,-89.1781975825,30.4172413432,001,3,L,696864,694960,694960,694960,696864,3200000,450493.15068493155,1
260,-91.1156277444,30.4185221001,100,1,S,131394,131035,131035,131035,131394,850000,125136.98630136986,1
261,-99.7130847278,30.4384300712,000,0,NONE,0,0,0,0,0,0,0.0,1
262,-81.5837367164,30.4390600724,100,1,S,131394,131035,131035,131035,131394,850000,125136.98630136986,1
263,-91.1782047263,30.4391771074,001,3,L,696864,694960,694960,694960,696864,3200000,450493.15068493155,1
264,-88.8960387151,30.4530010947,000,0,NONE,0,0,0,0,0,0,0.0,1
265,-88.8938247326,30.3939970915,000,0,NONE,0,0,0,0,0,0,0.0,0
266,-83.768234748,30.4570510845,010,2,M,345870,344925,344925,344925,345870,1750000,250273.97260273973,1
267,-81.6359547385,30.4575190962,100,1,S,131394,131035,131035,131035,131394,850000,125136.98630136986,1
268,-88.6224462509,30.4377053921,100,1,S,131394,131035,131035,131035,131394,850000,125136.98630136986,1
269,-81.6491127275,30.4599401072,010,2,M,345870,344925,344925,344925,345870,1750000,250273.97260273973,1
270,-91.16646873,30.4642870783,000,0,NONE,0,0,0,0,0,0,0.0,0
271,-90.8057648289,30.473404076,000,0,NONE,0,0,0,0,0,0,0.0,1
272,-90.2290661321,30.4752988271,100,1,S,131394,131035,131035,131035,131394,850000,125136.98630136986,1
273,-90.4889217336,30.4788041047,010,2,M,345870,344925,344925,344925,345870,1750000,250273.97260273973,1
274,-88.3532003108,30.4927327812,100,1,S,131394,131035,131035,131035,131394,850000,125136.98630136986,1
275,-84.1807710133,30.4982416683,100,1,S,131394,131035,131035,131035,131394,850000,125136.98630136986,1
276,-87.2300127276,30.5032480763,000,0,NONE,0,0,0,0,0,0,0.0,1
277,-87.205676707,30.416434109,000,0,NONE,0,0,0,0,0,0,0.0,0
278,-100.387265403,30.5071459404,000,0,NONE,0,0,0,0,0,0,0.0,0
279,-100.036413192,30.4856798786,000,0,NONE,0,0,0,0,0,0,0.0,1
280,-83.0538867389,30.5146690931,000,0,NONE,0,0,0,0,0,0,0.0,1
281,-84.5886778123,30.5363228272,000,0,NONE,0,0,0,0,0,0,0.0,1
282,-89.6337061989,30.5730798136,100,1,S,131394,131035,131035,131035,131394,850000,125136.98630136986,1
283,-87.4957573857,30.5812937148,000,0,NONE,0,0,0,0,0,0,0.0,1
284,-97.6914233966,30.590859959,000,0,NONE,0,0,0,0,0,0,0.0,1
285,-100.737479165,30.6127020022,000,0,NONE,0,0,0,0,0,0,0.0,0
286,-81.6524136459,30.6257532308,001,3,L,696864,694960,694960,694960,696864,3200000,450493.15068493155,1
287,-88.1162877395,30.6281770971,010,2,M,345870,344925,344925,344925,345870,1750000,250273.97260273973,1
288,-84.9844984659,30.6391126661,100,1,S,131394,131035,131035,131035,131394,850000,125136.98630136986,1
289,-86.8867307099,30.6517137922,000,0,NONE,0,0,0,0,0,0,0.0,1
290,-87.7653233513,30.6521800978,100,1,S,131394,131035,131035,131035,131394,850000,125136.98630136986,1
291,-95.5292964757,30.6817997317,100,1,S,131394,131035,131035,131035,131394,850000,125136.98630136986,1
292,-83.2300849781,30.6861954964,001,3,L,696864,694960,694960,694960,696864,3200000,450493.15068493155,1
293,-88.0409577433,30.6880360867,100,1,S,131394,131035,131035,131035,131394,850000,125136.98630136986,1
294,-92.0812534955,30.6930370403,000,0,NONE,0,0,0,0,0,0,0.0,1
295,-101.095362493,30.6955848745,000,0,NONE,0,0,0,0,0,0,0.0,0
296,-90.532951281,30.7008526615,010,2,M,345870,344925,344925,344925,345870,1750000,250273.97260273973,1
297,-101.457926977,30.6945788165,000,0,NONE,0,0,0,0,0,0,0.0,0
298,-86.5106494314,30.7270282076,100,1,S,131394,131035,131035,131035,131394,850000,125136.98630136986,1
299,-101.809490707,30.717898086,000,0,NONE,0,0,0,0,0,0,0.0,1
300,-86.1439436798,30.6940740666,000,0,NONE,0,0,0,0,0,0,0.0,1
301,-88.0952817133,30.7525751096,100,1,S,131394,131035,131035,131035,131394,850000,125136.98630136986,1
302,-85.3817727306,30.7534300968,000,0,NONE,0,0,0,0,0,0,0.0,1
303,-85.7685076343,30.7604143694,100,1,S,131394,131035,131035,131035,131394,850000,125136.98630136986,1
304,-81.6587517331,30.7857761028,100,1,S,131394,131035,131035,131035,131394,850000,125136.98630136986,1
305,-89.498344581,30.8283469903,000,0,NONE,0,0,0,0,0,0,0.0,1
306,-97.5893907086,30.8568130836,000,0,NONE,0,0,0,0,0,0,0.0,1
307,-95.7613703949,30.8746154413,001,3,L,696864,694960,694960,694960,696864,3200000,450493.15068493155,1
308,-102.150459003,30.8882743931,000,0,NONE,0,0,0,0,0,0,0.0,1
309,-102.533056815,30.8628138522,001,3,L,696864,694960,694960,694960,696864,3200000,450493.15068493155,1
310,-83.3578419917,30.8988902811,010,2,M,345870,344925,344925,344925,345870,1750000,250273.97260273973,1
311,-102.913891475,30.8985921351,000,0,NONE,0,0,0,0,0,0,0.0,1
312,-87.9816563307,30.9080662033,000,0,NONE,0,0,0,0,0,0,0.0,1
313,-92.2501842062,30.9216741824,010,2,M,345870,344925,344925,344925,345870,1750000,250273.97260273973,1
314,-90.524498741,30.9318460993,100,1,S,131394,131035,131035,131035,131394,850000,125136.98630136986,1
315,-103.299844897,30.9368537403,000,0,NONE,0,0,0,0,0,0,0.0,1
316,-85.4029306802,30.9578411514,000,0,NONE,0,0,0,0,0,0,0.0,1
317,-87.7681587168,30.9628421096,100,1,S,131394,131035,131035,131035,131394,850000,125136.98630136986,1
318,-97.503248936,30.9865808859,000,0,NONE,0,0,0,0,0,0,0.0,1
319,-103.684010539,30.9980221671,010,2,M,345870,344925,344925,344925,345870,1750000,250273.97260273973,1
320,-104.906148713,31.040895038,000,0,NONE,0,0,0,0,0,0,0.0,1
321,-104.543544192,31.058647103,000,0,NONE,0,0,0,0,0,0,0.0,1
322,-104.180927736,31.0627961082,001,3,L,696864,694960,694960,694960,696864,3200000,450493.15068493155,1
323,-97.390049716,31.0895710973,000,0,NONE,0,0,0,0,0,0,0.0,1
324,-104.052362741,31.0900751071,001,3,L,696864,694960,694960,694960,696864,3200000,450493.15068493155,1
325,-95.9612547462,31.092415081,100,1,S,131394,131035,131035,131035,131394,850000,125136.98630136986,1
326,-89.3806546936,31.0981215087,000,0,NONE,0,0,0,0,0,0,0.0,1
327,-81.5942799885,31.1077703223,000,0,NONE,0,0,0,0,0,0,0.0,1
328,-92.442278683,31.1239612047,100,1,S,131394,131035,131035,131035,131394,850000,125136.98630136986,1
329,-83.4378087134,31.1328431107,000,0,NONE,0,0,0,0,0,0,0.0,1
330,-105.254642777,31.144556918,000,0,NONE,0,0,0,0,0,0,0.0,1
331,-87.4058234373,31.1450613927,000,0,NONE,0,0,0,0,0,0,0.0,1
332,-85.4015277126,31.1905690703,001,3,L,696864,694960,694960,694960,696864,3200000,450493.15068493155,1
333,-105.599253836,31.1948548129,000,0,NONE,0,0,0,0,0,0,0.0,1
334,-85.4243697462,31.2490601074,100,1,S,131394,131035,131035,131035,131394,850000,125136.98630136986,1
335,-90.4787764348,31.2793005145,000,0,NONE,0,0,0,0,0,0,0.0,1
336,-97.2530249262,31.294258734,000,0,NONE,0,0,0,0,0,0,0.0,1
337,-103.770575623,31.3225001028,000,0,NONE,0,0,0,0,0,0,0.0,1
338,-85.5272760194,31.3265116169,100,1,S,131394,131035,131035,131035,131394,850000,125136.98630136986,1
339,-105.888356681,31.3396908658,001,3,L,696864,694960,694960,694960,696864,3200000,450493.15068493155,1
340,-92.515136719,31.3467730827,100,1,S,131394,131035,131035,131035,131394,850000,125136.98630136986,1
341,-87.0615799705,31.3636173675,100,1,S,131394,131035,131035,131035,131394,850000,125136.98630136986,1
342,-89.3360757116,31.368157085,000,0,NONE,0,0,0,0,0,0,0.0,1
343,-96.0235446887,31.3828212234,001,3,L,696864,694960,694960,694960,696864,3200000,450493.15068493155,1
344,-103.419996943,31.4132279349,010,2,M,345870,344925,344925,344925,345870,1750000,250273.97260273973,1
345,-85.6126047437,31.4213290873,000,0,NONE,0,0,0,0,0,0,0.0,1
346,-81.4436797642,31.4227659836,000,0,NONE,0,0,0,0,0,0,0.0,1
347,-83.5305126349,31.4480052832,001,3,L,696864,694960,694960,694960,696864,3200000,450493.15068493155,1
348,-92.8307535105,31.4758668072,000,0,NONE,0,0,0,0,0,0,0.0,1
349,-97.1347917304,31.5226600819,100,1,S,131394,131035,131035,131035,131394,850000,125136.98630136986,1
350,-103.078061154,31.5368957896,001,3,L,696864,694960,694960,694960,696864,3200000,450493.15068493155,1
351,-106.16739627,31.5662719401,000,0,NONE,0,0,0,0,0,0,0.0,1
352,-111.053235513,31.5933667147,000,0,NONE,0,0,0,0,0,0,0.0,0
353,-110.941961714,31.3347581042,000,0,NONE,0,0,0,0,0,0,0.0,0
354,-97.1077827142,31.6014551057,100,1,S,131394,131035,131035,131035,131394,850000,125136.98630136986,1
355,-89.2048232509,31.6153138374,010,2,M,345870,344925,344925,344925,345870,1750000,250273.97260273973,1
356,-90.4590098848,31.6296761013,000,0,NONE,0,0,0,0,0,0,0.0,1
357,-96.1593519476,31.6470267791,001,3,L,696864,694960,694960,694960,696864,3200000,450493.15068493155,1
358,-86.7728429644,31.6530537251,000,0,NONE,0,0,0,0,0,0,0.0,1
359,-102.736048214,31.6568503804,001,3,L,696864,694960,694960,694960,696864,3200000,450493.15068493155,1
360,-85.8173191882,31.6697056135,010,2,M,345870,344925,344925,344925,345870,1750000,250273.97260273973,1
361,-93.1092589764,31.6719487331,100,1,S,131394,131035,131035,131035,131394,850000,125136.98630136986,1
362,-83.6518737195,31.7356810704,000,0,NONE,0,0,0,0,0,0,0.0,1
363,-81.3809171578,31.7650387389,010,2,M,345870,344925,344925,344925,345870,1750000,250273.97260273973,1
364,-106.442519734,31.7773331044,100,1,S,131394,131035,131035,131035,131394,850000,125136.98630136986,1
365,-106.452104744,31.7647780776,000,0,NONE,0,0,0,0,0,0,0.0,0
366,-106.441223734,31.7819680987,000,0,NONE,0,0,0,0,0,0,0.0,0
367,-102.406064737,31.8139810849,000,0,NONE,0,0,0,0,0,0,0.0,1
368,-97.0917486277,31.8337761883,000,0,NONE,0,0,0,0,0,0,0.0,1
369,-89.0494784607,31.8410029451,001,3,L,696864,694960,694960,694960,696864,3200000,450493.15068493155,1
370,-106.578956852,31.8712453136,100,1,S,131394,131035,131035,131035,131394,850000,125136.98630136986,1
371,-96.3397317367,31.873966109,100,1,S,131394,131035,131035,131035,131394,850000,125136.98630136986,1
372,-110.987819003,31.8861809313,000,0,NONE,0,0,0,0,0,0,0.0,0
373,-93.3723838401,31.8879064218,100,1,S,131394,131035,131035,131035,131394,850000,125136.98630136986,1
374,-86.0096893423,31.894210646,100,1,S,131394,131035,131035,131035,131394,850000,125136.98630136986,1
375,-102.097171524,31.9668537647,000,0,NONE,0,0,0,0,0,0,0.0,1
376,-90.3800630537,31.9720527715,100,1,S,131394,131035,131035,131035,131394,850000,125136.98630136986,1
377,-86.5328569681,31.9785321422,010,2,M,345870,344925,344925,344925,345870,1750000,250273.97260273973,1
378,-110.634231973,31.997578579,100,1,S,131394,131035,131035,131035,131394,850000,125136.98630136986,1
379,-110.243410231,31.9690608872,001,3,L,696864,694960,694960,694960,696864,3200000,450493.15068493155,1
380,-97.0934637176,32.0560540839,100,1,S,131394,131035,131035,131035,131394,850000,125136.98630136986,1
381,-83.7630748725,32.0645061293,000,0,NONE,0,0,0,0,0,0,0.0,1
382,-81.1346547173,32.0720021017,000,0,NONE,0,0,0,0,0,0,0.0,0
383,-81.1151877171,32.0302330749,000,0,NONE,0,0,0,0,0,0,0.0,0
384,-81.0986817357,32.0740180976,000,0,NONE,0,0,0,0,0,0,0.0,0
385,-81.2460387322,32.0741710875,100,1,S,131394,131035,131035,131035,131394,850000,125136.98630136986,1
386,-106.61351257,32.0772043938,100,1,S,131394,131035,131035,131035,131394,850000,125136.98630136986,1
387,-88.8931127133,32.0847573158,100,1,S,131394,131035,131035,131035,131394,850000,125136.98630136986,1
388,-81.1432137091,32.0995240849,000,0,NONE,0,0,0,0,0,0,0.0,0
389,-93.6176631777,32.1229171672,010,2,M,345870,344925,344925,344925,345870,1750000,250273.97260273973,1
390,-96.4558831216,32.1338388156,000,0,NONE,0,0,0,0,0,0,0.0,1
391,-101.804589141,32.1388111825,001,3,L,696864,694960,694960,694960,696864,3200000,450493.15068493155,1
392,-81.4679905975,32.187217019,000,0,NONE,0,0,0,0,0,0,0.0,1
393,-96.9013590119,32.1914524957,100,1,S,131394,131035,131035,131035,131394,850000,125136.98630136986,1
394,-110.975810707,32.1922510892,000,0,NONE,0,0,0,0,0,0,0.0,1
395,-86.1173877079,32.1922510892,000,0,NONE,0,0,0,0,0,0,0.0,1
396,-109.922455797,32.1922997147,001,3,L,696864,694960,694960,694960,696864,3200000,450493.15068493155,1
397,-107.449764926,32.2449902334,100,1,S,131394,131035,131035,131035,131394,850000,125136.98630136986,1
398,-107.083501874,32.2539477373,000,0,NONE,0,0,0,0,0,0,0.0,1
399,-81.7058623435,32.2550402715,000,0,NONE,0,0,0,0,0,0,0.0,1
400,-106.728737732,32.255962082,001,3,L,696864,694960,694960,694960,696864,3200000,450493.15068493155,1
401,-108.52099361,32.2609257821,000,0,NONE,0,0,0,0,0,0,0.0,1
402,-108.17791064,32.2168889394,000,0,NONE,0,0,0,0,0,0,0.0,1
403,-101.490539728,32.2637380826,000,0,NONE,0,0,0,0,0,0,0.0,1
404,-107.811750067,32.2641303058,000,0,NONE,0,0,0,0,0,0,0.0,1
405,-97.1675829583,32.2659267159,100,1,S,131394,131035,131035,131035,131394,850000,125136.98630136986,1
406,-90.2072937324,32.2748440777,000,0,NONE,0,0,0,0,0,0,0.0,1
407,-90.1740927392,32.275744103,000,0,NONE,0,0,0,0,0,0,0.0,1
408,-90.2496207229,32.2896310869,000,0,NONE,0,0,0,0,0,0,0.0,1
409,-89.8246366472,32.2942636297,000,0,NONE,0,0,0,0,0,0,0.0,1
410,-109.198751723,32.2575281065,010,2,M,345870,344925,344925,344925,345870,1750000,250273.97260273973,1
411,-108.852472188,32.2960847388,010,2,M,345870,344925,344925,344925,345870,1750000,250273.97260273973,1
412,-86.684830476,32.2634075314,100,1,S,131394,131035,131035,131035,131394,850000,125136.98630136986,1
413,-86.3496147133,32.3133731044,000,0,NONE,0,0,0,0,0,0,0.0,1
414,-86.3347647084,32.3272600874,000,0,NONE,0,0,0,0,0,0,0.0,1
415,-86.2414707409,32.3276831015,000,0,NONE,0,0,0,0,0,0,0.0,1
416,-86.344079736,32.328799072,000,0,NONE,0,0,0,0,0,0,0.0,1
417,-81.9441147446,32.3342440974,100,1,S,131394,131035,131035,131035,131394,850000,125136.98630136986,1
418,-101.087786657,32.3404018373,100,1,S,131394,131035,131035,131035,131394,850000,125136.98630136986,1
419,-89.4749084814,32.3344579742,100,1,S,131394,131035,131035,131035,131394,850000,125136.98630136986,1
420,-89.1241274911,32.3399759426,010,2,M,345870,344925,344925,344925,345870,1750000,250273.97260273973,1
421,-88.7706417249,32.3429470796,100,1,S,131394,131035,131035,131035,131394,850000,125136.98630136986,1
422,-109.588075619,32.3451337569,010,2,M,345870,344925,344925,344925,345870,1750000,250273.97260273973,1
423,-81.0422036933,32.3518931082,010,2,M,345870,344925,344925,344925,345870,1750000,250273.97260273973,1
424,-90.6636147874,32.3583603542,010,2,M,345870,344925,344925,344925,345870,1750000,250273.97260273973,1
425,-86.2137507288,32.3628280953,100,1,S,131394,131035,131035,131035,131394,850000,125136.98630136986,1
426,-91.0801857135,32.3454287543,000,0,NONE,0,0,0,0,0,0,0.0,1
427,-86.3221377278,32.3667520937,000,0,NONE,0,0,0,0,0,0,0.0,1
428,-87.0042207248,32.3694880841,000,0,NONE,0,0,0,0,0,0,0.0,1
429,-96.6415572556,32.3707613326,000,0,NONE,0,0,0,0,0,0,0.0,1
430,-99.1513601972,32.3789515718,000,0,NONE,0,0,0,0,0,0,0.0,1
431,-98.8348287431,32.3752210913,100,1,S,131394,131035,131035,131035,131394,850000,125136.98630136986,1
432,-86.2102587449,32.38203407,000,0,NONE,0,0,0,0,0,0,0.0,0
433,-88.5794167838,32.3957696854,000,0,NONE,0,0,0,0,0,0,0.0,1
434,-82.3026762079,32.3965375886,010,2,M,345870,344925,344925,344925,345870,1750000,250273.97260273973,1
435,-84.9245547125,32.4052810773,000,0,NONE,0,0,0,0,0,0,0.0,0
436,-84.9318087467,32.3901880881,000,0,NONE,0,0,0,0,0,0,0.0,0
437,-99.4638650898,32.4086658377,000,0,NONE,0,0,0,0,0,0,0.0,1
438,-90.1472817106,32.4112481114,100,1,S,131394,131035,131035,131035,131394,850000,125136.98630136986,1
439,-83.7632778621,32.412492658,100,1,S,131394,131035,131035,131035,131394,850000,125136.98630136986,1
440,-100.692315538,32.4082795671,000,0,NONE,0,0,0,0,0,0,0.0,1
441,-96.8702000004,32.4170923404,000,0,NONE,0,0,0,0,0,0,0.0,1
442,-93.7491717357,32.4190331116,000,0,NONE,0,0,0,0,0,0,0.0,1
443,-86.2296087101,32.4213370883,000,0,NONE,0,0,0,0,0,0,0.0,0
444,-86.3194557336,32.3924651095,000,0,NONE,0,0,0,0,0,0,0.0,0
445,-87.0243987209,32.4313450705,000,0,NONE,0,0,0,0,0,0,0.0,1
446,-87.0100797243,32.4315341008,010,2,M,345870,344925,344925,344925,345870,1750000,250273.97260273973,1
447,-111.175257897,32.4327306785,000,0,NONE,0,0,0,0,0,0,0.0,1
448,-85.8506616214,32.4364352828,100,1,S,131394,131035,131035,131035,131394,850000,125136.98630136986,1
449,-82.6641881221,32.4377881464,000,0,NONE,0,0,0,0,0,0,0.0,1
450,-91.5014872516,32.4443868446,000,0,NONE,0,0,0,0,0,0,0.0,1
451,-87.2939977105,32.439633915,000,0,NONE,0,0,0,0,0,0,0.0,1
452,-95.2676350931,32.4520726918,001,3,L,696864,694960,694960,694960,696864,3200000,450493.15068493155,1
453,-94.9189467109,32.4327581051,010,2,M,345870,344925,344925,344925,345870,1750000,250273.97260273973,1
454,-88.3918857108,32.4532420821,000,0,NONE,0,0,0,0,0,0,0.0,1
455,-88.3621587446,32.442676093,000,0,NONE,0,0,0,0,0,0,0.0,1
456,-84.9881847106,32.453629099,000,0,NONE,0,0,0,0,0,0,0.0,0
457,-93.8439327349,32.4568421006,000,0,NONE,0,0,0,0,0,0,0.0,1
458,-87.5619996625,32.4583261267,100,1,S,131394,131035,131035,131035,131394,850000,125136.98630136986,1
459,-97.2639178979,32.4611169038,100,1,S,131394,131035,131035,131035,131394,850000,125136.98630136986,1
460,-88.0940809403,32.4677229495,000,0,NONE,0,0,0,0,0,0,0.0,1
461,-85.0303947082,32.4753010822,100,1,S,131394,131035,131035,131035,131394,850000,125136.98630136986,1
462,-106.890861724,32.4755348457,100,1,S,131394,131035,131035,131035,131394,850000,125136.98630136986,1
463,-94.5612482973,32.4772289058,100,1,S,131394,131035,131035,131035,131394,850000,125136.98630136986,1
464,-99.8879817479,32.4583450872,000,0,NONE,0,0,0,0,0,0,0.0,1
465,-99.7764537425,32.4808361018,010,2,M,345870,344925,344925,344925,345870,1750000,250273.97260273973,1
466,-86.4051087337,32.4838240759,100,1,S,131394,131035,131035,131035,131394,850000,125136.98630136986,1
467,-91.9346367417,32.4842470909,000,0,NONE,0,0,0,0,0,0,0.0,1
468,-99.7614597472,32.4855340918,010,2,M,345870,344925,344925,344925,345870,1750000,250273.97260273973,1
469,-94.1985746416,32.493186201,010,2,M,345870,344925,344925,344925,345870,1750000,250273.97260273973,1
470,-100.297882147,32.4942918527,000,0,NONE,0,0,0,0,0,0,0.0,1
471,-93.7604127226,32.4964870969,100,1,S,131394,131035,131035,131035,131394,850000,125136.98630136986,1
472,-98.5257817941,32.4991001311,000,0,NONE,0,0,0,0,0,0,0.0,1
473,-95.6135535175,32.5002655913,000,0,NONE,0,0,0,0,0,0,0.0,1
474,-87.838484743,32.5034171107,000,0,NONE,0,0,0,0,0,0,0.0,1
475,-87.8194587145,32.5029311,010,2,M,345870,344925,344925,344925,345870,1750000,250273.97260273973,1
476,-83.0234520747,32.505400079,100,1,S,131394,131035,131035,131035,131394,850000,125136.98630136986,1
477,-84.9500427431,32.506711107,000,0,NONE,0,0,0,0,0,0,0.0,0
478,-101.686089423,32.5082101798,010,2,M,345870,344925,344925,344925,345870,1750000,250273.97260273973,1
479,-92.3577105702,32.5213317498,100,1,S,131394,131035,131035,131035,131394,850000,125136.98630136986,1
480,-93.6283287451,32.5399570969,100,1,S,131394,131035,131035,131035,131394,850000,125136.98630136986,1
481,-84.8715717396,32.5404521072,000,0,NONE,0,0,0,0,0,0,0.0,0
482,-84.9610497444,32.544826076,000,0,NONE,0,0,0,0,0,0,0.0,1
483,-92.7858281708,32.5482847795,010,2,M,345870,344925,344925,344925,345870,1750000,250273.97260273973,1
484,-117.040883746,32.5498120892,000,0,NONE,0,0,0,0,0,0,0.0,0
485,-117.03039871,32.5421530813,000,0,NONE,0,0,0,0,0,0,0.0,0
486,-93.758688313,32.5562743116,000,0,NONE,0,0,0,0,0,0,0.0,0
487,-85.5012492437,32.5608419845,000,0,NONE,0,0,0,0,0,0,0.0,1
488,-98.1972452333,32.5684285034,010,2,M,345870,344925,344925,344925,345870,1750000,250273.97260273973,1
489,-93.2125727306,32.5729471605,000,0,NONE,0,0,0,0,0,0,0.0,1
490,-95.9469471791,32.6061956622,001,3,L,696864,694960,694960,694960,696864,3200000,450493.15068493155,1
491,-83.3715145251,32.6244763514,000,0,NONE,0,0,0,0,0,0,0.0,1
492,-117.096435997,32.6308667126,000,0,NONE,0,0,0,0,0,0,0.0,0
493,-90.0626315544,32.6389945865,000,0,NONE,0,0,0,0,0,0,0.0,1
494,-96.8232927304,32.6422781111,010,2,M,345870,344925,344925,344925,345870,1750000,250273.97260273973,1
495,-111.403957322,32.6548895074,100,1,S,131394,131035,131035,131035,131394,850000,125136.98630136986,1
496,-96.7267137238,32.66172707,100,1,S,131394,131035,131035,131035,131394,850000,125136.98630136986,1
497,-97.3205877179,32.6672260925,100,1,S,131394,131035,131035,131035,131394,850000,125136.98630136986,1
498,-97.2406677241,32.6684140996,000,0,NONE,0,0,0,0,0,0,0.0,1
499,-80.8828248619,32.6728567011,010,2,M,345870,344925,344925,344925,345870,1750000,250273.97260273973,1
500,-107.054312745,32.6754971034,000,0,NONE,0,0,0,0,0,0,0.0,1
501,-97.0625307453,32.6772610732,000,0,NONE,0,0,0,0,0,0,0.0,1
502,-97.2407217203,32.6905720935,000,0,NONE,0,0,0,0,0,0,0.0,0
503,-97.4689797316,32.6934160772,001,3,L,696864,694960,694960,694960,696864,3200000,450493.15068493155,1
504,-114.29659474,32.6704390941,000,0,NONE,0,0,0,0,0,0,0.0,0
505,-113.925983521,32.6976687796,000,0,NONE,0,0,0,0,0,0,0.0,0
506,-96.6276327097,32.6992480781,000,0,NONE,0,0,0,0,0,0,0.0,1
507,-96.6276189141,32.6992564113,000,0,NONE,0,0,0,0,0,0,0.0,1
508,-96.2839652641,32.7052393139,010,2,M,345870,344925,344925,344925,345870,1750000,250273.97260273973,1
509,-88.1297988463,32.7126006714,100,1,S,131394,131035,131035,131035,131394,850000,125136.98630136986,1
510,-117.147623725,32.7128650784,000,0,NONE,0,0,0,0,0,0,0.0,0
511,-101.935967711,32.7130991053,001,3,L,696864,694960,694960,694960,696864,3200000,450493.15068493155,1
512,-117.102362715,32.7189581039,000,0,NONE,0,0,0,0,0,0,0.0,0
513,-97.5671877171,32.7206770771,001,3,L,696864,694960,694960,694960,696864,3200000,450493.15068493155,1
514,-97.8979994674,32.7210491014,010,2,M,345870,344925,344925,344925,345870,1750000,250273.97260273973,1
515,-117.155327731,32.723827083,000,0,NONE,0,0,0,0,0,0,0.0,0
516,-116.105936734,32.6442311104,000,0,NONE,0,0,0,0,0,0,0.0,0
517,-116.031164744,32.7256990883,000,0,NONE,0,0,0,0,0,0,0.0,0
518,-116.426879803,32.7258578151,000,0,NONE,0,0,0,0,0,0,0.0,0
519,-114.620038228,32.7300232958,000,0,NONE,0,0,0,0,0,0,0.0,0
520,-97.4807607254,32.7381640795,100,1,S,131394,131035,131035,131035,131394,850000,125136.98630136986,1
521,-97.3430067365,32.7418450928,100,1,S,131394,131035,131035,131035,131394,850000,125136.98630136986,1
522,-97.3198497235,32.7470740902,100,1,S,131394,131035,131035,131035,131394,850000,125136.98630136986,1
523,-97.3194627065,32.7471370868,000,0,NONE,0,0,0,0,0,0,0.0,1
524,-117.019004734,32.747443109,000,0,NONE,0,0,0,0,0,0,0.0,0
525,-97.3097067081,32.7477940856,000,0,NONE,0,0,0,0,0,0,0.0,0
526,-97.3193727123,32.7560290994,010,2,M,345870,344925,344925,344925,345870,1750000,250273.97260273973,1
527,-83.7100047364,32.7563710765,001,3,L,696864,694960,694960,694960,696864,3200000,450493.15068493155,1
528,-117.203747747,32.759296098,000,0,NONE,0,0,0,0,0,0,0.0,0
529,-97.0632597402,32.7597281117,000,0,NONE,0,0,0,0,0,0,0.0,0
530,-97.2139197335,32.7597911074,000,0,NONE,0,0,0,0,0,0,0.0,0
531,-114.961551879,32.7081688771,000,0,NONE,0,0,0,0,0,0,0.0,0
532,-117.163328717,32.7623561096,000,0,NONE,0,0,0,0,0,0,0.0,0
533,-96.9363992248,32.7642079918,000,0,NONE,0,0,0,0,0,0,0.0,1
534,-97.3181757479,32.7650291043,010,2,M,345870,344925,344925,344925,345870,1750000,250273.97260273973,1
535,-96.8042667442,32.76880907,100,1,S,131394,131035,131035,131035,131394,850000,125136.98630136986,1
536,-96.8105937122,32.7714371102,100,1,S,131394,131035,131035,131035,131394,850000,125136.98630136986,1
537,-117.131657709,32.7716260974,000,0,NONE,0,0,0,0,0,0,0.0,0
538,-115.312626104,32.7732024947,000,0,NONE,0,0,0,0,0,0,0.0,0
539,-115.674361478,32.7735732465,000,0,NONE,0,0,0,0,0,0,0.0,0
540,-117.003182708,32.7771700751,000,0,NONE,0,0,0,0,0,0,0.0,0
541,-117.112759065,32.7786423283,000,0,NONE,0,0,0,0,0,0,0.0,0
542,-117.112757714,32.7786281064,000,0,NONE,0,0,0,0,0,0,0.0,0
543,-96.7821177076,32.7789430859,100,1,S,131394,131035,131035,131035,131394,850000,125136.98630136986,1
544,-86.5716788059,32.7817590673,000,0,NONE,0,0,0,0,0,0,0.0,1
545,-96.8119077117,32.7822100845,000,0,NONE,0,0,0,0,0,0,0.0,1
546,-113.560605872,32.7894881728,000,0,NONE,0,0,0,0,0,0,0.0,0
547,-96.7925667452,32.7959890751,000,0,NONE,0,0,0,0,0,0,0.0,1
548,-96.8156697206,32.7963310945,100,1,S,131394,131035,131035,131035,131394,850000,125136.98630136986,1
549,-97.2118317424,32.8044760717,000,0,NONE,0,0,0,0,0,0,0.0,1
550,-85.0210149511,32.8055771252,010,2,M,345870,344925,344925,344925,345870,1750000,250273.97260273973,1
551,-85.2260435782,32.807530316,010,2,M,345870,344925,344925,344925,345870,1750000,250273.97260273973,1
552,-117.152645737,32.808409111,000,0,NONE,0,0,0,0,0,0,0.0,0
553,-96.8660427359,32.8140430821,100,1,S,131394,131035,131035,131035,131394,850000,125136.98630136986,1
554,-111.681176709,32.8163920987,000,0,NONE,0,0,0,0,0,0,0.0,1
555,-96.6296667468,32.8229620932,010,2,M,345870,344925,344925,344925,345870,1750000,250273.97260273973,1
556,-97.2064047152,32.8309630791,001,3,L,696864,694960,694960,694960,696864,3200000,450493.15068493155,1
557,-107.2891801,32.8351194569,010,2,M,345870,344925,344925,344925,345870,1750000,250273.97260273973,1
558,-111.964891559,32.8280243276,000,0,NONE,0,0,0,0,0,0,0.0,0
559,-96.9026997158,32.8361290808,000,0,NONE,0,0,0,0,0,0,0.0,1
560,-97.3628517118,32.8364621015,000,0,NONE,0,0,0,0,0,0,0.0,1
561,-117.003911745,32.836624091,000,0,NONE,0,0,0,0,0,0,0.0,0
562,-96.9147147357,32.8366150915,000,0,NONE,0,0,0,0,0,0,0.0,1
563,-97.0407327275,32.8370381065,100,1,S,131394,131035,131035,131035,131394,850000,125136.98630136986,1
564,-97.0613787353,32.8377131044,000,0,NONE,0,0,0,0,0,0,0.0,1
565,-117.234797711,32.8384690979,000,0,NONE,0,0,0,0,0,0,0.0,0
566,-116.699839804,32.8385486465,000,0,NONE,0,0,0,0,0,0,0.0,0
567,-97.1241807455,32.8376771072,100,1,S,131394,131035,131035,131035,131394,850000,125136.98630136986,1
568,-97.3127757192,32.8394860737,100,1,S,131394,131035,131035,131035,131394,850000,125136.98630136986,1
569,-117.134060721,32.8401700711,000,0,NONE,0,0,0,0,0,0,0.0,0
570,-117.121280709,32.8408270708,000,0,NONE,0,0,0,0,0,0,0.0,0
571,-112.25448636,32.8420289545,000,0,NONE,0,0,0,0,0,0,0.0,0
572,-96.9117447183,32.8457320893,000,0,NONE,0,0,0,0,0,0,0.0,1
573,-117.178106726,32.8478560784,000,0,NONE,0,0,0,0,0,0,0.0,0
574,-117.114386735,32.8533461004,000,0,NONE,0,0,0,0,0,0,0.0,0
575,-83.6391567446,32.8557400714,000,0,NONE,0,0,0,0,0,0,0.0,1
576,-117.112019719,32.8588360811,000,0,NONE,0,0,0,0,0,0,0.0,0
577,-113.191208974,32.8603452056,000,0,NONE,0,0,0,0,0,0,0.0,0
578,-83.7509712469,32.8632649427,000,0,NONE,0,0,0,0,0,0,0.0,1
579,-96.8979747273,32.8714901026,000,0,NONE,0,0,0,0,0,0,0.0,1
580,-90.0255117375,32.8741990953,010,2,M,345870,344925,344925,344925,345870,1750000,250273.97260273973,1
581,-80.0202657269,32.8847110863,000,0,NONE,0,0,0,0,0,0,0.0,0
582,-80.0318847312,32.7899050904,000,0,NONE,0,0,0,0,0,0,0.0,0
583,-79.9429737311,32.7973210727,000,0,NONE,0,0,0,0,0,0,0.0,0
584,-97.3864767374,32.885944091,000,0,NONE,0,0,0,0,0,0,0.0,1
585,-79.8476997235,32.8157620975,000,0,NONE,0,0,0,0,0,0,0.0,0
586,-117.22363772,32.9035300863,000,0,NONE,0,0,0,0,0,0,0.0,0
587,-112.535199619,32.9066884199,000,0,NONE,0,0,0,0,0,0,0.0,0
588,-96.8977857392,32.9078321022,100,1,S,131394,131035,131035,131035,131394,850000,125136.98630136986,1
589,-97.0804587186,32.9233211078,000,0,NONE,0,0,0,0,0,0,0.0,0
590,-96.7640547424,32.9240771013,100,1,S,131394,131035,131035,131035,131394,850000,125136.98630136986,1
591,-96.8204397472,32.9259311067,000,0,NONE,0,0,0,0,0,0,0.0,1
592,-112.819544017,32.9303862222,000,0,NONE,0,0,0,0,0,0,0.0,0
593,-97.0404177067,32.9323751098,000,0,NONE,0,0,0,0,0,0,0.0,0
594,-117.241160719,32.9324381055,000,0,NONE,0,0,0,0,0,0,0.0,0
595,-87.8436383044,32.9480503336,001,3,L,696864,694960,694960,694960,696864,3200000,450493.15068493155,1
596,-97.0400307311,32.9498530705,000,0,NONE,0,0,0,0,0,0,0.0,0
597,-97.4208297397,32.9502940845,000,0,NONE,0,0,0,0,0,0,0.0,1
598,-83.8129017133,32.9587900806,000,0,NONE,0,0,0,0,0,0,0.0,1
599,-117.096557712,32.9627230776,000,0,NONE,0,0,0,0,0,0,0.0,0
600,-101.840080343,32.9678231518,000,0,NONE,0,0,0,0,0,0,0.0,1
601,-80.6755654978,32.9734702252,001,3,L,696864,694960,694960,694960,696864,3200000,450493.15068493155,1
602,-96.2935900263,32.9811454415,001,3,L,696864,694960,694960,694960,696864,3200000,450493.15068493155,1
603,-96.9301767428,32.9818031031,010,2,M,345870,344925,344925,344925,345870,1750000,250273.97260273973,1
604,-96.7082097455,33.004303075,000,0,NONE,0,0,0,0,0,0,0.0,1
605,-111.761286965,33.01338953,000,0,NONE,0,0,0,0,0,0,0.0,1
606,-96.8291247313,33.0145900809,000,0,NONE,0,0,0,0,0,0,0.0,0
607,-97.2670493516,33.0331363651,000,0,NONE,0,0,0,0,0,0,0.0,1
608,-117.289691165,33.0565069176,000,0,NONE,0,0,0,0,0,0,0.0,0
609,-84.949943707,33.057196095,000,0,NONE,0,0,0,0,0,0,0.0,1
610,-86.734912674,33.0812284227,000,0,NONE,0,0,0,0,0,0,0.0,1
611,-89.8894280854,33.1092642622,100,1,S,131394,131035,131035,131035,131394,850000,125136.98630136986,1
612,-96.6736120422,33.1114457135,100,1,S,131394,131035,131035,131035,131394,850000,125136.98630136986,1
613,-97.0282284828,33.1130443799,000,0,NONE,0,0,0,0,0,0,0.0,1
614,-80.2670887804,33.1152464284,000,0,NONE,0,0,0,0,0,0,0.0,0
615,-84.003490145,33.1172290198,010,2,M,345870,344925,344925,344925,345870,1750000,250273.97260273973,1
616,-117.104621737,33.1267840854,000,0,NONE,0,0,0,0,0,0,0.0,0
617,-107.284092163,33.1294583202,000,0,NONE,0,0,0,0,0,0,0.0,1
618,-95.9761001556,33.1288536233,010,2,M,345870,344925,344925,344925,345870,1750000,250273.97260273973,1
619,-95.6020592186,33.1162816973,000,0,NONE,0,0,0,0,0,0,0.0,1
620,-97.5195894476,33.1566919628,000,0,NONE,0,0,0,0,0,0,0.0,1
621,-95.2411917289,33.1622710986,001,3,L,696864,694960,694960,694960,696864,3200000,450493.15068493155,1
622,-87.5527347145,33.170128094,000,0,NONE,0,0,0,0,0,0,0.0,1
623,-117.225820241,33.1748602727,000,0,NONE,0,0,0,0,0,0,0.0,0
624,-117.351248735,33.1771211036,000,0,NONE,0,0,0,0,0,0,0.0,0
625,-111.897736199,33.1904259599,000,0,NONE,0,0,0,0,0,0,0.0,1
626,-87.2661165067,33.1898546593,100,1,S,131394,131035,131035,131035,131394,850000,125136.98630136986,1
627,-87.5669367202,33.1998011062,000,0,NONE,0,0,0,0,0,0,0.0,0
628,-97.1666517265,33.2122121003,010,2,M,345870,344925,344925,344925,345870,1750000,250273.97260273973,1
629,-96.6361737456,33.216568071,000,0,NONE,0,0,0,0,0,0,0.0,1
630,-101.806449036,33.2390509566,000,0,NONE,0,0,0,0,0,0,0.0,1
631,-94.8660265611,33.2409345714,000,0,NONE,0,0,0,0,0,0,0.0,1
632,-84.8055186173,33.2568718926,001,3,L,696864,694960,694960,694960,696864,3200000,450493.15068493155,1
633,-80.5477917308,33.318475111,100,1,S,131394,131035,131035,131035,131394,850000,125136.98630136986,1
634,-117.49930399,33.3350130562,000,0,NONE,0,0,0,0,0,0,0.0,0
635,-84.1226806502,33.3374959666,100,1,S,131394,131035,131035,131035,131394,850000,125136.98630136986,1
636,-117.158607861,33.3414544612,000,0,NONE,0,0,0,0,0,0,0.0,0
637,-87.0275487277,33.342910084,001,3,L,696864,694960,694960,694960,696864,3200000,450493.15068493155,1
638,-86.9007180869,33.3411122008,100,1,S,131394,131035,131035,131035,131394,850000,125136.98630136986,1
639,-97.6811564402,33.3446825237,000,0,NONE,0,0,0,0,0,0,0.0,1
640,-89.7727458946,33.3554444975,100,1,S,131394,131035,131035,131035,131394,850000,125136.98630136986,1
641,-111.891029736,33.3856780877,000,0,NONE,0,0,0,0,0,0,0.0,0
642,-111.893603737,33.3056051039,000,0,NONE,0,0,0,0,0,0,0.0,0
643,-111.695592241,33.3864390598,000,0,NONE,0,0,0,0,0,0,0.0,0
644,-111.500159707,33.3861011027,000,0,NONE,0,0,0,0,0,0,0.0,0
645,-111.967655732,33.3886661041,001,3,L,696864,694960,694960,694960,696864,3200000,450493.15068493155,1
646,-86.7849627194,33.3938231063,100,1,S,131394,131035,131035,131035,131394,850000,125136.98630136986,1
647,-96.5804458818,33.4024778624,001,3,L,696864,694960,694960,694960,696864,3200000,450493.15068493155,1
648,-111.978500744,33.4111210793,000,0,NONE,0,0,0,0,0,0,0.0,1
649,-107.258360464,33.4119138119,000,0,NONE,0,0,0,0,0,0,0.0,1
650,-112.037558745,33.4273660775,100,1,S,131394,131035,131035,131035,131394,850000,125136.98630136986,1
651,-97.1713367321,33.4287926424,010,2,M,345870,344925,344925,344925,345870,1750000,250273.97260273973,1
652,-111.890993738,33.4340621066,000,0,NONE,0,0,0,0,0,0,0.0,0
653,-94.5280422867,33.4376898485,001,3,L,696864,694960,694960,694960,696864,3200000,450493.15068493155,1
654,-86.9495973912,33.4574930558,100,1,S,131394,131035,131035,131035,131394,850000,125136.98630136986,1
655,-111.982865713,33.4581011045,000,0,NONE,0,0,0,0,0,0,0.0,0
656,-84.6742550985,33.4605222098,000,0,NONE,0,0,0,0,0,0,0.0,1
657,-112.038764708,33.4612240704,000,0,NONE,0,0,0,0,0,0,0.0,0
658,-112.108181709,33.4618270731,100,1,S,131394,131035,131035,131035,131394,850000,125136.98630136986,1
659,-112.659137403,33.4352724493,100,1,S,131394,131035,131035,131035,131394,850000,125136.98630136986,1
660,-112.272395708,33.4616920821,010,2,M,345870,344925,344925,344925,345870,1750000,250273.97260273973,1
661,-81.9853887189,33.4057300924,000,0,NONE,0,0,0,0,0,0,0.0,0
662,-81.9316137131,33.4669930748,000,0,NONE,0,0,0,0,0,0,0.0,0
663,-117.670641972,33.4674050695,000,0,NONE,0,0,0,0,0,0,0.0,0
664,-94.1414636088,33.4552662912,001,3,L,696864,694960,694960,694960,696864,3200000,450493.15068493155,1
665,-112.272404707,33.4794040697,000,0,NONE,0,0,0,0,0,0,0.0,0
666,-80.7618248865,33.4891695183,000,0,NONE,0,0,0,0,0,0,0.0,1
667,-82.2002907123,33.48331911,000,0,NONE,0,0,0,0,0,0,0.0,1
668,-82.084064717,33.4934170864,000,0,NONE,0,0,0,0,0,0,0.0,1
669,-112.272386708,33.493696111,000,0,NONE,0,0,0,0,0,0,0.0,0
670,-112.272665732,33.5076370902,000,0,NONE,0,0,0,0,0,0,0.0,0
671,-82.6174126989,33.4954682107,001,3,L,696864,694960,694960,694960,696864,3200000,450493.15068493155,1
672,-113.044966251,33.5162459764,000,0,NONE,0,0,0,0,0,0,0.0,1
673,-101.843987742,33.5194900792,000,0,NONE,0,0,0,0,0,0,0.0,1
674,-86.8266507092,33.5216141097,100,1,S,131394,131035,131035,131035,131394,850000,125136.98630136986,1
675,-86.7131905779,33.5317552626,100,1,S,131394,131035,131035,131035,131394,850000,125136.98630136986,1
676,-111.892297464,33.5317991486,000,0,NONE,0,0,0,0,0,0,0.0,0
677,-97.8331647232,33.5351320748,010,2,M,345870,344925,344925,344925,345870,1750000,250273.97260273973,1
678,-84.2671767126,33.5417381096,010,2,M,345870,344925,344925,344925,345870,1750000,250273.97260273973,1
679,-86.6420697281,33.544816078,010,2,M,345870,344925,344925,344925,345870,1750000,250273.97260273973,1
680,-83.0269010637,33.545147274,000,0,NONE,0,0,0,0,0,0,0.0,1
681,-117.178646733,33.5462471116,000,0,NONE,0,0,0,0,0,0,0.0,0
682,-86.748926742,33.5475250707,000,0,NONE,0,0,0,0,0,0,0.0,1
683,-83.4410111012,33.5555799781,100,1,S,131394,131035,131035,131035,131394,850000,125136.98630136986,1
684,-81.9371127356,33.5650660693,000,0,NONE,0,0,0,0,0,0,0.0,1
685,-113.433840053,33.5809108944,000,0,NONE,0,0,0,0,0,0,0.0,1
686,-96.6053307253,33.594901071,100,1,S,131394,131035,131035,131035,131394,850000,125136.98630136986,1
687,-86.6536977311,33.5979880812,010,2,M,345870,344925,344925,344925,345870,1750000,250273.97260273973,1
688,-86.2725511022,33.6066376248,100,1,S,131394,131035,131035,131035,131394,850000,125136.98630136986,1
689,-80.3184833995,33.608422128,100,1,S,131394,131035,131035,131035,131394,850000,125136.98630136986,1
690,-85.8954239886,33.5853120164,000,0,NONE,0,0,0,0,0,0,0.0,1
691,-114.951209339,33.6060072495,000,0,NONE,0,0,0,0,0,0,0.0,1
692,-114.596654724,33.6068080985,000,0,NONE,0,0,0,0,0,0,0.0,1
693,-112.244521362,33.6112287259,000,0,NONE,0,0,0,0,0,0,0.0,0
694,-93.7953507294,33.6139990947,100,1,S,131394,131035,131035,131035,131394,850000,125136.98630136986,1
695,-83.8513888541,33.6152207913,001,3,L,696864,694960,694960,694960,696864,3200000,450493.15068493155,1
696,-112.116353726,33.615565077,000,0,NONE,0,0,0,0,0,0,0.0,0
697,-84.4875957267,33.6178510978,000,0,NONE,0,0,0,0,0,0,0.0,1
698,-84.4616307272,33.6199480875,000,0,NONE,0,0,0,0,0,0,0.0,1
699,-111.890426732,33.629704086,000,0,NONE,0,0,0,0,0,0,0.0,0
700,-89.7917045827,33.6310086839,000,0,NONE,0,0,0,0,0,0,0.0,1
701,-84.4011237374,33.6323410835,001,3,L,696864,694960,694960,694960,696864,3200000,450493.15068493155,1
702,-85.5251995378,33.6389379218,010,2,M,345870,344925,344925,344925,345870,1750000,250273.97260273973,1
703,-113.823837877,33.6389469573,100,1,S,131394,131035,131035,131035,131394,850000,125136.98630136986,1
704,-97.1557077209,33.6405940953,100,1,S,131394,131035,131035,131035,131394,850000,125136.98630136986,1
705,-117.735692717,33.6450581007,000,0,NONE,0,0,0,0,0,0,0.0,0
706,-86.8306604309,33.6490806414,010,2,M,345870,344925,344925,344925,345870,1750000,250273.97260273973,1
707,-98.0470795182,33.6546687039,001,3,L,696864,694960,694960,694960,696864,3200000,450493.15068493155,1
708,-114.212241496,33.663443131,000,0,NONE,0,0,0,0,0,0,0.0,1
709,-112.169480732,33.6684580979,000,0,NONE,0,0,0,0,0,0,0.0,0
710,-112.113376152,33.6687867497,000,0,NONE,0,0,0,0,0,0,0.0,0
711,-107.082526069,33.6688819286,001,3,L,696864,694960,694960,694960,696864,3200000,450493.15068493155,1
712,-112.01361874,33.6694030785,000,0,NONE,0,0,0,0,0,0,0.0,0
713,-96.610073712,33.6704470952,000,0,NONE,0,0,0,0,0,0,0.0,1
714,-101.836179111,33.6713907394,100,1,S,131394,131035,131035,131035,131394,850000,125136.98630136986,1
715,-84.3283587426,33.6731020917,000,0,NONE,0,0,0,0,0,0,0.0,1
716,-96.8855087504,33.6746510876,000,0,NONE,0,0,0,0,0,0,0.0,1
717,-81.637685714,33.6782042137,010,2,M,345870,344925,344925,344925,345870,1750000,250273.97260273973,1
718,-115.995168928,33.6795050956,001,3,L,696864,694960,694960,694960,696864,3200000,450493.15068493155,1
719,-115.642165155,33.669537421,000,0,NONE,0,0,0,0,0,0,0.0,1
720,-117.872276739,33.6872680983,000,0,NONE,0,0,0,0,0,0,0.0,0
721,-84.399611709,33.6883390713,010,2,M,345870,344925,344925,344925,345870,1750000,250273.97260273973,1
722,-84.5001597116,33.6898421001,100,1,S,131394,131035,131035,131035,131394,850000,125136.98630136986,1
723,-85.151201744,33.6851711087,100,1,S,131394,131035,131035,131035,131394,850000,125136.98630136986,1
724,-115.292399634,33.6966562453,000,0,NONE,0,0,0,0,0,0,0.0,1
725,-84.4041297105,33.6969431029,000,0,NONE,0,0,0,0,0,0,0.0,1
726,-84.4287177149,33.6977530917,000,0,NONE,0,0,0,0,0,0,0.0,0
727,-80.9199040142,33.7110508695,001,3,L,696864,694960,694960,694960,696864,3200000,450493.15068493155,1
728,-84.2423817212,33.7145740958,001,3,L,696864,694960,694960,694960,696864,3200000,450493.15068493155,1
729,-117.370786584,33.725020091,000,0,NONE,0,0,0,0,0,0,0.0,0
730,-84.8188570723,33.717833676,001,3,L,696864,694960,694960,694960,696864,3200000,450493.15068493155,1
731,-117.833828708,33.7406830858,000,0,NONE,0,0,0,0,0,0,0.0,0
732,-84.3893967398,33.7456600994,000,0,NONE,0,0,0,0,0,0,0.0,1
733,-86.4802686249,33.7540838944,100,1,S,131394,131035,131035,131035,131394,850000,125136.98630136986,1
734,-117.18926604,33.7590955994,000,0,NONE,0,0,0,0,0,0,0.0,0
735,-93.486447216,33.7644810213,100,1,S,131394,131035,131035,131035,131394,850000,125136.98630136986,1
736,-84.4926717341,33.7646860865,001,3,L,696864,694960,694960,694960,696864,3200000,450493.15068493155,1
737,-116.329639275,33.7712557195,100,1,S,131394,131035,131035,131035,131394,850000,125136.98630136986,1
738,-118.041503707,33.7743610902,000,0,NONE,0,0,0,0,0,0,0.0,0
739,-117.831272747,33.7767461039,000,0,NONE,0,0,0,0,0,0,0.0,0
740,-117.876254734,33.7789330879,000,0,NONE,0,0,0,0,0,0,0.0,0
741,-117.879629726,33.7820110985,000,0,NONE,0,0,0,0,0,0,0.0,0
742,-118.091813727,33.7839371001,000,0,NONE,0,0,0,0,0,0,0.0,0
743,-86.8246077157,33.7885180973,001,3,L,696864,694960,694960,694960,696864,3200000,450493.15068493155,1
744,-84.3935817214,33.7957270934,000,0,NONE,0,0,0,0,0,0,0.0,1
745,-96.5355717459,33.8016040911,100,1,S,131394,131035,131035,131035,131394,850000,125136.98630136986,1
746,-98.2193997162,33.8164360969,001,3,L,696864,694960,694960,694960,696864,3200000,450493.15068493155,1
747,-96.5345907259,33.8196041018,000,0,NONE,0,0,0,0,0,0,0.0,1
748,-84.3585087237,33.8203780935,010,2,M,345870,344925,344925,344925,345870,1750000,250273.97260273973,1
749,-96.5330157441,33.8229700943,000,0,NONE,0,0,0,0,0,0,0.0,1
750,-118.207445719,33.8264350796,000,0,NONE,0,0,0,0,0,0,0.0,0
751,-118.207706744,33.7826680983,000,0,NONE,0,0,0,0,0,0,0.0,0
752,-101.840900732,33.8272811087,000,0,NONE,0,0,0,0,0,0,0.0,1
753,-117.827339708,33.8443000995,000,0,NONE,0,0,0,0,0,0,0.0,0
754,-117.875588735,33.8496190911,000,0,NONE,0,0,0,0,0,0,0.0,0
755,-118.284611723,33.8567290935,000,0,NONE,0,0,0,0,0,0,0.0,0
756,-118.291082725,33.7486030769,000,0,NONE,0,0,0,0,0,0,0.0,0
757,-117.98015973,33.8568010887,000,0,NONE,0,0,0,0,0,0,0.0,0
758,-86.2735121779,33.871439779,010,2,M,345870,344925,344925,344925,345870,1750000,250273.97260273973,1
759,-118.28515173,33.8727041089,000,0,NONE,0,0,0,0,0,0,0.0,0
760,-81.3830249906,33.8734054551,100,1,S,131394,131035,131035,131035,131394,850000,125136.98630136986,1
761,-117.688081723,33.8720107289,000,0,NONE,0,0,0,0,0,0,0.0,0
762,-118.192766745,33.8754221011,000,0,NONE,0,0,0,0,0,0,0.0,0
763,-118.102388715,33.8762500899,000,0,NONE,0,0,0,0,0,0,0.0,0
764,-98.409434723,33.8809570794,000,0,NONE,0,0,0,0,0,0,0.0,1
765,-117.546134722,33.8824511087,000,0,NONE,0,0,0,0,0,0,0.0,0
766,-84.4602177349,33.8894620741,001,3,L,696864,694960,694960,694960,696864,3200000,450493.15068493155,1
767,-84.2594367091,33.8917570936,001,3,L,696864,694960,694960,694960,696864,3200000,450493.15068493155,1
768,-98.4425997182,33.8937280928,100,1,S,131394,131035,131035,131035,131394,850000,125136.98630136986,1
769,-89.8546917471,33.8979761115,000,0,NONE,0,0,0,0,0,0,0.0,1
770,-98.4557397081,33.9011800722,000,0,NONE,0,0,0,0,0,0,0.0,1
771,-97.1341583333,33.9043037774,010,2,M,345870,344925,344925,344925,345870,1750000,250273.97260273973,1
772,-80.0901879018,33.9063894842,100,1,S,131394,131035,131035,131035,131394,850000,125136.98630136986,1
773,-98.5019097436,33.9092620951,000,0,NONE,0,0,0,0,0,0,0.0,0
774,-98.5009737203,33.9069040799,000,0,NONE,0,0,0,0,0,0,0.0,0
775,-98.4993897389,33.9078671018,000,0,NONE,0,0,0,0,0,0,0.0,0
776,-106.883240728,33.9102700714,010,2,M,345870,344925,344925,344925,345870,1750000,250273.97260273973,1
777,-84.3578067264,33.9116381093,100,1,S,131394,131035,131035,131035,131394,850000,125136.98630136986,1
778,-118.179626714,33.9118000988,000,0,NONE,0,0,0,0,0,0,0.0,0
779,-118.104989714,33.9136901023,000,0,NONE,0,0,0,0,0,0,0.0,0
780,-117.437903617,33.9170389015,000,0,NONE,0,0,0,0,0,0,0.0,0
781,-116.643341092,33.9237083224,100,1,S,131394,131035,131035,131035,131394,850000,125136.98630136986,1
782,-98.5141767482,33.9271360722,000,0,NONE,0,0,0,0,0,0,0.0,1
783,-118.280777719,33.9282520841,000,0,NONE,0,0,0,0,0,0,0.0,0
784,-81.0731577071,33.9304301108,000,0,NONE,0,0,0,0,0,0,0.0,1
785,-118.368428717,33.9305561031,000,0,NONE,0,0,0,0,0,0,0.0,0
786,-98.5363077435,33.930691094,000,0,NONE,0,0,0,0,0,0,0.0,1
787,-118.396346715,33.930691094,000,0,NONE,0,0,0,0,0,0,0.0,0
788,-116.990627722,33.9334450843,100,1,S,131394,131035,131035,131035,131394,850000,125136.98630136986,1
789,-118.096853737,33.9409331032,000,0,NONE,0,0,0,0,0,0,0.0,0
790,-117.294188732,33.9455410989,000,0,NONE,0,0,0,0,0,0,0.0,1
791,-117.139529265,33.9391739825,100,1,S,131394,131035,131035,131035,131394,850000,125136.98630136986,1
792,-98.53341872,33.9468011013,000,0,NONE,0,0,0,0,0,0,0.0,1
793,-84.1317707105,33.9514869936,000,0,NONE,0,0,0,0,0,0,0.0,1
794,-80.9551514696,33.9580649292,001,3,L,696864,694960,694960,694960,696864,3200000,450493.15068493155,1
795,-112.12821322,33.9707444635,000,0,NONE,0,0,0,0,0,0,0.0,0
796,-93.207482781,33.9732959184,100,1,S,131394,131035,131035,131035,131394,850000,125136.98630136986,1
797,-117.357242725,33.9934031091,000,0,NONE,0,0,0,0,0,0,0.0,1
798,-84.5610447188,33.9977320812,000,0,NONE,0,0,0,0,0,0,0.0,1
799,-117.834899723,34.0020250975,000,0,NONE,0,0,0,0,0,0,0.0,0
800,-81.1101117097,34.0039510991,000,0,NONE,0,0,0,0,0,0,0.0,1
801,-98.8442139861,34.0066072926,000,0,NONE,0,0,0,0,0,0,0.0,1
802,-86.0770137166,34.0086670872,000,0,NONE,0,0,0,0,0,0,0.0,1
803,-86.0044107113,33.991999074,000,0,NONE,0,0,0,0,0,0,0.0,0
804,-117.090448763,34.014850107,000,0,NONE,0,0,0,0,0,0,0.0,1
805,-118.172939726,34.0164250897,000,0,NONE,0,0,0,0,0,0,0.0,0
806,-84.325035494,34.0213596437,000,0,NONE,0,0,0,0,0,0,0.0,0
807,-117.550283747,34.0216180891,000,0,NONE,0,0,0,0,0,0,0.0,1
808,-117.811868743,34.0231030775,000,0,NONE,0,0,0,0,0,0,0.0,0
809,-81.1011747418,34.0277110733,100,1,S,131394,131035,131035,131035,131394,850000,125136.98630136986,1
810,-81.0475077293,34.0105840893,010,2,M,345870,344925,344925,344925,345870,1750000,250273.97260273973,1
811,-117.747734736,34.0232741079,100,1,S,131394,131035,131035,131035,131394,850000,125136.98630136986,1
812,-118.226138727,34.0285571024,000,0,NONE,0,0,0,0,0,0,0.0,0
813,-118.214321736,34.0291061089,000,0,NONE,0,0,0,0,0,0,0.0,0
814,-118.485959712,34.0147330729,000,0,NONE,0,0,0,0,0,0,0.0,0
815,-118.434200743,34.0311311033,000,0,NONE,0,0,0,0,0,0,0.0,0
816,-118.220945728,34.0339030927,000,0,NONE,0,0,0,0,0,0,0.0,0
817,-118.027175711,34.0340020855,000,0,NONE,0,0,0,0,0,0,0.0,0
818,-118.169969709,34.0357750971,000,0,NONE,0,0,0,0,0,0,0.0,0
819,-81.1105977204,34.0367200778,100,1,S,131394,131035,131035,131035,131394,850000,125136.98630136986,1
820,-118.273928742,34.0383131009,000,0,NONE,0,0,0,0,0,0,0.0,0
821,-84.0301077258,34.0441541004,001,3,L,696864,694960,694960,694960,696864,3200000,450493.15068493155,1
822,-118.224203727,34.0520470939,000,0,NONE,0,0,0,0,0,0,0.0,0
823,-118.213979716,34.0551431036,000,0,NONE,0,0,0,0,0,0,0.0,0
824,-96.3347979283,34.0591804624,000,0,NONE,0,0,0,0,0,0,0.0,1
825,-118.165190724,34.0611730912,000,0,NONE,0,0,0,0,0,0,0.0,0
826,-118.248791731,34.062766072,000,0,NONE,0,0,0,0,0,0,0.0,0
827,-117.296411714,34.0640800714,000,0,NONE,0,0,0,0,0,0,0.0,1
828,-117.806495713,34.0651150886,000,0,NONE,0,0,0,0,0,0,0.0,0
829,-118.00011274,34.0651870838,000,0,NONE,0,0,0,0,0,0,0.0,0
830,-117.208589727,34.0665820771,100,1,S,131394,131035,131035,131035,131394,850000,125136.98630136986,1
831,-117.803345707,34.0666270747,000,0,NONE,0,0,0,0,0,0,0.0,1
832,-117.544919716,34.0673290711,000,0,NONE,0,0,0,0,0,0,0.0,0
833,-117.420541825,34.067346196,000,0,NONE,0,0,0,0,0,0,0.0,0
834,-80.9222547296,34.0680131107,100,1,S,131394,131035,131035,131035,131394,850000,125136.98630136986,1
835,-117.807539729,34.0683190907,000,0,NONE,0,0,0,0,0,0,0.0,1
836,-86.8662046159,34.0742117761,100,1,S,131394,131035,131035,131035,131394,850000,125136.98630136986,1
837,-118.223870748,34.0817561033,000,0,NONE,0,0,0,0,0,0,0.0,0
838,-117.673929232,34.0872540942,000,0,NONE,0,0,0,0,0,0,0.0,0
839,-101.792469054,34.0985724623,000,0,NONE,0,0,0,0,0,0,0.0,1
840,-118.249781709,34.1023210741,000,0,NONE,0,0,0,0,0,0,0.0,0
841,-84.2448117317,34.1026990915,000,0,NONE,0,0,0,0,0,0,0.0,0
842,-117.532112747,34.1064700999,000,0,NONE,0,0,0,0,0,0,0.0,0
843,-117.660272222,34.1068863997,000,0,NONE,0,0,0,0,0,0,0.0,0
844,-84.7391097447,34.1159830719,000,0,NONE,0,0,0,0,0,0,0.0,1
845,-118.155074706,34.1191960743,000,0,NONE,0,0,0,0,0,0,0.0,0
846,-117.787199743,34.1199431097,000,0,NONE,0,0,0,0,0,0,0.0,0
847,-117.825980712,34.1205911099,100,1,S,131394,131035,131035,131035,131394,850000,125136.98630136986,1
848,-117.302198718,34.1270440702,100,1,S,131394,131035,131035,131035,131394,850000,125136.98630136986,1
849,-99.1367337332,34.1313190875,100,1,S,131394,131035,131035,131035,131394,850000,125136.98630136986,1
850,-117.957569721,34.1341450721,100,1,S,131394,131035,131035,131035,131394,850000,125136.98630136986,1
851,-117.643727571,34.134768198,000,0,NONE,0,0,0,0,0,0,0.0,0
852,-117.496103406,34.1363586418,000,0,NONE,0,0,0,0,0,0,0.0,0
853,-117.319118715,34.1445851111,000,0,NONE,0,0,0,0,0,0,0.0,1
854,-117.298310717,34.1454041003,000,0,NONE,0,0,0,0,0,0,0.0,0
855,-117.200705734,34.065664095,000,0,NONE,0,0,0,0,0,0,0.0,0
856,-118.226381711,34.1462680862,000,0,NONE,0,0,0,0,0,0,0.0,0
857,-118.155650711,34.149742071,000,0,NONE,0,0,0,0,0,0,0.0,1
858,-118.282937747,34.1522260786,000,0,NONE,0,0,0,0,0,0,0.0,0
859,-118.37631271,34.1527840845,000,0,NONE,0,0,0,0,0,0,0.0,0
860,-118.377365726,34.1544221043,000,0,NONE,0,0,0,0,0,0,0.0,0
861,-118.289219719,34.1553670849,000,0,NONE,0,0,0,0,0,0,0.0,0
862,-83.6391833744,34.1576040748,001,3,L,696864,694960,694960,694960,696864,3200000,450493.15068493155,1
863,-118.469903743,34.1611180911,000,0,NONE,0,0,0,0,0,0,0.0,0
864,-99.3128637166,34.1628461052,000,0,NONE,0,0,0,0,0,0,0.0,1
865,-118.667338364,34.1496206185,000,0,NONE,0,0,0,0,0,0,0.0,0
866,-118.859378735,34.176085088,000,0,NONE,0,0,0,0,0,0,0.0,0
867,-97.1681092982,34.1771691514,001,3,L,696864,694960,694960,694960,696864,3200000,450493.15068493155,1
868,-98.4952070398,34.18348293,000,0,NONE,0,0,0,0,0,0,0.0,0
869,-83.9099697362,34.1841040585,000,0,NONE,0,0,0,0,0,0,0.0,0
870,-89.9260329901,34.190661743,000,0,NONE,0,0,0,0,0,0,0.0,1
871,-79.8439017174,34.1930500825,000,0,NONE,0,0,0,0,0,0,0.0,1
872,-81.3607354052,34.1986000992,001,3,L,696864,694960,694960,694960,696864,3200000,450493.15068493155,1
873,-84.4948233378,34.2040763203,000,0,NONE,0,0,0,0,0,0,0.0,0
874,-118.217489741,34.2076211051,100,1,S,131394,131035,131035,131035,131394,850000,125136.98630136986,1
875,-80.2146564408,34.1865500471,100,1,S,131394,131035,131035,131035,131394,850000,125136.98630136986,1
876,-80.5857700316,34.2162388766,100,1,S,131394,131035,131035,131035,131394,850000,125136.98630136986,1
877,-119.155110873,34.2240106577,000,0,NONE,0,0,0,0,0,0,0.0,0
878,-106.919569773,34.2243373796,000,0,NONE,0,0,0,0,0,0,0.0,1
879,-117.40937971,34.2253240932,010,2,M,345870,344925,344925,344925,345870,1750000,250273.97260273973,1
880,-77.9447847376,34.2240640909,000,0,NONE,0,0,0,0,0,0,0.0,0
881,-77.9261637243,34.2255130813,000,0,NONE,0,0,0,0,0,0,0.0,0
882,-77.8870497363,34.2104740883,000,0,NONE,0,0,0,0,0,0,0.0,0
883,-118.409909719,34.2328931077,000,0,NONE,0,0,0,0,0,0,0.0,0
884,-78.0115467425,34.2260350891,000,0,NONE,0,0,0,0,0,0,0.0,0
885,-85.913762113,34.2349317188,000,0,NONE,0,0,0,0,0,0,0.0,1
886,-92.9996398658,34.242359198,010,2,M,345870,344925,344925,344925,345870,1750000,250273.97260273973,1
887,-112.111975151,34.2558266347,000,0,NONE,0,0,0,0,0,0,0.0,0
888,-118.47220772,34.2657700797,000,0,NONE,0,0,0,0,0,0,0.0,0
889,-118.851269715,34.2666161088,000,0,NONE,0,0,0,0,0,0,0.0,0
890,-118.44365072,34.2666161088,000,0,NONE,0,0,0,0,0,0,0.0,0
891,-99.6768432859,34.2761886744,000,0,NONE,0,0,0,0,0,0,0.0,1
892,-118.65953877,34.2780336992,000,0,NONE,0,0,0,0,0,0,0.0,0
893,-77.8679697107,34.2792610885,000,0,NONE,0,0,0,0,0,0,0.0,0
894,-118.863230739,34.2819970798,000,0,NONE,0,0,0,0,0,0,0.0,0
895,-118.407398714,34.2885400758,000,0,NONE,0,0,0,0,0,0,0.0,1
896,-92.1170537749,34.2901971711,000,0,NONE,0,0,0,0,0,0,0.0,0
897,-91.9656147107,34.201330092,000,0,NONE,0,0,0,0,0,0,0.0,0
898,-118.467707717,34.2912671098,000,0,NONE,0,0,0,0,0,0,0.0,0
899,-118.857047719,34.2933281023,000,0,NONE,0,0,0,0,0,0,0.0,0
900,-78.1822164363,34.3013215213,000,0,NONE,0,0,0,0,0,0,0.0,0
901,-84.842419818,34.314509562,010,2,M,345870,344925,344925,344925,345870,1750000,250273.97260273973,1
902,-83.7887457226,34.3160621012,000,0,NONE,0,0,0,0,0,0,0.0,0
903,-118.490000744,34.3164940725,100,1,S,131394,131035,131035,131035,131394,850000,125136.98630136986,1
904,-79.5924935576,34.3181912632,100,1,S,131394,131035,131035,131035,131394,850000,125136.98630136986,1
905,-78.3695757127,34.3198961044,000,0,NONE,0,0,0,0,0,0,0.0,0
906,-81.0060913267,34.321949084,001,3,L,696864,694960,694960,694960,696864,3200000,450493.15068493155,1
907,-96.1633638772,34.3268070481,100,1,S,131394,131035,131035,131035,131394,850000,125136.98630136986,1
908,-78.4513407125,34.328977105,000,0,NONE,0,0,0,0,0,0,0.0,0
909,-118.508702709,34.3339180793,010,2,M,345870,344925,344925,344925,345870,1750000,250273.97260273973,1
910,-81.6263603447,34.3409961332,000,0,NONE,0,0,0,0,0,0,0.0,1
911,-77.8817577422,34.3465631003,000,0,NONE,0,0,0,0,0,0,0.0,0
912,-119.422561451,34.3469754601,000,0,NONE,0,0,0,0,0,0,0.0,0
913,-78.7071284852,34.350543006,010,2,M,345870,344925,344925,344925,345870,1750000,250273.97260273973,1
914,-101.757474825,34.352982631,000,0,NONE,0,0,0,0,0,0,0.0,1
915,-86.891384125,34.3617195627,000,0,NONE,0,0,0,0,0,0,0.0,1
916,-83.2852098663,34.3661767907,001,3,L,696864,694960,694960,694960,696864,3200000,450493.15068493155,1
917,-100.05444646,34.3797906074,001,3,L,696864,694960,694960,694960,696864,3200000,450493.15068493155,1
918,-84.3944997458,34.3833820697,000,0,NONE,0,0,0,0,0,0,0.0,0
919,-78.9388060975,34.4193961009,000,0,NONE,0,0,0,0,0,0,0.0,1
920,-117.384717508,34.4211342441,100,1,S,131394,131035,131035,131035,131394,850000,125136.98630136986,1
921,-119.699114735,34.412155098,000,0,NONE,0,0,0,0,0,0,0.0,0
922,-97.1329017268,34.4482270725,010,2,M,345870,344925,344925,344925,345870,1750000,250273.97260273973,1
923,-119.96029362,34.4482510134,000,0,NONE,0,0,0,0,0,0,0.0,0
924,-98.4095157178,34.4489561097,000,0,NONE,0,0,0,0,0,0,0.0,0
925,-79.3501748026,34.4650037904,100,1,S,131394,131035,131035,131035,131394,850000,125136.98630136986,1
926,-85.7216429472,34.4667039102,000,0,NONE,0,0,0,0,0,0,0.0,1
927,-92.7398872781,34.470247454,000,0,NONE,0,0,0,0,0,0,0.0,1
928,-118.311449884,34.4727945975,000,0,NONE,0,0,0,0,0,0,0.0,0
929,-120.22647205,34.474388126,000,0,NONE,0,0,0,0,0,0,0.0,0
930,-89.9146047365,34.4885243534,100,1,S,131394,131035,131035,131035,131394,850000,125136.98630136986,1
931,-92.2099232732,34.4950770998,000,0,NONE,0,0,0,0,0,0,0.0,0
932,-111.995411742,34.5099851083,000,0,NONE,0,0,0,0,0,0,0.0,0
933,-81.8703237322,34.5132431075,010,2,M,345870,344925,344925,344925,345870,1750000,250273.97260273973,1
934,-82.9050775666,34.513350357,100,1,S,131394,131035,131035,131035,131394,850000,125136.98630136986,1
935,-84.5239197281,34.5199930905,000,0,NONE,0,0,0,0,0,0,0.0,0
936,-106.803455814,34.5241797854,001,3,L,696864,694960,694960,694960,696864,3200000,450493.15068493155,1
937,-100.415885728,34.5286690751,100,1,S,131394,131035,131035,131035,131394,850000,125136.98630136986,1
938,-84.919989243,34.5334775891,000,0,NONE,0,0,0,0,0,0,0.0,1
939,-118.125064413,34.5421747968,000,0,NONE,0,0,0,0,0,0,0.0,0
940,-118.68114645,34.5614209514,010,2,M,345870,344925,344925,344925,345870,1750000,250273.97260273973,1
941,-95.9872034356,34.5940026292,100,1,S,131394,131035,131035,131035,131394,850000,125136.98630136986,1
942,-79.1031477379,34.6008851049,000,0,NONE,0,0,0,0,0,0,0.0,1
943,-81.0171984602,34.6012744627,000,0,NONE,0,0,0,0,0,0,0.0,1
944,-82.0852507088,34.6181214123,000,0,NONE,0,0,0,0,0,0,0.0,1
945,-92.4457917137,34.6402060799,000,0,NONE,0,0,0,0,0,0,0.0,1
946,-101.824786538,34.6424856122,100,1,S,131394,131035,131035,131035,131394,850000,125136.98630136986,1
947,-117.218249922,34.6436303691,100,1,S,131394,131035,131035,131035,131394,850000,125136.98630136986,1
948,-77.9422617499,34.6576243049,000,0,NONE,0,0,0,0,0,0,0.0,0
949,-86.9133387273,34.6576570843,000,0,NONE,0,0,0,0,0,0,0.0,1
950,-92.4025467402,34.6618601064,000,0,NONE,0,0,0,0,0,0,0.0,1
951,-86.7277444433,34.6731043569,000,0,NONE,0,0,0,0,0,0,0.0,1
952,-82.5323097278,34.6769170983,001,3,L,696864,694960,694960,694960,696864,3200000,450493.15068493155,1
953,-111.756461019,34.6780713854,000,0,NONE,0,0,0,0,0,0,0.0,0
954,-84.4736907446,34.684864088,000,0,NONE,0,0,0,0,0,0,0.0,0
955,-120.168369419,34.7018234294,000,0,NONE,0,0,0,0,0,0,0.0,0
956,-92.2710927217,34.7073910998,010,2,M,345870,344925,344925,344925,345870,1750000,250273.97260273973,1
957,-84.7261894493,34.6823833909,000,0,NONE,0,0,0,0,0,0,0.0,0
958,-92.270912734,34.7108110885,100,1,S,131394,131035,131035,131035,131394,850000,125136.98630136986,1
959,-85.5555712873,34.7121355119,000,0,NONE,0,0,0,0,0,0,0.0,1
960,-78.9977279711,34.7250242475,010,2,M,345870,344925,344925,344925,345870,1750000,250273.97260273973,1
961,-79.3226836923,34.731725927,010,2,M,345870,344925,344925,344925,345870,1750000,250273.97260273973,1
962,-116.267660099,34.729479908,000,0,NONE,0,0,0,0,0,0,0.0,1
963,-115.890106735,34.7330004642,000,0,NONE,0,0,0,0,0,0,0.0,1
964,-92.2616157478,34.7342110857,010,2,M,345870,344925,344925,344925,345870,1750000,250273.97260273973,1
965,-81.9547903979,34.7423691507,010,2,M,345870,344925,344925,344925,345870,1750000,250273.97260273973,1
966,-92.3915127404,34.7486650741,000,0,NONE,0,0,0,0,0,0,0.0,1
967,-115.513411763,34.7502798177,100,1,S,131394,131035,131035,131035,131394,850000,125136.98630136986,1
968,-98.3541065386,34.7523224154,000,0,NONE,0,0,0,0,0,0,0.0,0
969,-82.2860877461,34.7534531007,000,0,NONE,0,0,0,0,0,0,0.0,1
970,-86.5639497436,34.7585741048,000,0,NONE,0,0,0,0,0,0,0.0,0
971,-97.2821801969,34.759735912,000,0,NONE,0,0,0,0,0,0,0.0,1
972,-85.0020627363,34.7609320787,010,2,M,345870,344925,344925,344925,345870,1750000,250273.97260273973,1
973,-84.9636687428,34.7615170822,000,0,NONE,0,0,0,0,0,0,0.0,0
974,-92.2616517449,34.7727490696,000,0,NONE,0,0,0,0,0,0,0.0,1
975,-92.261264728,34.7788960923,000,0,NONE,0,0,0,0,0,0,0.0,1
976,-92.1606987264,34.7815330889,000,0,NONE,0,0,0,0,0,0,0.0,1
977,-89.9660558222,34.7829908441,010,2,M,345870,344925,344925,344925,345870,1750000,250273.97260273973,1
978,-118.171036065,34.7881982928,000,0,NONE,0,0,0,0,0,0,0.0,0
979,-82.439186707,34.7898850945,010,2,M,345870,344925,344925,344925,345870,1750000,250273.97260273973,1
980,-118.834652722,34.7920192496,000,0,NONE,0,0,0,0,0,0,0.0,1
981,-114.589724744,34.8019625238,000,0,NONE,0,0,0,0,0,0,0.0,1
982,-114.307637739,34.7301880944,001,3,L,696864,694960,694960,694960,696864,3200000,450493.15068493155,1
983,-91.7536819126,34.8001041683,100,1,S,131394,131035,131035,131035,131394,850000,125136.98630136986,1
984,-79.5530786924,34.8103611529,000,0,NONE,0,0,0,0,0,0,0.0,1
985,-115.196190519,34.8119994812,100,1,S,131394,131035,131035,131035,131394,850000,125136.98630136986,1
986,-82.4163177172,34.8209980967,000,0,NONE,0,0,0,0,0,0,0.0,0
987,-116.635123522,34.8210858759,010,2,M,345870,344925,344925,344925,345870,1750000,250273.97260273973,1
988,-92.339339715,34.8211330885,000,0,NONE,0,0,0,0,0,0,0.0,1
989,-100.613602369,34.8288714337,000,0,NONE,0,0,0,0,0,0,0.0,1
990,-82.297733748,34.8327340938,010,2,M,345870,344925,344925,344925,345870,1750000,250273.97260273973,1
991,-106.752496116,34.8345970691,100,1,S,131394,131035,131035,131035,131394,850000,125136.98630136986,1
992,-91.3519983106,34.8501913404,100,1,S,131394,131035,131035,131035,131394,850000,125136.98630136986,1
993,-120.384392736,34.8516970843,000,0,NONE,0,0,0,0,0,0,0.0,0
994,-76.8938457144,34.8548290911,000,0,NONE,0,0,0,0,0,0,0.0,0
995,-76.7951967158,34.7354800875,000,0,NONE,0,0,0,0,0,0,0.0,0
996,-114.872661047,34.85828621,100,1,S,131394,131035,131035,131035,131394,850000,125136.98630136986,1
997,-82.3840797459,34.853812073,000,0,NONE,0,0,0,0,0,0,0.0,0
998,-95.813411739,34.8624701008,000,0,NONE,0,0,0,0,0,0,0.0,1
999,-117.076154731,34.8706780737,000,0,NONE,0,0,0,0,0,0,0.0,1
1000,-81.0024373425,34.873326302,010,2,M,345870,344925,344925,344925,345870,1750000,250273.97260273973,1
1001,-111.640989557,34.8855925457,000,0,NONE,0,0,0,0,0,0,0.0,0
1002,-117.009293732,34.8859240951,100,1,S,131394,131035,131035,131035,131394,850000,125136.98630136986,1
1003,-85.0838213203,34.898429509,000,0,NONE,0,0,0,0,0,0,0.0,1
1004,-82.1492034438,34.8987070956,001,3,L,696864,694960,694960,694960,696864,3200000,450493.15068493155,1
1005,-78.9586347241,34.9011970728,000,0,NONE,0,0,0,0,0,0,0.0,1
1006,-98.04658081,34.9196223442,000,0,NONE,0,0,0,0,0,0,0.0,0
1007,-117.334610573,34.9245999083,001,3,L,696864,694960,694960,694960,696864,3200000,450493.15068493155,1
1008,-79.7730267261,34.9354960789,000,0,NONE,0,0,0,0,0,0,0.0,1
1009,-78.0629587005,34.9435698703,000,0,NONE,0,0,0,0,0,0,0.0,0
1010,-86.8944917044,34.9472373307,010,2,M,345870,344925,344925,344925,345870,1750000,250273.97260273973,1
1011,-101.851633734,34.9473558659,010,2,M,345870,344925,344925,344925,345870,1750000,250273.97260273973,1
1012,-116.680537131,34.9481075076,010,2,M,345870,344925,344925,344925,345870,1750000,250273.97260273973,1
1013,-79.9096558224,34.9503479958,100,1,S,131394,131035,131035,131035,131394,850000,125136.98630136986,1
1014,-80.056652724,34.9635310704,100,1,S,131394,131035,131035,131035,131394,850000,125136.98630136986,1
1015,-90.9654251508,34.969546453,100,1,S,131394,131035,131035,131035,131394,850000,125136.98630136986,1
1016,-100.965844812,34.9702614068,000,0,NONE,0,0,0,0,0,0,0.0,1
1017,-85.4513157243,34.9707401079,100,1,S,131394,131035,131035,131035,131394,850000,125136.98630136986,1
1018,-110.519745214,34.9743120765,001,3,L,696864,694960,694960,694960,696864,3200000,450493.15068493155,1
1019,-110.137712014,34.9235465764,010,2,M,345870,344925,344925,344925,345870,1750000,250273.97260273973,1
1020,-80.0857317322,34.9760680991,100,1,S,131394,131035,131035,131035,131394,850000,125136.98630136986,1
1021,-79.6233603218,34.9766112446,000,0,NONE,0,0,0,0,0,0,0.0,0
1022,-82.010462734,34.9778321103,001,3,L,696864,694960,694960,694960,696864,3200000,450493.15068493155,1
1023,-105.157701413,34.9848225414,010,2,M,345870,344925,344925,344925,345870,1750000,250273.97260273973,1
1024,-104.777947433,34.9670339954,000,0,NONE,0,0,0,0,0,0,0.0,1
1025,-114.137429195,34.9963745687,100,1,S,131394,131035,131035,131035,131394,850000,125136.98630136986,1
1026,-81.9921657428,34.9971280801,000,0,NONE,0,0,0,0,0,0,0.0,1
1027,-81.9364197387,34.9703890881,000,0,NONE,0,0,0,0,0,0,0.0,0
1028,-117.607515099,34.9974028014,001,3,L,696864,694960,694960,694960,696864,3200000,450493.15068493155,1
1029,-80.4139009497,34.9832516758,000,0,NONE,0,0,0,0,0,0,0.0,1
1030,-85.2096837384,35.0059480965,100,1,S,131394,131035,131035,131035,131394,850000,125136.98630136986,1
1031,-105.537273717,35.005914184,010,2,M,345870,344925,344925,344925,345870,1750000,250273.97260273973,1
1032,-117.887486101,35.0098002508,001,3,L,696864,694960,694960,694960,696864,3200000,450493.15068493155,1
1033,-105.915408554,35.0062777196,010,2,M,345870,344925,344925,344925,345870,1750000,250273.97260273973,1
1034,-118.955786712,35.0187191108,000,0,NONE,0,0,0,0,0,0,0.0,1
1035,-85.2933927388,35.0182600977,000,0,NONE,0,0,0,0,0,0,0.0,1
1036,-79.0336857389,35.0253071043,000,0,NONE,0,0,0,0,0,0,0.0,0
1037,-104.420237746,35.0263150807,010,2,M,345870,344925,344925,344925,345870,1750000,250273.97260273973,1
1038,-107.292194911,34.9937940954,000,0,NONE,0,0,0,0,0,0,0.0,1
1039,-106.957800443,35.0296311931,100,1,S,131394,131035,131035,131035,131394,850000,125136.98630136986,1
1040,-85.3188357304,35.0321740793,000,0,NONE,0,0,0,0,0,0,0.0,1
1041,-79.0204737124,35.034730082,000,0,NONE,0,0,0,0,0,0,0.0,0
1042,-78.8035827217,35.0429290977,100,1,S,131394,131035,131035,131035,131394,850000,125136.98630136986,1
1043,-78.9761937218,35.0442070991,000,0,NONE,0,0,0,0,0,0,0.0,0
1044,-92.4130667101,35.0461180352,000,0,NONE,0,0,0,0,0,0,0.0,1
1045,-118.171373744,35.0477800777,000,0,NONE,0,0,0,0,0,0,0.0,1
1046,-85.6269057422,35.0484100789,000,0,NONE,0,0,0,0,0,0,0.0,1
1047,-95.709429051,35.0485751332,000,0,NONE,0,0,0,0,0,0,0.0,0
1048,-85.315523735,35.0552500984,000,0,NONE,0,0,0,0,0,0,0.0,0
1049,-79.4997777292,35.0571131034,000,0,NONE,0,0,0,0,0,0,0.0,0
1050,-78.887444712,35.059552072,000,0,NONE,0,0,0,0,0,0,0.0,0
1051,-109.777550727,35.062414096,000,0,NONE,0,0,0,0,0,0,0.0,1
1052,-118.177727711,35.065042094,001,3,L,696864,694960,694960,694960,696864,3200000,450493.15068493155,1
1053,-120.512743439,35.0682572962,000,0,NONE,0,0,0,0,0,0,0.0,0
1054,-90.0261777358,35.0722240916,000,0,NONE,0,0,0,0,0,0,0.0,1
1055,-107.600715264,35.075113321,100,1,S,131394,131035,131035,131035,131394,850000,125136.98630136986,1
1056,-97.4077263252,35.079118834,000,0,NONE,0,0,0,0,0,0,0.0,1
1057,-116.368516359,35.0841806007,100,1,S,131394,131035,131035,131035,131394,850000,125136.98630136986,1
1058,-110.896487987,35.0857621421,000,0,NONE,0,0,0,0,0,0,0.0,0
1059,-101.32311278,35.0966768936,000,0,NONE,0,0,0,0,0,0,0.0,1
1060,-106.27819663,35.0983464517,100,1,S,131394,131035,131035,131035,131394,850000,125136.98630136986,1
1061,-77.0663229224,35.1007111975,000,0,NONE,0,0,0,0,0,0,0.0,1
1062,-81.6372344765,35.1024157491,100,1,S,131394,131035,131035,131035,131394,850000,125136.98630136986,1
1063,-90.590065957,35.1043068399,010,2,M,345870,344925,344925,344925,345870,1750000,250273.97260273973,1
1064,-106.629098713,35.1059650917,000,0,NONE,0,0,0,0,0,0,0.0,1
1065,-104.018303744,35.107729585,010,2,M,345870,344925,344925,344925,345870,1750000,250273.97260273973,1
1066,-80.7498327166,35.0711980739,000,0,NONE,0,0,0,0,0,0,0.0,0
1067,-80.687903735,35.1095651111,010,2,M,345870,344925,344925,344925,345870,1750000,250273.97260273973,1
1068,-78.9613527164,35.1138490857,000,0,NONE,0,0,0,0,0,0,0.0,0
1069,-78.754604741,35.1230830762,100,1,S,131394,131035,131035,131035,131394,850000,125136.98630136986,1
1070,-82.09605292,35.1264745797,010,2,M,345870,344925,344925,344925,345870,1750000,250273.97260273973,1
1071,-80.916431729,35.1268000876,001,3,L,696864,694960,694960,694960,696864,3200000,450493.15068493155,1
1072,-118.454848295,35.1397726975,001,3,L,696864,694960,694960,694960,696864,3200000,450493.15068493155,1
1073,-95.9002672414,35.1455309486,000,0,NONE,0,0,0,0,0,0,0.0,1
1074,-90.0220917066,35.1493540979,000,0,NONE,0,0,0,0,0,0,0.0,1
1075,-89.8854717285,35.1512621005,000,0,NONE,0,0,0,0,0,0,0.0,1
1076,-84.9428065722,35.1551743852,010,2,M,345870,344925,344925,344925,345870,1750000,250273.97260273973,1
1077,-90.1512867451,35.1557081067,100,1,S,131394,131035,131035,131035,131394,850000,125136.98630136986,1
1078,-97.7961643875,35.1581039537,000,0,NONE,0,0,0,0,0,0,0.0,0
1079,-111.28637727,35.1591403981,000,0,NONE,0,0,0,0,0,0,0.0,0
1080,-92.6109463025,35.162247947,000,0,NONE,0,0,0,0,0,0,0.0,1
1081,-77.3686123151,35.169229438,100,1,S,131394,131035,131035,131035,131394,850000,125136.98630136986,1
1082,-90.1925517208,35.1709990825,100,1,S,131394,131035,131035,131035,131394,850000,125136.98630136986,1
1083,-111.662402707,35.171953105,000,0,NONE,0,0,0,0,0,0,0.0,0
1084,-103.621351594,35.1724233146,000,0,NONE,0,0,0,0,0,0,0.0,1
1085,-103.223592249,35.1322484053,000,0,NONE,0,0,0,0,0,0,0.0,1
1086,-107.901293738,35.1798370989,100,1,S,131394,131035,131035,131035,131394,850000,125136.98630136986,1
1087,-80.8869837443,35.1801340793,100,1,S,131394,131035,131035,131035,131394,850000,125136.98630136986,1
1088,-80.8910067365,35.181367084,000,0,NONE,0,0,0,0,0,0,0.0,1
1089,-119.006324308,35.1833440367,000,0,NONE,0,0,0,0,0,0,0.0,1
1090,-78.2716600753,35.1842363746,000,0,NONE,0,0,0,0,0,0,0.0,0
1091,-109.44681976,35.1871178384,100,1,S,131394,131035,131035,131035,131394,850000,125136.98630136986,1
1092,-85.2432915157,35.1887200895,000,0,NONE,0,0,0,0,0,0,0.0,0
1093,-90.0142167121,35.1917530836,100,1,S,131394,131035,131035,131035,131394,850000,125136.98630136986,1
1094,-101.837156722,35.1926351108,010,2,M,345870,344925,344925,344925,345870,1750000,250273.97260273973,1
1095,-101.696837732,35.1927161056,001,3,L,696864,694960,694960,694960,696864,3200000,450493.15068493155,1
1096,-90.0226947101,35.1957220787,100,1,S,131394,131035,131035,131035,131394,850000,125136.98630136986,1
1097,-80.7693537139,35.1984490705,100,1,S,131394,131035,131035,131035,131394,850000,125136.98630136986,1
1098,-90.0345657395,35.1994840867,100,1,S,131394,131035,131035,131035,131394,850000,125136.98630136986,1
1099,-113.923330571,35.1997453344,100,1,S,131394,131035,131035,131035,131394,850000,125136.98630136986,1
1100,-113.555285587,35.158868489,000,0,NONE,0,0,0,0,0,0,0.0,1
1101,-102.130293715,35.1998431905,000,0,NONE,0,0,0,0,0,0,0.0,1
1102,-101.131848521,35.209871706,000,0,NONE,0,0,0,0,0,0,0.0,1
1103,-100.701400434,35.2147294075,001,3,L,696864,694960,694960,694960,696864,3200000,450493.15068493155,1
1104,-90.2092107345,35.2196080866,010,2,M,345870,344925,344925,344925,345870,1750000,250273.97260273973,1
1105,-101.581457723,35.2206791019,000,0,NONE,0,0,0,0,0,0,0.0,1
1106,-101.579630715,35.2207420976,000,0,NONE,0,0,0,0,0,0,0.0,1
1107,-80.923163713,35.2216960777,001,3,L,696864,694960,694960,694960,696864,3200000,450493.15068493155,1
1108,-120.691691126,35.2227236098,000,0,NONE,0,0,0,0,0,0,0.0,0
1109,-80.8296717157,35.2228660858,000,0,NONE,0,0,0,0,0,0,0.0,1
1110,-80.8369707474,35.215765083,010,2,M,345870,344925,344925,344925,345870,1750000,250273.97260273973,1
1111,-112.554084959,35.2232388557,000,0,NONE,0,0,0,0,0,0,0.0,0
1112,-112.247111973,35.2226314248,000,0,NONE,0,0,0,0,0,0,0.0,0
1113,-80.9234697352,35.2234060927,100,1,S,131394,131035,131035,131035,131394,850000,125136.98630136986,1
1114,-80.8649427432,35.2248010869,000,0,NONE,0,0,0,0,0,0,0.0,1
1115,-119.181387803,35.2264219161,000,0,NONE,0,0,0,0,0,0,0.0,1
1116,-100.253245663,35.2304871036,000,0,NONE,0,0,0,0,0,0,0.0,1
1117,-85.8151773664,35.2305319006,001,3,L,696864,694960,694960,694960,696864,3200000,450493.15068493155,1
1118,-99.8043416239,35.2302230105,100,1,S,131394,131035,131035,131035,131394,850000,125136.98630136986,1
1119,-80.9220117453,35.2348001118,000,0,NONE,0,0,0,0,0,0,0.0,1
1120,-92.8542027411,35.2374731065,000,0,NONE,0,0,0,0,0,0,0.0,1
1121,-80.9196537301,35.2384810828,100,1,S,131394,131035,131035,131035,131394,850000,125136.98630136986,1
1122,-86.8879362493,35.2385915574,010,2,M,345870,344925,344925,344925,345870,1750000,250273.97260273973,1
1123,-113.202517428,35.2391925725,000,0,NONE,0,0,0,0,0,0,0.0,1
1124,-95.5887398687,35.2392088673,000,0,NONE,0,0,0,0,0,0,0.0,0
1125,-102.422210741,35.2363570946,000,0,NONE,0,0,0,0,0,0,0.0,1
1126,-102.826871513,35.240699311,100,1,S,131394,131035,131035,131035,131394,850000,125136.98630136986,1
1127,-80.8483377257,35.2440970981,001,3,L,696864,694960,694960,694960,696864,3200000,450493.15068493155,1
1128,-116.091982147,35.2492659282,010,2,M,345870,344925,344925,344925,345870,1750000,250273.97260273973,1
1129,-81.2981487197,35.2502800757,100,1,S,131394,131035,131035,131035,131394,850000,125136.98630136986,1
1130,-78.628004475,35.2515642005,000,0,NONE,0,0,0,0,0,0,0.0,1
1131,-82.2135477364,35.2519990902,000,0,NONE,0,0,0,0,0,0,0.0,1
1132,-82.3488267174,35.254744081,010,2,M,345870,344925,344925,344925,345870,1750000,250273.97260273973,1
1133,-111.954259438,35.2520811794,000,0,NONE,0,0,0,0,0,0,0.0,0
1134,-106.564024748,35.2588008076,010,2,M,345870,344925,344925,344925,345870,1750000,250273.97260273973,1
1135,-80.8805127436,35.2609181013,000,0,NONE,0,0,0,0,0,0,0.0,1
1136,-81.0552554778,35.262306391,100,1,S,131394,131035,131035,131035,131394,850000,125136.98630136986,1
1137,-77.6599829418,35.260310576,010,2,M,345870,344925,344925,344925,345870,1750000,250273.97260273973,1
1138,-79.2747686725,35.268982341,000,0,NONE,0,0,0,0,0,0,0.0,0
1139,-80.8448277428,35.2730320727,010,2,M,345870,344925,344925,344925,345870,1750000,250273.97260273973,1
1140,-118.725739316,35.2803564041,001,3,L,696864,694960,694960,694960,696864,3200000,450493.15068493155,1
1141,-81.1879707101,35.2836251016,010,2,M,345870,344925,344925,344925,345870,1750000,250273.97260273973,1
1142,-80.775608729,35.284687075,000,0,NONE,0,0,0,0,0,0,0.0,1
1143,-82.0450863027,35.2848284647,010,2,M,345870,344925,344925,344925,345870,1750000,250273.97260273973,1
1144,-80.7626577271,35.284885104,000,0,NONE,0,0,0,0,0,0,0.0,0
1145,-81.5793765369,35.2946750491,100,1,S,131394,131035,131035,131035,131394,850000,125136.98630136986,1
1146,-109.120613613,35.3044754947,000,0,NONE,0,0,0,0,0,0,0.0,1
1147,-112.849961707,35.3070340983,010,2,M,345870,344925,344925,344925,345870,1750000,250273.97260273973,1
1148,-81.8745537105,35.3141351012,001,3,L,696864,694960,694960,694960,696864,3200000,450493.15068493155,1
1149,-85.1375937424,35.3188780879,000,0,NONE,0,0,0,0,0,0,0.0,0
1150,-93.201660535,35.323412654,000,0,NONE,0,0,0,0,0,0,0.0,1
1151,-89.5118378849,35.351872586,000,0,NONE,0,0,0,0,0,0,0.0,1
1152,-119.039369721,35.3521690753,100,1,S,131394,131035,131035,131035,131394,850000,125136.98630136986,1
1153,-89.8713814322,35.3778700294,000,0,NONE,0,0,0,0,0,0,0.0,1
1154,-77.9369457404,35.378269108,000,0,NONE,0,0,0,0,0,0,0.0,1
1155,-84.7317622719,35.3794799705,000,0,NONE,0,0,0,0,0,0,0.0,1
1156,-99.4174167114,35.3858470798,100,1,S,131394,131035,131035,131035,131394,850000,125136.98630136986,1
1157,-108.157719892,35.3874284908,000,0,NONE,0,0,0,0,0,0,0.0,1
1158,-78.5180037245,35.3899241095,100,1,S,131394,131035,131035,131035,131394,850000,125136.98630136986,1
1159,-106.455929706,35.3904820732,010,2,M,345870,344925,344925,344925,345870,1750000,250273.97260273973,1
1160,-96.9624532644,35.384012961,100,1,S,131394,131035,131035,131035,131394,850000,125136.98630136986,1
1161,-96.6299667553,35.3857484691,000,0,NONE,0,0,0,0,0,0,0.0,1
1162,-97.4948547369,35.3917150779,100,1,S,131394,131035,131035,131035,131394,850000,125136.98630136986,1
1163,-82.4931754961,35.3933333342,100,1,S,131394,131035,131035,131035,131394,850000,125136.98630136986,1
1164,-97.5755577218,35.3963230737,000,0,NONE,0,0,0,0,0,0,0.0,1
1165,-78.0020607268,35.3969350758,000,0,NONE,0,0,0,0,0,0,0.0,1
1166,-115.790291076,35.4031093218,010,2,M,345870,344925,344925,344925,345870,1750000,250273.97260273973,1
1167,-97.290833711,35.4041080738,000,0,NONE,0,0,0,0,0,0,0.0,1
1168,-119.046281735,35.4046750793,010,2,M,345870,344925,344925,344925,345870,1750000,250273.97260273973,1
1169,-81.2128647375,35.4155560891,100,1,S,131394,131035,131035,131035,131394,850000,125136.98630136986,1
1170,-119.421366551,35.4166397839,000,0,NONE,0,0,0,0,0,0,0.0,1
1171,-96.3030214234,35.4221122008,000,0,NONE,0,0,0,0,0,0,0.0,1
1172,-95.9712177317,35.4319270797,010,2,M,345870,344925,344925,344925,345870,1750000,250273.97260273973,1
1173,-86.0320332935,35.4328412477,100,1,S,131394,131035,131035,131035,131394,850000,125136.98630136986,1
1174,-120.637211711,35.4368050996,000,0,NONE,0,0,0,0,0,0,0.0,0
1175,-78.3995918424,35.4481354656,000,0,NONE,0,0,0,0,0,0,0.0,1
1176,-95.7593117766,35.4489457592,000,0,NONE,0,0,0,0,0,0,0.0,1
1177,-94.3214997381,35.4552010846,000,0,NONE,0,0,0,0,0,0,0.0,1
1178,-94.4239377442,35.2932641073,000,0,NONE,0,0,0,0,0,0,0.0,0
1179,-94.8805397222,35.4538600875,000,0,NONE,0,0,0,0,0,0,0.0,1
1180,-94.5981701743,35.3930843002,000,0,NONE,0,0,0,0,0,0,0.0,1
1181,-95.5437807173,35.4585760765,000,0,NONE,0,0,0,0,0,0,0.0,1
1182,-97.5749727173,35.4600521068,000,0,NONE,0,0,0,0,0,0,0.0,1
1183,-97.4892567215,35.4619150704,000,0,NONE,0,0,0,0,0,0,0.0,1
1184,-97.4928207429,35.4620141065,000,0,NONE,0,0,0,0,0,0,0.0,1
1185,-95.3549558283,35.463942815,000,0,NONE,0,0,0,0,0,0,0.0,1
1186,-93.5192251987,35.4642253793,000,0,NONE,0,0,0,0,0,0,0.0,1
1187,-78.1493817316,35.4655595973,000,0,NONE,0,0,0,0,0,0,0.0,1
1188,-97.4679897112,35.4681160893,000,0,NONE,0,0,0,0,0,0,0.0,1
1189,-90.2025072644,35.4734593438,000,0,NONE,0,0,0,0,0,0,0.0,1
1190,-115.462231736,35.4639889484,100,1,S,131394,131035,131035,131035,131394,850000,125136.98630136986,1
1191,-94.2420657137,35.4828761,001,3,L,696864,694960,694960,694960,696864,3200000,450493.15068493155,1
1192,-99.0172421601,35.4830783521,000,0,NONE,0,0,0,0,0,0,0.0,1
1193,-97.7538837301,35.4831280837,000,0,NONE,0,0,0,0,0,0,0.0,1
1194,-95.1682107071,35.4865480723,000,0,NONE,0,0,0,0,0,0,0.0,1
1195,-108.495146137,35.4937377852,000,0,NONE,0,0,0,0,0,0,0.0,1
1196,-79.7937890639,35.4975338226,000,0,NONE,0,0,0,0,0,0,0.0,0
1197,-79.7288997263,35.2523140696,000,0,NONE,0,0,0,0,0,0,0.0,0
1198,-108.836797543,35.5002083443,100,1,S,131394,131035,131035,131035,131394,850000,125136.98630136986,1
1199,-97.5766377356,35.5116310869,000,0,NONE,0,0,0,0,0,0,0.0,1
1200,-105.252206745,35.5170130743,001,3,L,696864,694960,694960,694960,696864,3200000,450493.15068493155,1
1201,-105.547940768,35.4197079892,100,1,S,131394,131035,131035,131035,131394,850000,125136.98630136986,1
1202,-78.2894127347,35.5196951107,010,2,M,345870,344925,344925,344925,345870,1750000,250273.97260273973,1
1203,-93.8810863268,35.5254045602,001,3,L,696864,694960,694960,694960,696864,3200000,450493.15068493155,1
1204,-97.5140157149,35.529586101,100,1,S,131394,131035,131035,131035,131394,850000,125136.98630136986,1
1205,-98.175410167,35.5297756592,000,0,NONE,0,0,0,0,0,0,0.0,1
1206,-89.6821977389,35.5306030769,000,0,NONE,0,0,0,0,0,0,0.0,1
1207,-86.902108186,35.5314026767,010,2,M,345870,344925,344925,344925,345870,1750000,250273.97260273973,1
1208,-80.573817725,35.5328790667,001,3,L,696864,694960,694960,694960,696864,3200000,450493.15068493155,1
1209,-98.5998341243,35.536266017,100,1,S,131394,131035,131035,131035,131394,850000,125136.98630136986,1
1210,-80.8603912465,35.5387118501,000,0,NONE,0,0,0,0,0,0,0.0,1
1211,-78.5761066655,35.5400069673,000,0,NONE,0,0,0,0,0,0,0.0,1
1212,-97.4601327158,35.5412051044,100,1,S,131394,131035,131035,131035,131394,850000,125136.98630136986,1
1213,-106.125124736,35.5490518116,100,1,S,131394,131035,131035,131035,131394,850000,125136.98630136986,1
1214,-82.6115367247,35.5544800853,100,1,S,131394,131035,131035,131035,131394,850000,125136.98630136986,1
1215,-82.8156776986,35.5483062206,100,1,S,131394,131035,131035,131035,131394,850000,125136.98630136986,1
1216,-79.15436047,35.5603693182,000,0,NONE,0,0,0,0,0,0,0.0,0
1217,-89.1648567353,35.5639266612,001,3,L,696864,694960,694960,694960,696864,3200000,450493.15068493155,1
1218,-82.4983707401,35.5646231016,000,0,NONE,0,0,0,0,0,0,0.0,1
1219,-77.3995917428,35.5712740908,000,0,NONE,0,0,0,0,0,0,0.0,0
1220,-77.4087897353,35.5224580997,000,0,NONE,0,0,0,0,0,0,0.0,0
1221,-77.4312987067,35.576737073,000,0,NONE,0,0,0,0,0,0,0.0,0
1222,-81.2464593163,35.5814833017,000,0,NONE,0,0,0,0,0,0,0.0,1
1223,-119.204412311,35.5872214953,010,2,M,345870,344925,344925,344925,345870,1750000,250273.97260273973,1
1224,-82.5706587237,35.5911371075,000,0,NONE,0,0,0,0,0,0,0.0,1
1225,-105.82850696,35.5472550831,010,2,M,345870,344925,344925,344925,345870,1750000,250273.97260273973,1
1226,-78.4096347237,35.5927840845,000,0,NONE,0,0,0,0,0,0,0.0,1
1227,-97.4268597273,35.5988500702,010,2,M,345870,344925,344925,344925,345870,1750000,250273.97260273973,1
1228,-97.5045387401,35.5989221077,000,0,NONE,0,0,0,0,0,0,0.0,0
1229,-83.0041437248,35.5989941029,100,1,S,131394,131035,131035,131035,131394,850000,125136.98630136986,1
1230,-77.3948937105,35.5990750976,000,0,NONE,0,0,0,0,0,0,0.0,0
1231,-84.5074634765,35.6076108447,100,1,S,131394,131035,131035,131035,131394,850000,125136.98630136986,1
1232,-77.4398667403,35.6080571045,000,0,NONE,0,0,0,0,0,0,0.0,1
1233,-77.3946597258,35.6080931016,100,1,S,131394,131035,131035,131035,131394,850000,125136.98630136986,1
1234,-95.9614527338,35.6086061109,100,1,S,131394,131035,131035,131035,131394,850000,125136.98630136986,1
1235,-97.5850887351,35.6094250992,000,0,NONE,0,0,0,0,0,0,0.0,0
1236,-95.4726154896,35.6121421921,000,0,NONE,0,0,0,0,0,0,0.0,0
1237,-78.1229305037,35.6135067568,100,1,S,131394,131035,131035,131035,131394,850000,125136.98630136986,1
1238,-119.653115731,35.6160490908,000,0,NONE,0,0,0,0,0,0,0.0,1
1239,-77.6853917645,35.6186964125,010,2,M,345870,344925,344925,344925,345870,1750000,250273.97260273973,1
1240,-77.3290947275,35.6254540703,100,1,S,131394,131035,131035,131035,131394,850000,125136.98630136986,1
1241,-77.0873277084,35.5777450916,000,0,NONE,0,0,0,0,0,0,0.0,1
1242,-82.1633592764,35.6355216371,010,2,M,345870,344925,344925,344925,345870,1750000,250273.97260273973,1
1243,-86.252548714,35.6445751841,010,2,M,345870,344925,344925,344925,345870,1750000,250273.97260273973,1
1244,-120.689979993,35.6511837865,000,0,NONE,0,0,0,0,0,0,0.0,0
1245,-82.5831237149,35.6579531085,000,0,NONE,0,0,0,0,0,0,0.0,1
1246,-77.3630697124,35.6593211042,010,2,M,345870,344925,344925,344925,345870,1750000,250273.97260273973,1
1247,-95.3087227522,35.6668656913,000,0,NONE,0,0,0,0,0,0,0.0,1
1248,-97.0590448247,35.6773444011,010,2,M,345870,344925,344925,344925,345870,1750000,250273.97260273973,1
1249,-88.7567715719,35.6807039967,010,2,M,345870,344925,344925,344925,345870,1750000,250273.97260273973,1
1250,-78.5750997252,35.6946100885,000,0,NONE,0,0,0,0,0,0,0.0,1
1251,-81.8314158445,35.6907070065,100,1,S,131394,131035,131035,131035,131394,850000,125136.98630136986,1
1252,-94.1878368218,35.7003533254,000,0,NONE,0,0,0,0,0,0,0.0,0
1253,-78.8652327219,35.7003880923,000,0,NONE,0,0,0,0,0,0,0.0,0
1254,-81.3535707448,35.7084610734,000,0,NONE,0,0,0,0,0,0,0.0,1
1255,-77.8955727309,35.7158321004,000,0,NONE,0,0,0,0,0,0,0.0,1
1256,-90.0321015557,35.7245007789,000,0,NONE,0,0,0,0,0,0,0.0,1
1257,-81.4837107217,35.7253450732,100,1,S,131394,131035,131035,131035,131394,850000,125136.98630136986,1
1258,-81.1051243655,35.7333880979,000,0,NONE,0,0,0,0,0,0,0.0,1
1259,-105.045441668,35.7340690259,000,0,NONE,0,0,0,0,0,0,0.0,1
1260,-77.9347047179,35.734309081,000,0,NONE,0,0,0,0,0,0,0.0,1
1261,-79.8259353997,35.7485462663,000,0,NONE,0,0,0,0,0,0,0.0,0
1262,-96.6900509927,35.7508551012,100,1,S,131394,131035,131035,131035,131394,850000,125136.98630136986,1
1263,-78.6488907376,35.7530830843,000,0,NONE,0,0,0,0,0,0,0.0,1
1264,-78.5911737344,35.7542890896,000,0,NONE,0,0,0,0,0,0,0.0,0
1265,-95.4028407253,35.7549460893,000,0,NONE,0,0,0,0,0,0,0.0,0
1266,-83.0544184226,35.7558806684,001,3,L,696864,694960,694960,694960,696864,3200000,450493.15068493155,1
1267,-84.1618185638,35.7399410637,000,0,NONE,0,0,0,0,0,0,0.0,0
1268,-83.9945037198,35.7492940769,000,0,NONE,0,0,0,0,0,0,0.0,0
1269,-78.0040497241,35.7632350992,000,0,NONE,0,0,0,0,0,0,0.0,1
1270,-78.7357047463,35.7667990783,000,0,NONE,0,0,0,0,0,0,0.0,1
1271,-95.4028407253,35.7700570775,000,0,NONE,0,0,0,0,0,0,0.0,0
1272,-80.3271747301,35.7710110999,001,3,L,696864,694960,694960,694960,696864,3200000,450493.15068493155,1
1273,-115.332112529,35.7752451818,001,3,L,696864,694960,694960,694960,696864,3200000,450493.15068493155,1
1274,-82.5402207203,35.7802810876,000,0,NONE,0,0,0,0,0,0,0.0,1
1275,-89.5043898823,35.7916370663,010,2,M,345870,344925,344925,344925,345870,1750000,250273.97260273973,1
1276,-78.1562467235,35.7930365787,100,1,S,131394,131035,131035,131035,131394,850000,125136.98630136986,1
1277,-78.582587744,35.7943301024,000,0,NONE,0,0,0,0,0,0,0.0,0
1278,-82.5385827419,35.797003097,100,1,S,131394,131035,131035,131035,131394,850000,125136.98630136986,1
1279,-78.5087967325,35.7962021068,100,1,S,131394,131035,131035,131035,131394,850000,125136.98630136986,1
1280,-88.3505909225,35.8003007949,100,1,S,131394,131035,131035,131035,131394,850000,125136.98630136986,1
1281,-96.0155072426,35.801438315,001,3,L,696864,694960,694960,694960,696864,3200000,450493.15068493155,1
1282,-80.86124373,35.8099091022,010,2,M,345870,344925,344925,344925,345870,1750000,250273.97260273973,1
1283,-82.5362337262,35.8103500731,100,1,S,131394,131035,131035,131035,131394,850000,125136.98630136986,1
1284,-82.5368097312,35.8120870875,000,0,NONE,0,0,0,0,0,0,0.0,1
1285,-80.2853337081,35.8149941092,000,0,NONE,0,0,0,0,0,0,0.0,1
1286,-86.8373247329,35.8234451077,000,0,NONE,0,0,0,0,0,0,0.0,1
1287,-84.2792457296,35.8286831046,000,0,NONE,0,0,0,0,0,0,0.0,1
1288,-119.261340647,35.8291718394,010,2,M,345870,344925,344925,344925,345870,1750000,250273.97260273973,1
1289,-78.306440725,35.8341640867,000,0,NONE,0,0,0,0,0,0,0.0,1
1290,-83.9707167479,35.8360900874,000,0,NONE,0,0,0,0,0,0,0.0,0
1291,-82.5227427174,35.8396181116,010,2,M,345870,344925,344925,344925,345870,1750000,250273.97260273973,1
1292,-95.403137748,35.844253105,010,2,M,345870,344925,344925,344925,345870,1750000,250273.97260273973,1
1293,-86.655275132,35.8410364854,100,1,S,131394,131035,131035,131035,131394,850000,125136.98630136986,1
1294,-87.0863241188,35.8505488719,100,1,S,131394,131035,131035,131035,131394,850000,125136.98630136986,1
1295,-120.783099624,35.8538069313,000,0,NONE,0,0,0,0,0,0,0.0,0
1296,-80.0698896717,35.8599784722,010,2,M,345870,344925,344925,344925,345870,1750000,250273.97260273973,1
1297,-97.3942304187,35.8646914593,100,1,S,131394,131035,131035,131035,131394,850000,125136.98630136986,1
1298,-84.2563497412,35.8689491026,100,1,S,131394,131035,131035,131035,131394,850000,125136.98630136986,1
1299,-87.9398697338,35.8671310943,001,3,L,696864,694960,694960,694960,696864,3200000,450493.15068493155,1
1300,-78.8311767414,35.8736650917,000,0,NONE,0,0,0,0,0,0,0.0,1
1301,-84.3241557205,35.874943093,100,1,S,131394,131035,131035,131035,131394,850000,125136.98630136986,1
1302,-119.852936904,35.8756014454,000,0,NONE,0,0,0,0,0,0,0.0,1
1303,-77.9504327535,35.8778079779,100,1,S,131394,131035,131035,131035,131394,850000,125136.98630136986,1
1304,-96.3404162179,35.8803990776,100,1,S,131394,131035,131035,131035,131394,850000,125136.98630136986,1
1305,-80.246741727,35.8804600723,001,3,L,696864,694960,694960,694960,696864,3200000,450493.15068493155,1
1306,-86.4734367217,35.8824581105,100,1,S,131394,131035,131035,131035,131394,850000,125136.98630136986,1
1307,-84.220421714,35.8861300828,000,0,NONE,0,0,0,0,0,0,0.0,1
1308,-78.6461434311,35.9073772973,010,2,M,345870,344925,344925,344925,345870,1750000,250273.97260273973,1
1309,-84.1206747438,35.9113840864,001,3,L,696864,694960,694960,694960,696864,3200000,450493.15068493155,1
1310,-84.117290711,35.912158078,000,0,NONE,0,0,0,0,0,0,0.0,1
1311,-84.6004364652,35.9132159083,010,2,M,345870,344925,344925,344925,345870,1750000,250273.97260273973,1
1312,-84.8723817293,35.9035810872,010,2,M,345870,344925,344925,344925,345870,1750000,250273.97260273973,1
1313,-83.1874290633,35.9164966927,001,3,L,696864,694960,694960,694960,696864,3200000,450493.15068493155,1
1314,-94.1994335472,35.9205075134,000,0,NONE,0,0,0,0,0,0,0.0,0
1315,-87.6000573365,35.9220110144,001,3,L,696864,694960,694960,694960,696864,3200000,450493.15068493155,1
1316,-80.5868091703,35.9249167707,000,0,NONE,0,0,0,0,0,0,0.0,1
1317,-78.0974262836,35.9316389934,100,1,S,131394,131035,131035,131035,131394,850000,125136.98630136986,1
1318,-104.795145121,35.9326997771,001,3,L,696864,694960,694960,694960,696864,3200000,450493.15068493155,1
1319,-95.5829855629,35.9338062229,100,1,S,131394,131035,131035,131035,131394,850000,125136.98630136986,1
1320,-78.9916016724,35.9397199578,100,1,S,131394,131035,131035,131035,131394,850000,125136.98630136986,1
1321,-83.9739927452,35.9554660895,000,0,NONE,0,0,0,0,0,0,0.0,1
1322,-83.9464437221,35.960407106,000,0,NONE,0,0,0,0,0,0,0.0,0
1323,-83.947577733,35.9637371004,010,2,M,345870,344925,344925,344925,345870,1750000,250273.97260273973,1
1324,-80.8434286855,35.9672622018,000,0,NONE,0,0,0,0,0,0,0.0,1
1325,-83.9287947302,35.9685430828,000,0,NONE,0,0,0,0,0,0,0.0,1
1326,-89.8746130525,35.9689481213,100,1,S,131394,131035,131035,131035,131394,850000,125136.98630136986,1
1327,-83.9313597325,35.9725210774,001,3,L,696864,694960,694960,694960,696864,3200000,450493.15068493155,1
1328,-86.8045655118,35.9750941457,010,2,M,345870,344925,344925,344925,345870,1750000,250273.97260273973,1
1329,-84.1797867404,35.9790820733,000,0,NONE,0,0,0,0,0,0,0.0,0
1330,-77.8767807285,35.9819530969,100,1,S,131394,131035,131035,131035,131394,850000,125136.98630136986,1
1331,-83.9176437385,35.9834560843,000,0,NONE,0,0,0,0,0,0,0.0,1
1332,-83.9585127391,36.0002140918,010,2,M,345870,344925,344925,344925,345870,1750000,250273.97260273973,1
1333,-86.6055997892,36.0010721386,000,0,NONE,0,0,0,0,0,0,0.0,1
1334,-79.8275217273,36.0024640715,000,0,NONE,0,0,0,0,0,0,0.0,0
1335,-79.849454736,36.0061720842,000,0,NONE,0,0,0,0,0,0,0.0,1
1336,-96.0116367197,36.0121840727,000,0,NONE,0,0,0,0,0,0,0.0,1
1337,-83.8631127401,36.0122020718,010,2,M,345870,344925,344925,344925,345870,1750000,250273.97260273973,1
1338,-83.620240884,35.9816912404,000,0,NONE,0,0,0,0,0,0,0.0,1
1339,-79.8265857462,36.0177730886,010,2,M,345870,344925,344925,344925,345870,1750000,250273.97260273973,1
1340,-87.2702065874,36.0229670151,000,0,NONE,0,0,0,0,0,0,0.0,1
1341,-120.94026402,36.0291416398,000,0,NONE,0,0,0,0,0,0,0.0,0
1342,-79.804643738,36.0324251068,100,1,S,131394,131035,131035,131035,131394,850000,125136.98630136986,1
1343,-79.8190977265,36.035683106,000,0,NONE,0,0,0,0,0,0,0.0,1
1344,-79.7687877069,36.0456550901,001,3,L,696864,694960,694960,694960,696864,3200000,450493.15068493155,1
1345,-95.7386307069,36.0461231018,010,2,M,345870,344925,344925,344925,345870,1750000,250273.97260273973,1
1346,-86.4338163479,36.0486097686,100,1,S,131394,131035,131035,131035,131394,850000,125136.98630136986,1
1347,-79.8912417196,36.056167082,000,0,NONE,0,0,0,0,0,0,0.0,1
1348,-89.3944857117,36.0575170787,000,0,NONE,0,0,0,0,0,0,0.0,1
1349,-79.125359728,36.0591191013,100,1,S,131394,131035,131035,131035,131394,850000,125136.98630136986,1
1350,-79.6822077243,36.0593980827,100,1,S,131394,131035,131035,131035,131394,850000,125136.98630136986,1
1351,-78.7987659834,36.0558753204,100,1,S,131394,131035,131035,131035,131394,850000,125136.98630136986,1
1352,-115.180700724,36.0605680916,001,3,L,696864,694960,694960,694960,696864,3200000,450493.15068493155,1
1353,-115.012679721,36.0330821066,000,0,NONE,0,0,0,0,0,0,0.0,0
1354,-80.231297719,36.0618550916,100,1,S,131394,131035,131035,131035,131394,850000,125136.98630136986,1
1355,-83.3896587215,36.0668141072,001,3,L,696864,694960,694960,694960,696864,3200000,450493.15068493155,1
1356,-79.9201677379,36.0669670972,100,1,S,131394,131035,131035,131035,131394,850000,125136.98630136986,1
1357,-89.3966277413,36.0689020983,001,3,L,696864,694960,694960,694960,696864,3200000,450493.15068493155,1
1358,-79.4701573669,36.0655990539,010,2,M,345870,344925,344925,344925,345870,1750000,250273.97260273973,1
1359,-80.3251317357,36.0721330989,100,1,S,131394,131035,131035,131035,131394,850000,125136.98630136986,1
1360,-89.3480457357,36.072934089,010,2,M,345870,344925,344925,344925,345870,1750000,250273.97260273973,1
1361,-119.317741332,36.0739133887,010,2,M,345870,344925,344925,344925,345870,1750000,250273.97260273973,1
1362,-85.2001741074,36.0741623813,000,0,NONE,0,0,0,0,0,0,0.0,1
1363,-79.260872735,36.0750940753,100,1,S,131394,131035,131035,131035,131394,850000,125136.98630136986,1
1364,-79.2594057465,36.0755980842,000,0,NONE,0,0,0,0,0,0,0.0,1
1365,-82.5011809938,36.078606892,100,1,S,131394,131035,131035,131035,131394,850000,125136.98630136986,1
1366,-120.10618528,36.0802211472,000,0,NONE,0,0,0,0,0,0,0.0,1
1367,-79.7663577378,36.0874330742,100,1,S,131394,131035,131035,131035,131394,850000,125136.98630136986,1
1368,-87.0612000816,36.0876912408,001,3,L,696864,694960,694960,694960,696864,3200000,450493.15068493155,1
1369,-96.039464725,36.0889181049,010,2,M,345870,344925,344925,344925,345870,1750000,250273.97260273973,1
1370,-96.0067137444,36.0889541021,000,0,NONE,0,0,0,0,0,0,0.0,1
1371,-96.0295917338,36.0889811006,001,3,L,696864,694960,694960,694960,696864,3200000,450493.15068493155,1
1372,-96.0386884518,36.0899551851,000,0,NONE,0,0,0,0,0,0,0.0,1
1373,-80.247470722,36.0928421024,000,0,NONE,0,0,0,0,0,0,0.0,0
1374,-80.2331697235,36.0938770773,010,2,M,345870,344925,344925,344925,345870,1750000,250273.97260273973,1
1375,-89.5945411528,36.0948798798,000,0,NONE,0,0,0,0,0,0,0.0,1
1376,-80.0149287362,36.0981070979,010,2,M,345870,344925,344925,344925,345870,1750000,250273.97260273973,1
1377,-95.859716724,36.0985390701,100,1,S,131394,131035,131035,131035,131394,850000,125136.98630136986,1
1378,-96.0121857261,36.1121380713,000,0,NONE,0,0,0,0,0,0,0.0,1
1379,-95.8958967341,36.113929082,010,2,M,345870,344925,344925,344925,345870,1750000,250273.97260273973,1
1380,-86.7735147463,36.1158640822,010,2,M,345870,344925,344925,344925,345870,1750000,250273.97260273973,1
1381,-80.5665731598,36.1131288778,000,0,NONE,0,0,0,0,0,0,0.0,0
1382,-94.1453337162,36.1173761105,000,0,NONE,0,0,0,0,0,0,0.0,0
1383,-80.8138857296,36.1217950769,010,2,M,345870,344925,344925,344925,345870,1750000,250273.97260273973,1
1384,-86.7280557067,36.1260070984,100,1,S,131394,131035,131035,131035,131394,850000,125136.98630136986,1
1385,-97.3419013564,36.1284841965,010,2,M,345870,344925,344925,344925,345870,1750000,250273.97260273973,1
1386,-115.089512746,36.1330361051,000,0,NONE,0,0,0,0,0,0,0.0,0
1387,-86.7272007203,36.1386340791,100,1,S,131394,131035,131035,131035,131394,850000,125136.98630136986,1
1388,-95.8601397391,36.1392280822,000,0,NONE,0,0,0,0,0,0,0.0,1
1389,-86.7215037103,36.1405150831,000,0,NONE,0,0,0,0,0,0,0.0,1
1390,-86.7360297363,36.1428191021,010,2,M,345870,344925,344925,344925,345870,1750000,250273.97260273973,1
1391,-95.9797047283,36.1430980835,000,0,NONE,0,0,0,0,0,0,0.0,1
1392,-79.7345427393,36.1438990737,100,1,S,131394,131035,131035,131035,131394,850000,125136.98630136986,1
1393,-86.6972487267,36.1442230949,010,2,M,345870,344925,344925,344925,345870,1750000,250273.97260273973,1
1394,-96.0038697185,36.144583072,100,1,S,131394,131035,131035,131035,131394,850000,125136.98630136986,1
1395,-85.5342355058,36.1364762359,010,2,M,345870,344925,344925,344925,345870,1750000,250273.97260273973,1
1396,-85.8684253938,36.1469314159,010,2,M,345870,344925,344925,344925,345870,1750000,250273.97260273973,1
1397,-86.7757107307,36.1486511022,100,1,S,131394,131035,131035,131035,131394,850000,125136.98630136986,1
1398,-86.8577547127,36.1523230746,000,0,NONE,0,0,0,0,0,0,0.0,1
1399,-86.76208473,36.1543480699,000,0,NONE,0,0,0,0,0,0,0.0,1
1400,-86.8238877202,36.1571920958,000,0,NONE,0,0,0,0,0,0,0.0,1
1401,-96.2340266555,36.151363274,000,0,NONE,0,0,0,0,0,0,0.0,1
1402,-96.0561417369,36.1580020855,100,1,S,131394,131035,131035,131035,131394,850000,125136.98630136986,1
1403,-95.9804157242,36.1588120752,000,0,NONE,0,0,0,0,0,0,0.0,1
1404,-96.0009537387,36.1594330769,010,2,M,345870,344925,344925,344925,345870,1750000,250273.97260273973,1
1405,-95.8240857204,36.162502088,010,2,M,345870,344925,344925,344925,345870,1750000,250273.97260273973,1
1406,-95.8821897397,36.1626370789,000,0,NONE,0,0,0,0,0,0,0.0,1
1407,-95.8599057121,36.1652020812,000,0,NONE,0,0,0,0,0,0,0.0,1
1408,-86.5265702663,36.1681587472,100,1,S,131394,131035,131035,131035,131394,850000,125136.98630136986,1
1409,-86.7683937422,36.171538091,000,0,NONE,0,0,0,0,0,0,0.0,1
1410,-86.8009017385,36.1742110866,000,0,NONE,0,0,0,0,0,0,0.0,1
1411,-115.154582735,36.174319079,000,0,NONE,0,0,0,0,0,0,0.0,1
1412,-86.7663687468,36.1758131083,000,0,NONE,0,0,0,0,0,0,0.0,0
1413,-86.3490837482,36.183607108,010,2,M,345870,344925,344925,344925,345870,1750000,250273.97260273973,1
1414,-86.7756747326,36.1927151062,000,0,NONE,0,0,0,0,0,0,0.0,1
1415,-86.226656734,36.1937950787,000,0,NONE,0,0,0,0,0,0,0.0,1
1416,-84.1154539015,36.1963417833,000,0,NONE,0,0,0,0,0,0,0.0,1
1417,-121.104779732,36.1987540942,000,0,NONE,0,0,0,0,0,0,0.0,0
1418,-95.949842729,36.1994650901,000,0,NONE,0,0,0,0,0,0,0.0,0
1419,-83.1050798612,36.2034996008,010,2,M,345870,344925,344925,344925,345870,1750000,250273.97260273973,1
1420,-86.870507727,36.2096441027,000,0,NONE,0,0,0,0,0,0,0.0,0
1421,-104.660176143,36.2147844171,100,1,S,131394,131035,131035,131035,131394,850000,125136.98630136986,1
1422,-89.7480957156,36.2159980702,001,3,L,696864,694960,694960,694960,696864,3200000,450493.15068493155,1
1423,-96.3924717254,36.2178700746,000,0,NONE,0,0,0,0,0,0,0.0,1
1424,-86.7740817095,36.2241340892,010,2,M,345870,344925,344925,344925,345870,1750000,250273.97260273973,1
1425,-96.731633939,36.2240648126,100,1,S,131394,131035,131035,131035,131394,850000,125136.98630136986,1
1426,-86.7245007271,36.2351770886,000,0,NONE,0,0,0,0,0,0,0.0,0
1427,-86.7856107196,36.2379850751,001,3,L,696864,694960,694960,694960,696864,3200000,450493.15068493155,1
1428,-86.7410157081,36.2383990896,000,0,NONE,0,0,0,0,0,0,0.0,0
1429,-86.7518697194,36.2408021024,000,0,NONE,0,0,0,0,0,0,0.0,1
1430,-87.2953664454,36.2685133515,000,0,NONE,0,0,0,0,0,0,0.0,1
1431,-77.7211465482,36.2733687867,001,3,L,696864,694960,694960,694960,696864,3200000,450493.15068493155,1
1432,-80.3838285288,36.2778343722,001,3,L,696864,694960,694960,694960,696864,3200000,450493.15068493155,1
1433,-119.390396724,36.3053500825,000,0,NONE,0,0,0,0,0,0,0.0,1
1434,-78.5615531724,36.3056708995,100,1,S,131394,131035,131035,131035,131394,850000,125136.98630136986,1
1435,-82.3384857144,36.3085180874,100,1,S,131394,131035,131035,131035,131394,850000,125136.98630136986,1
1436,-80.8022520871,36.314540625,000,0,NONE,0,0,0,0,0,0,0.0,1
1437,-97.0157393502,36.3337296322,000,0,NONE,0,0,0,0,0,0,0.0,1
1438,-82.8109771185,36.3349672109,000,0,NONE,0,0,0,0,0,0,0.0,1
1439,-95.5116344876,36.3364149449,000,0,NONE,0,0,0,0,0,0,0.0,1
1440,-120.307041076,36.337644096,000,0,NONE,0,0,0,0,0,0,0.0,1
1441,-89.1552862076,36.3402925913,000,0,NONE,0,0,0,0,0,0,0.0,1
1442,-86.9454330688,36.3570034698,100,1,S,131394,131035,131035,131035,131394,850000,125136.98630136986,1
1443,-79.6257641683,36.3629000709,010,2,M,345870,344925,344925,344925,345870,1750000,250273.97260273973,1
1444,-86.7120743124,36.3712754121,100,1,S,131394,131035,131035,131035,131394,850000,125136.98630136986,1
1445,-121.299412971,36.382583912,000,0,NONE,0,0,0,0,0,0,0.0,0
1446,-82.4312764142,36.3849068483,000,0,NONE,0,0,0,0,0,0,0.0,1
1447,-97.3269777239,36.4001920765,000,0,NONE,0,0,0,0,0,0,0.0,1
1448,-84.2641442967,36.4026752027,000,0,NONE,0,0,0,0,0,0,0.0,1
1449,-114.870187884,36.4161670937,100,1,S,131394,131035,131035,131035,131394,850000,125136.98630136986,1
1450,-86.3773084715,36.4178369936,000,0,NONE,0,0,0,0,0,0,0.0,1
1451,-89.6769240101,36.4361678155,000,0,NONE,0,0,0,0,0,0,0.0,1
1452,-82.523003742,36.4540930737,000,0,NONE,0,0,0,0,0,0,0.0,1
1453,-80.5557387205,36.4552000861,000,0,NONE,0,0,0,0,0,0,0.0,1
1454,-78.26259164,36.4589226607,000,0,NONE,0,0,0,0,0,0,0.0,1
1455,-87.1321467201,36.4710401115,100,1,S,131394,131035,131035,131035,131394,850000,125136.98630136986,1
1456,-80.742479731,36.4970771062,010,2,M,345870,344925,344925,344925,345870,1750000,250273.97260273973,1
1457,-86.6589363126,36.5073812648,000,0,NONE,0,0,0,0,0,0,0.0,1
1458,-88.8904497416,36.5175790813,000,0,NONE,0,0,0,0,0,0,0.0,1
1459,-104.554218399,36.5185670576,010,2,M,345870,344925,344925,344925,345870,1750000,250273.97260273973,1
1460,-119.566032675,36.5215338374,001,3,L,696864,694960,694960,694960,696864,3200000,450493.15068493155,1
1461,-82.3521538429,36.5384014785,100,1,S,131394,131035,131035,131035,131394,850000,125136.98630136986,1
1462,-79.4655417188,36.540817089,100,1,S,131394,131035,131035,131035,131394,850000,125136.98630136986,1
1463,-95.2211204688,36.5564934189,010,2,M,345870,344925,344925,344925,345870,1750000,250273.97260273973,1
1464,-82.5824577166,36.5565040822,000,0,NONE,0,0,0,0,0,0,0.0,1
1465,-86.903864321,36.5579732381,000,0,NONE,0,0,0,0,0,0,0.0,0
1466,-77.5674349313,36.5673859275,100,1,S,131394,131035,131035,131035,131394,850000,125136.98630136986,1
1467,-120.538029894,36.5687090074,000,0,NONE,0,0,0,0,0,0,0.0,1
1468,-121.517355825,36.5689283961,000,0,NONE,0,0,0,0,0,0,0.0,0
1469,-84.1140147128,36.5765200888,100,1,S,131394,131035,131035,131035,131394,850000,125136.98630136986,1
1470,-79.3608447335,36.5845390737,000,0,NONE,0,0,0,0,0,0,0.0,0
1471,-79.1095038304,36.5851877061,000,0,NONE,0,0,0,0,0,0,0.0,0
1472,-79.4166447338,36.5918741026,010,2,M,345870,344925,344925,344925,345870,1750000,250273.97260273973,1
1473,-87.2837395217,36.6007870055,100,1,S,131394,131035,131035,131035,131394,850000,125136.98630136986,1
1474,-79.5177147442,36.6033490742,000,0,NONE,0,0,0,0,0,0,0.0,0
1475,-88.7797908087,36.6202397128,010,2,M,345870,344925,344925,344925,345870,1750000,250273.97260273973,1
1476,-82.1795547103,36.626299101,000,0,NONE,0,0,0,0,0,0,0.0,1
1477,-82.1933517413,36.612160092,000,0,NONE,0,0,0,0,0,0,0.0,0
1478,-89.5455915088,36.635077183,001,3,L,696864,694960,694960,694960,696864,3200000,450493.15068493155,1
1479,-79.6675553976,36.6381191605,000,0,NONE,0,0,0,0,0,0,0.0,0
1480,-82.7487864323,36.6468253929,000,0,NONE,0,0,0,0,0,0,0.0,1
1481,-114.572066112,36.6626474228,010,2,M,345870,344925,344925,344925,345870,1750000,250273.97260273973,1
1482,-79.8146877183,36.6852761057,000,0,NONE,0,0,0,0,0,0,0.0,0
1483,-79.8599937256,36.6226360859,000,0,NONE,0,0,0,0,0,0,0.0,0
1484,-78.8873907158,36.6888580838,000,0,NONE,0,0,0,0,0,0,0.0,0
1485,-86.5310615552,36.6993356371,000,0,NONE,0,0,0,0,0,0,0.0,1
1486,-97.3458518173,36.7009568513,100,1,S,131394,131035,131035,131035,131394,850000,125136.98630136986,1
1487,-87.4551747292,36.7041401033,100,1,S,131394,131035,131035,131035,131394,850000,125136.98630136986,1
1488,-119.778692219,36.7115277776,001,3,L,696864,694960,694960,694960,696864,3200000,450493.15068493155,1
1489,-88.6673397329,36.7265320819,000,0,NONE,0,0,0,0,0,0,0.0,1
1490,-80.7645054759,36.7326805992,010,2,M,345870,344925,344925,344925,345870,1750000,250273.97260273973,1
1491,-94.9089383537,36.7397425337,001,3,L,696864,694960,694960,694960,696864,3200000,450493.15068493155,1
1492,-78.0915567306,36.7543600863,100,1,S,131394,131035,131035,131035,131394,850000,125136.98630136986,1
1493,-76.2677427062,36.7571680728,000,0,NONE,0,0,0,0,0,0,0.0,0
1494,-76.2380157409,36.7357840706,010,2,M,345870,344925,344925,344925,345870,1750000,250273.97260273973,1
1495,-76.0927672769,36.7639667991,100,1,S,131394,131035,131035,131035,131394,850000,125136.98630136986,1
1496,-88.6431657432,36.7671670978,000,0,NONE,0,0,0,0,0,0,0.0,1
1497,-76.6032087088,36.7669691102,000,0,NONE,0,0,0,0,0,0,0.0,1
1498,-76.5271857148,36.750301097,000,0,NONE,0,0,0,0,0,0,0.0,1
1499,-81.8179096119,36.7690552451,010,2,M,345870,344925,344925,344925,345870,1750000,250273.97260273973,1
1500,-114.212516328,36.7674126091,100,1,S,131394,131035,131035,131035,131394,850000,125136.98630136986,1
1501,-76.4232357227,36.7870300722,000,0,NONE,0,0,0,0,0,0,0.0,1
1502,-76.3985667236,36.7879930941,010,2,M,345870,344925,344925,344925,345870,1750000,250273.97260273973,1
1503,-76.2680217307,36.7627840872,000,0,NONE,0,0,0,0,0,0,0.0,0
1504,-121.667135708,36.7893610897,000,0,NONE,0,0,0,0,0,0,0.0,0
1505,-78.7626162229,36.805891039,000,0,NONE,0,0,0,0,0,0,0.0,0
1506,-104.442485734,36.8132470977,100,1,S,131394,131035,131035,131035,131394,850000,125136.98630136986,1
1507,-120.749447569,36.8153999281,000,0,NONE,0,0,0,0,0,0,0.0,1
1508,-121.632755707,36.8180260824,000,0,NONE,0,0,0,0,0,0,0.0,0
1509,-87.4727427264,36.821221085,100,1,S,131394,131035,131035,131035,131394,850000,125136.98630136986,1
1510,-79.9276303266,36.8219948905,000,0,NONE,0,0,0,0,0,0,0.0,0
1511,-76.336403715,36.8225890806,000,0,NONE,0,0,0,0,0,0,0.0,1
1512,-87.4731117443,36.8320300996,100,1,S,131394,131035,131035,131035,131394,850000,125136.98630136986,1
1513,-76.341506721,36.8322640843,000,0,NONE,0,0,0,0,0,0,0.0,0
1514,-88.4384845125,36.8337276122,100,1,S,131394,131035,131035,131035,131394,850000,125136.98630136986,1
1515,-76.2886047428,36.8358281057,100,1,S,131394,131035,131035,131035,131394,850000,125136.98630136986,1
1516,-76.28635472,36.8425960877,000,0,NONE,0,0,0,0,0,0,0.0,1
1517,-76.2739247709,36.844915799,000,0,NONE,0,0,0,0,0,0,0.0,1
1518,-76.2732777267,36.8449631025,010,2,M,345870,344925,344925,344925,345870,1750000,250273.97260273973,1
1519,-76.2678327427,36.8454310728,100,1,S,131394,131035,131035,131035,131394,850000,125136.98630136986,1
1520,-76.1961027228,36.8458270892,100,1,S,131394,131035,131035,131035,131394,850000,125136.98630136986,1
1521,-76.1375397336,36.8339741002,000,0,NONE,0,0,0,0,0,0,0.0,1
1522,-76.2836277282,36.8459980773,000,0,NONE,0,0,0,0,0,0,0.0,0
1523,-77.4335295793,36.8465068391,000,0,NONE,0,0,0,0,0,0,0.0,1
1524,-75.9991197463,36.8465560833,100,1,S,131394,131035,131035,131035,131394,850000,125136.98630136986,1
1525,-75.9930447188,36.8465110866,000,0,NONE,0,0,0,0,0,0,0.0,1
1526,-75.9766107326,36.8488961004,000,0,NONE,0,0,0,0,0,0,0.0,0
1527,-75.9768987144,36.8499040767,100,1,S,131394,131035,131035,131035,131394,850000,125136.98630136986,1
1528,-84.1564451784,36.8503826042,010,2,M,345870,344925,344925,344925,345870,1750000,250273.97260273973,1
1529,-79.3948833427,36.8507492955,010,2,M,345870,344925,344925,344925,345870,1750000,250273.97260273973,1
1530,-77.8623104408,36.8520289742,100,1,S,131394,131035,131035,131035,131394,850000,125136.98630136986,1
1531,-76.2850947176,36.8538820713,000,0,NONE,0,0,0,0,0,0,0.0,0
1532,-76.2865167095,36.8578601082,000,0,NONE,0,0,0,0,0,0,0.0,0
1533,-81.4447219175,36.8619454719,000,0,NONE,0,0,0,0,0,0,0.0,1
1534,-82.7535027344,36.861946096,000,0,NONE,0,0,0,0,0,0,0.0,1
1535,-121.580420734,36.8621170841,000,0,NONE,0,0,0,0,0,0,0.0,0
1536,-76.3261977452,36.852280091,000,0,NONE,0,0,0,0,0,0,0.0,0
1537,-76.3052817133,36.8643941055,000,0,NONE,0,0,0,0,0,0,0.0,0
1538,-78.5845677427,36.8652760904,000,0,NONE,0,0,0,0,0,0,0.0,0
1539,-76.430750741,36.8653930823,000,0,NONE,0,0,0,0,0,0,0.0,0
1540,-76.4307777386,36.8668690713,000,0,NONE,0,0,0,0,0,0,0.0,0
1541,-89.5330947284,36.8735381018,000,0,NONE,0,0,0,0,0,0,0.0,1
1542,-76.1964627421,36.8748161023,010,2,M,345870,344925,344925,344925,345870,1750000,250273.97260273973,1
1543,-76.8559801131,36.8822822119,001,3,L,696864,694960,694960,694960,696864,3200000,450493.15068493155,1
1544,-119.992073987,36.8959904024,010,2,M,345870,344925,344925,344925,345870,1750000,250273.97260273973,1
1545,-76.1446137378,36.8977030911,000,0,NONE,0,0,0,0,0,0,0.0,0
1546,-87.763410469,36.8987228657,100,1,S,131394,131035,131035,131035,131394,850000,125136.98630136986,1
1547,-76.128899747,36.9037330787,000,0,NONE,0,0,0,0,0,0,0.0,1
1548,-76.1468547189,36.9057580741,000,0,NONE,0,0,0,0,0,0,0.0,0
1549,-86.4333957089,36.9080170955,100,1,S,131394,131035,131035,131035,131394,850000,125136.98630136986,1
1550,-76.2670767078,36.9171700913,100,1,S,131394,131035,131035,131035,131394,850000,125136.98630136986,1
1551,-113.870081338,36.917941233,100,1,S,131394,131035,131035,131035,131394,850000,125136.98630136986,1
1552,-76.2721437158,36.9186190817,000,0,NONE,0,0,0,0,0,0,0.0,0
1553,-76.5248427201,36.9320776879,000,0,NONE,0,0,0,0,0,0,0.0,0
1554,-82.6104027138,36.9351791016,010,2,M,345870,344925,344925,344925,345870,1750000,250273.97260273973,1
1555,-82.5894507261,36.9444580898,000,0,NONE,0,0,0,0,0,0,0.0,1
1556,-76.3079187108,36.9444760879,000,0,NONE,0,0,0,0,0,0,0.0,0
1557,-80.9207247445,36.9481121045,000,0,NONE,0,0,0,0,0,0,0.0,1
1558,-78.5001956227,36.9495304415,000,0,NONE,0,0,0,0,0,0,0.0,0
1559,-76.2647997287,36.9575890793,001,3,L,696864,694960,694960,694960,696864,3200000,450493.15068493155,1
1560,-82.6058397147,36.9590110711,010,2,M,345870,344925,344925,344925,345870,1750000,250273.97260273973,1
1561,-86.4977637437,36.9606130937,001,3,L,696864,694960,694960,694960,696864,3200000,450493.15068493155,1
1562,-86.4978087404,36.9606400923,100,1,S,131394,131035,131035,131035,131394,850000,125136.98630136986,1
1563,-81.064661711,36.9609190737,000,0,NONE,0,0,0,0,0,0,0.0,1
1564,-86.4983577468,36.9634930754,001,3,L,696864,694960,694960,694960,696864,3200000,450493.15068493155,1
1565,-94.6504263079,36.9701302646,000,0,NONE,0,0,0,0,0,0,0.0,1
1566,-87.4663075097,36.9873634738,000,0,NONE,0,0,0,0,0,0,0.0,1
1567,-88.3469847185,36.9905110911,000,0,NONE,0,0,0,0,0,0,0.0,1
1568,-89.2288860538,36.9999869687,010,2,M,345870,344925,344925,344925,345870,1750000,250273.97260273973,1
1569,-97.341631959,37.0025597178,000,0,NONE,0,0,0,0,0,0,0.0,1
1570,-121.556507728,37.0028050933,000,0,NONE,0,0,0,0,0,0,0.0,0
1571,-77.6649739093,37.008495853,010,2,M,345870,344925,344925,344925,345870,1750000,250273.97260273973,1
1572,-86.29445163,37.0123109759,000,0,NONE,0,0,0,0,0,0,0.0,1
1573,-76.4446917201,37.0195900984,000,0,NONE,0,0,0,0,0,0,0.0,0
1574,-76.0855197403,37.0295350849,010,2,M,345870,344925,344925,344925,345870,1750000,250273.97260273973,1
1575,-76.3779207158,37.0320730886,000,0,NONE,0,0,0,0,0,0,0.0,1
1576,-77.0922241159,37.035993541,001,3,L,696864,694960,694960,694960,696864,3200000,450493.15068493155,1
1577,-121.301388229,37.0388288237,000,0,NONE,0,0,0,0,0,0,0.0,0
1578,-76.3946877228,37.0405330875,010,2,M,345870,344925,344925,344925,345870,1750000,250273.97260273973,1
1579,-79.8756761583,37.0424712677,000,0,NONE,0,0,0,0,0,0,0.0,0
1580,-120.969545706,37.0561480846,100,1,S,131394,131035,131035,131035,131394,850000,125136.98630136986,1
1581,-120.802603411,37.0564144853,000,0,NONE,0,0,0,0,0,0,0.0,0
1582,-120.635825717,37.0512071103,000,0,NONE,0,0,0,0,0,0,0.0,0
1583,-121.016318745,37.0570481108,000,0,NONE,0,0,0,0,0,0,0.0,0
1584,-86.1119697224,37.0582360756,000,0,NONE,0,0,0,0,0,0,0.0,1
1585,-85.7482798562,36.9963182744,000,0,NONE,0,0,0,0,0,0,0.0,0
1586,-88.2240974555,37.0583097382,010,2,M,345870,344925,344925,344925,345870,1750000,250273.97260273973,1
1587,-88.6643847585,37.0632535093,100,1,S,131394,131035,131035,131035,131394,850000,125136.98630136986,1
1588,-78.470897707,37.0647970706,000,0,NONE,0,0,0,0,0,0,0.0,0
1589,-88.0847337233,37.0713401098,000,0,NONE,0,0,0,0,0,0,0.0,1
1590,-85.3762115668,37.0729797132,000,0,NONE,0,0,0,0,0,0,0.0,0
1591,-82.5988730455,37.0788331603,000,0,NONE,0,0,0,0,0,0,0.0,1
1592,-94.3080807245,37.0818341027,100,1,S,131394,131035,131035,131035,131394,850000,125136.98630136986,1
1593,-93.9025822713,37.0741899552,000,0,NONE,0,0,0,0,0,0,0.0,1
1594,-120.206138723,37.0822120778,000,0,NONE,0,0,0,0,0,0,0.0,1
1595,-120.425005888,37.0834034142,000,0,NONE,0,0,0,0,0,0,0.0,0
1596,-113.579033729,37.0878820893,000,0,NONE,0,0,0,0,0,0,0.0,1
1597,-80.6361297126,37.0881505873,000,0,NONE,0,0,0,0,0,0,0.0,1
1598,-85.0014423507,37.0728050316,000,0,NONE,0,0,0,0,0,0,0.0,0
1599,-104.518778387,37.0941093845,000,0,NONE,0,0,0,0,0,0,0.0,1
1600,-84.6194277204,37.0948930969,000,0,NONE,0,0,0,0,0,0,0.0,0
1601,-84.5813577059,37.1002840838,000,0,NONE,0,0,0,0,0,0,0.0,0
1602,-86.6399997361,37.1040280937,010,2,M,345870,344925,344925,344925,345870,1750000,250273.97260273973,1
1603,-79.3279825922,37.1134492287,000,0,NONE,0,0,0,0,0,0,0.0,1
1604,-78.3270313471,37.1252048535,000,0,NONE,0,0,0,0,0,0,0.0,0
1605,-121.640704343,37.1407578594,000,0,NONE,0,0,0,0,0,0,0.0,0
1606,-84.1111257325,37.1455990916,001,3,L,696864,694960,694960,694960,696864,3200000,450493.15068493155,1
1607,-87.4658487106,37.1487041008,000,0,NONE,0,0,0,0,0,0,0.0,1
1608,-86.6557767226,37.1497300762,010,2,M,345870,344925,344925,344925,345870,1750000,250273.97260273973,1
1609,-87.7666665418,37.157899613,010,2,M,345870,344925,344925,344925,345870,1750000,250273.97260273973,1
1610,-82.6520727469,37.1580280847,100,1,S,131394,131035,131035,131035,131394,850000,125136.98630136986,1
1611,-77.3519187198,37.1589191114,010,2,M,345870,344925,344925,344925,345870,1750000,250273.97260273973,1
1612,-84.353758993,37.1631723435,000,0,NONE,0,0,0,0,0,0,0.0,0
1613,-80.3196786048,37.1646546961,001,3,L,696864,694960,694960,694960,696864,3200000,450493.15068493155,1
1614,-77.4912657318,37.1860540767,010,2,M,345870,344925,344925,344925,345870,1750000,250273.97260273973,1
1615,-93.5262885622,37.1853739653,001,3,L,696864,694960,694960,694960,696864,3200000,450493.15068493155,1
1616,-78.1874157426,37.1889251012,000,0,NONE,0,0,0,0,0,0,0.0,0
1617,-77.8502775262,37.1450536906,000,0,NONE,0,0,0,0,0,0,0.0,0
1618,-77.3272857188,37.1922010994,010,2,M,345870,344925,344925,344925,345870,1750000,250273.97260273973,1
1619,-89.5379104595,37.1936600147,000,0,NONE,0,0,0,0,0,0,0.0,1
1620,-85.9365259703,37.2072628641,001,3,L,696864,694960,694960,694960,696864,3200000,450493.15068493155,1
1621,-87.4414407362,37.2124150927,100,1,S,131394,131035,131035,131035,131394,850000,125136.98630136986,1
1622,-77.3768307453,37.2131800857,100,1,S,131394,131035,131035,131035,131394,850000,125136.98630136986,1
1623,-77.3900157328,37.219084081,001,3,L,696864,694960,694960,694960,696864,3200000,450493.15068493155,1
1624,-81.0926617,37.2208299223,000,0,NONE,0,0,0,0,0,0,0.0,1
1625,-84.2206336725,37.2291601113,000,0,NONE,0,0,0,0,0,0,0.0,1
1626,-79.9729437237,37.2318550952,000,0,NONE,0,0,0,0,0,0,0.0,0
1627,-121.767206742,37.2417010879,000,0,NONE,0,0,0,0,0,0,0.0,0
1628,-121.088528188,37.2441094436,000,0,NONE,0,0,0,0,0,0,0.0,1
1629,-121.858772737,37.2553540862,000,0,NONE,0,0,0,0,0,0,0.0,0
1630,-121.971511527,37.2601177852,000,0,NONE,0,0,0,0,0,0,0.0,0
1631,-86.7479367224,37.2627881089,000,0,NONE,0,0,0,0,0,0,0.0,1
1632,-93.1413799891,37.2644197884,000,0,NONE,0,0,0,0,0,0,0.0,1
1633,-76.6512386152,37.2649021677,010,2,M,345870,344925,344925,344925,345870,1750000,250273.97260273973,1
1634,-79.9367457145,37.2667391049,000,0,NONE,0,0,0,0,0,0,0.0,0
1635,-120.444128752,37.2778132757,001,3,L,696864,694960,694960,694960,696864,3200000,450493.15068493155,1
1636,-87.1189748735,37.2802287683,010,2,M,345870,344925,344925,344925,345870,1750000,250273.97260273973,1
1637,-75.9791360667,37.2863888797,000,0,NONE,0,0,0,0,0,0,0.0,1
1638,-97.340326228,37.30549525,001,3,L,696864,694960,694960,694960,696864,3200000,450493.15068493155,1
1639,-79.1851197238,37.3127651086,100,1,S,131394,131035,131035,131035,131394,850000,125136.98630136986,1
1640,-113.294112587,37.3130563963,010,2,M,345870,344925,344925,344925,345870,1750000,250273.97260273973,1
1641,-121.940195718,37.3170850803,000,0,NONE,0,0,0,0,0,0,0.0,0
1642,-121.892261712,37.3239161003,000,0,NONE,0,0,0,0,0,0,0.0,0
1643,-80.0338107328,37.3242760774,010,2,M,345870,344925,344925,344925,345870,1750000,250273.97260273973,1
1644,-89.1558877488,37.327038587,000,0,NONE,0,0,0,0,0,0,0.0,1
1645,-122.055881748,37.3323311017,000,0,NONE,0,0,0,0,0,0,0.0,0
1646,-84.3062007064,37.3380100704,000,0,NONE,0,0,0,0,0,0,0.0,1
1647,-77.9987572786,37.3388386967,000,0,NONE,0,0,0,0,0,0,0.0,0
1648,-121.851815725,37.3393961064,000,0,NONE,0,0,0,0,0,0,0.0,0
1649,-79.9980537368,37.341628088,100,1,S,131394,131035,131035,131035,131394,850000,125136.98630136986,1
1650,-82.5488286397,37.3481835863,001,3,L,696864,694960,694960,694960,696864,3200000,450493.15068493155,1
1651,-88.7891398531,37.3538020981,010,2,M,345870,344925,344925,344925,345870,1750000,250273.97260273973,1
1652,-121.911534756,37.3538909709,000,0,NONE,0,0,0,0,0,0,0.0,0
1653,-87.4913367403,37.3618780793,100,1,S,131394,131035,131035,131035,131394,850000,125136.98630136986,1
1654,-121.901657734,37.3641011036,000,0,NONE,0,0,0,0,0,0,0.0,0
1655,-77.3386257408,37.3736950712,000,0,NONE,0,0,0,0,0,0,0.0,0
1656,-121.928459721,37.373857102,000,0,NONE,0,0,0,0,0,0,0.0,0
1657,-77.4107877321,37.3798960891,000,0,NONE,0,0,0,0,0,0,0.0,1
1658,-104.60234605,37.3824278669,001,3,L,696864,694960,694960,694960,696864,3200000,450493.15068493155,1
1659,-86.8093437375,37.3845130844,000,0,NONE,0,0,0,0,0,0,0.0,1
1660,-120.730796568,37.3893708903,001,3,L,696864,694960,694960,694960,696864,3200000,450493.15068493155,1
1661,-77.7715347359,37.3921900922,000,0,NONE,0,0,0,0,0,0,0.0,0
1662,-122.027963707,37.3989040772,000,0,NONE,0,0,0,0,0,0,0.0,0
1663,-122.035784747,37.4004791012,000,0,NONE,0,0,0,0,0,0,0.0,0
1664,-122.069966718,37.4085610827,000,0,NONE,0,0,0,0,0,0,0.0,0
1665,-122.20484645,37.412350967,000,0,NONE,0,0,0,0,0,0,0.0,0
1666,-86.4727646413,37.4095497137,000,0,NONE,0,0,0,0,0,0,0.0,1
1667,-121.916237714,37.4255440754,000,0,NONE,0,0,0,0,0,0,0.0,0
1668,-77.6225307201,37.4289821044,000,0,NONE,0,0,0,0,0,0,0.0,0
1669,-85.8837001737,37.4381189206,001,3,L,696864,694960,694960,694960,696864,3200000,450493.15068493155,1
1670,-77.4258987202,37.4427790941,000,0,NONE,0,0,0,0,0,0,0.0,1
1671,-121.171457981,37.4518086849,000,0,NONE,0,0,0,0,0,0,0.0,1
1672,-77.310572708,37.4624170824,000,0,NONE,0,0,0,0,0,0,0.0,0
1673,-77.6414937106,37.4628670959,000,0,NONE,0,0,0,0,0,0,0.0,0
1674,-81.0716263667,37.4770862058,010,2,M,345870,344925,344925,344925,345870,1750000,250273.97260273973,1
1675,-79.7885470956,37.4779849046,000,0,NONE,0,0,0,0,0,0,0.0,1
1676,-76.9226613435,37.4791085184,010,2,M,345870,344925,344925,344925,345870,1750000,250273.97260273973,1
1677,-82.5149667167,37.4795351092,100,1,S,131394,131035,131035,131035,131394,850000,125136.98630136986,1
1678,-89.6642992436,37.4805709447,000,0,NONE,0,0,0,0,0,0,0.0,1
1679,-122.180738732,37.483351072,000,0,NONE,0,0,0,0,0,0,0.0,0
1680,-92.849356907,37.4892723828,100,1,S,131394,131035,131035,131035,131394,850000,125136.98630136986,1
1681,-77.5596927127,37.4953120957,000,0,NONE,0,0,0,0,0,0,0.0,0
1682,-122.337833728,37.506337096,000,0,NONE,0,0,0,0,0,0,0.0,0
1683,-77.683460724,37.5092260772,000,0,NONE,0,0,0,0,0,0,0.0,0
1684,-86.1517342377,37.5125990349,001,3,L,696864,694960,694960,694960,696864,3200000,450493.15068493155,1
1685,-77.2704147455,37.5203951102,100,1,S,131394,131035,131035,131035,131394,850000,125136.98630136986,1
1686,-77.529128717,37.5260380809,000,0,NONE,0,0,0,0,0,0,0.0,0
1687,-121.945862116,37.5266753135,000,0,NONE,0,0,0,0,0,0,0.0,0
1688,-77.4296877268,37.531411111,100,1,S,131394,131035,131035,131035,131394,850000,125136.98630136986,1
1689,-77.4330177212,37.5331210847,000,0,NONE,0,0,0,0,0,0,0.0,0
1690,-77.4387687274,37.5360911029,000,0,NONE,0,0,0,0,0,0,0.0,0
1691,-77.4907077259,37.5450641102,000,0,NONE,0,0,0,0,0,0,0.0,0
1692,-77.4347007385,37.5494650767,000,0,NONE,0,0,0,0,0,0,0.0,1
1693,-77.4803487239,37.5501760726,000,0,NONE,0,0,0,0,0,0,0.0,0
1694,-122.295785719,37.553182088,000,0,NONE,0,0,0,0,0,0,0.0,0
1695,-77.4100497376,37.555810086,000,0,NONE,0,0,0,0,0,0,0.0,1
1696,-77.4902577123,37.5561881034,000,0,NONE,0,0,0,0,0,0,0.0,0
1697,-75.804145607,37.5568096986,100,1,S,131394,131035,131035,131035,131394,850000,125136.98630136986,1
1698,-82.6398376071,37.5583307688,000,0,NONE,0,0,0,0,0,0,0.0,1
1699,-86.9424571528,37.5599068261,000,0,NONE,0,0,0,0,0,0,0.0,1
1700,-122.038448742,37.5633611014,000,0,NONE,0,0,0,0,0,0,0.0,0
1701,-84.3144156032,37.5718191947,100,1,S,131394,131035,131035,131035,131394,850000,125136.98630136986,1
1702,-77.4697917353,37.5838270794,100,1,S,131394,131035,131035,131035,131394,850000,125136.98630136986,1
1703,-122.453843738,37.4939081029,000,0,NONE,0,0,0,0,0,0,0.0,0
1704,-122.515056803,37.584439783,000,0,NONE,0,0,0,0,0,0,0.0,0
1705,-87.4877297619,37.5845500318,000,0,NONE,0,0,0,0,0,0,0.0,1
1706,-77.4765507178,37.5879311076,001,3,L,696864,694960,694960,694960,696864,3200000,450493.15068493155,1
1707,-120.954862054,37.5898716135,000,0,NONE,0,0,0,0,0,0,0.0,1
1708,-79.0348570024,37.590061428,000,0,NONE,0,0,0,0,0,0,0.0,1
1709,-77.4689007086,37.5901990863,000,0,NONE,0,0,0,0,0,0,0.0,1
1710,-121.342640709,37.597822097,000,0,NONE,0,0,0,0,0,0,0.0,1
1711,-97.3229997294,37.6017190969,001,3,L,696864,694960,694960,694960,696864,3200000,450493.15068493155,1
1712,-88.9971807217,37.6037350927,000,0,NONE,0,0,0,0,0,0,0.0,1
1713,-122.197438298,37.6040636924,000,0,NONE,0,0,0,0,0,0,0.0,0
1714,-77.3608647294,37.6074611035,000,0,NONE,0,0,0,0,0,0,0.0,1
1715,-122.397224748,37.6143460775,000,0,NONE,0,0,0,0,0,0,0.0,0
1716,-97.3287777332,37.6152731014,100,1,S,131394,131035,131035,131035,131394,850000,125136.98630136986,1
1717,-77.5542297306,37.6239580855,000,0,NONE,0,0,0,0,0,0,0.0,1
1718,-79.5831356684,37.6251225097,010,2,M,345870,344925,344925,344925,345870,1750000,250273.97260273973,1
1719,-122.430992747,37.6271620885,000,0,NONE,0,0,0,0,0,0,0.0,0
1720,-113.117924505,37.6291836592,100,1,S,131394,131035,131035,131035,131394,850000,125136.98630136986,1
1721,-122.404046727,37.6331290803,000,0,NONE,0,0,0,0,0,0,0.0,0
1722,-77.4518367212,37.635784076,010,2,M,345870,344925,344925,344925,345870,1750000,250273.97260273973,1
1723,-77.4239637192,37.6402210827,000,0,NONE,0,0,0,0,0,0,0.0,0
1724,-77.4135777195,37.6447660828,010,2,M,345870,344925,344925,344925,345870,1750000,250273.97260273973,1
1725,-122.093888724,37.6448200799,000,0,NONE,0,0,0,0,0,0,0.0,0
1726,-77.6053317409,37.6555121017,000,0,NONE,0,0,0,0,0,0,0.0,1
1727,-82.7839497373,37.657060085,100,1,S,131394,131035,131035,131035,131394,850000,125136.98630136986,1
1728,-104.793431742,37.6571770778,000,0,NONE,0,0,0,0,0,0,0.0,1
1729,-77.4506037174,37.6576450894,100,1,S,131394,131035,131035,131035,131394,850000,125136.98630136986,1
1730,-82.9033204478,37.6654044041,100,1,S,131394,131035,131035,131035,131394,850000,125136.98630136986,1
1731,-121.452881772,37.6693559838,100,1,S,131394,131035,131035,131035,131394,850000,125136.98630136986,1
1732,-77.6464347271,37.6702630706,010,2,M,345870,344925,344925,344925,345870,1750000,250273.97260273973,1
1733,-97.4011287125,37.6732420884,000,0,NONE,0,0,0,0,0,0,0.0,0
1734,-85.8493857065,37.6752670828,000,0,NONE,0,0,0,0,0,0,0.0,1
1735,-122.471753712,37.6788491032,000,0,NONE,0,0,0,0,0,0,0.0,0
1736,-97.3127127235,37.6791010869,010,2,M,345870,344925,344925,344925,345870,1750000,250273.97260273973,1
1737,-85.8617067072,37.6794161087,000,0,NONE,0,0,0,0,0,0,0.0,1
1738,-97.186037732,37.6829890873,000,0,NONE,0,0,0,0,0,0,0.0,1
1739,-122.137358725,37.6901530858,000,0,NONE,0,0,0,0,0,0,0.0,0
1740,-122.098505719,37.6902430801,000,0,NONE,0,0,0,0,0,0,0.0,0
1741,-121.922609722,37.7006830759,001,3,L,696864,694960,694960,694960,696864,3200000,450493.15068493155,1
1742,-85.8343557139,37.7023030975,100,1,S,131394,131035,131035,131035,131394,850000,125136.98630136986,1
1743,-121.738075989,37.7030262451,010,2,M,345870,344925,344925,344925,345870,1750000,250273.97260273973,1
1744,-89.8889277152,37.7057230862,001,3,L,696864,694960,694960,694960,696864,3200000,450493.15068493155,1
1745,-85.8799047478,37.7193580854,000,0,NONE,0,0,0,0,0,0,0.0,0
1746,-81.1900407444,37.7266120782,100,1,S,131394,131035,131035,131035,131394,850000,125136.98630136986,1
1747,-83.0139447199,37.731796078,000,0,NONE,0,0,0,0,0,0,0.0,1
1748,-122.406728721,37.735252107,000,0,NONE,0,0,0,0,0,0,0.0,0
1749,-87.0731967131,37.7406070958,100,1,S,131394,131035,131035,131035,131394,850000,125136.98630136986,1
1750,-121.561691729,37.7426770879,010,2,M,345870,344925,344925,344925,345870,1750000,250273.97260273973,1
1751,-97.3192287218,37.7433970833,001,3,L,696864,694960,694960,694960,696864,3200000,450493.15068493155,1
1752,-83.0841177148,37.751767088,000,0,NONE,0,0,0,0,0,0,0.0,1
1753,-92.5565423307,37.7548623899,000,0,NONE,0,0,0,0,0,0,0.0,1
1754,-121.448514818,37.7599244003,000,0,NONE,0,0,0,0,0,0,0.0,1
1755,-83.3241257103,37.7602771342,100,1,S,131394,131035,131035,131035,131394,850000,125136.98630136986,1
1756,-97.3217487265,37.7617750702,000,0,NONE,0,0,0,0,0,0,0.0,1
1757,-77.1177436775,37.7624707614,000,0,NONE,0,0,0,0,0,0,0.0,0
1758,-87.1633767142,37.7655910753,000,0,NONE,0,0,0,0,0,0,0.0,1
1759,-83.5687947203,37.741426085,100,1,S,131394,131035,131035,131035,131394,850000,125136.98630136986,1
1760,-121.332173715,37.7669230728,001,3,L,696864,694960,694960,694960,696864,3200000,450493.15068493155,1
1761,-122.405054746,37.7672560936,000,0,NONE,0,0,0,0,0,0,0.0,0
1762,-87.3666214084,37.754534926,000,0,NONE,0,0,0,0,0,0,0.0,1
1763,-122.397638721,37.7716031061,000,0,NONE,0,0,0,0,0,0,0.0,0
1764,-121.187498713,37.7820521014,001,3,L,696864,694960,694960,694960,696864,3200000,450493.15068493155,1
1765,-122.17831772,37.7838971083,000,0,NONE,0,0,0,0,0,0,0.0,0
1766,-122.393561734,37.7843920762,000,0,NONE,0,0,0,0,0,0,0.0,0
1767,-122.392553714,37.7851120717,000,0,NONE,0,0,0,0,0,0,0.0,0
1768,-122.389188329,37.7877395975,000,0,NONE,0,0,0,0,0,0,0.0,0
1769,-85.4415509764,37.7880560842,000,0,NONE,0,0,0,0,0,0,0.0,1
1770,-82.806606318,37.7887359645,000,0,NONE,0,0,0,0,0,0,0.0,1
1771,-121.300934721,37.7909981111,010,2,M,345870,344925,344925,344925,345870,1750000,250273.97260273973,1
1772,-80.8681303192,37.7923601505,100,1,S,131394,131035,131035,131035,131394,850000,125136.98630136986,1
1773,-79.397744739,37.7942651097,000,0,NONE,0,0,0,0,0,0,0.0,1
1774,-87.558809742,37.7977750917,010,2,M,345870,344925,344925,344925,345870,1750000,250273.97260273973,1
1775,-75.5994002222,37.7984061101,010,2,M,345870,344925,344925,344925,345870,1750000,250273.97260273973,1
1776,-77.4604219138,37.7984715762,001,3,L,696864,694960,694960,694960,696864,3200000,450493.15068493155,1
1777,-122.279432728,37.8005380816,000,0,NONE,0,0,0,0,0,0,0.0,0
1778,-122.280431747,37.8027161083,000,0,NONE,0,0,0,0,0,0,0.0,0
1779,-121.991522151,37.8073491214,000,0,NONE,0,0,0,0,0,0,0.0,1
1780,-87.5638587086,37.8099251035,010,2,M,345870,344925,344925,344925,345870,1750000,250273.97260273973,1
1781,-77.9374627588,37.8122852779,010,2,M,345870,344925,344925,344925,345870,1750000,250273.97260273973,1
1782,-96.9095241114,37.8144389699,100,1,S,131394,131035,131035,131035,131394,850000,125136.98630136986,1
1783,-84.3247100608,37.8193406123,001,3,L,696864,694960,694960,694960,696864,3200000,450493.15068493155,1
1784,-92.1435807428,37.8235961008,000,0,NONE,0,0,0,0,0,0,0.0,1
1785,-92.1173817163,37.770991104,000,0,NONE,0,0,0,0,0,0,0.0,0
1786,-80.2750563205,37.7962412431,010,2,M,345870,344925,344925,344925,345870,1750000,250273.97260273973,1
1787,-79.9648527436,37.7731060927,100,1,S,131394,131035,131035,131035,131394,850000,125136.98630136986,1
1788,-122.268101747,37.8245770795,000,0,NONE,0,0,0,0,0,0,0.0,0
1789,-92.1679077225,37.824838105,000,0,NONE,0,0,0,0,0,0,0.0,1
1790,-122.305883738,37.8254951038,000,0,NONE,0,0,0,0,0,0,0.0,0
1791,-122.291411708,37.8276910882,000,0,NONE,0,0,0,0,0,0,0.0,0
1792,-122.292545719,37.8283570865,000,0,NONE,0,0,0,0,0,0,0.0,0
1793,-88.9456825934,37.8299400039,000,0,NONE,0,0,0,0,0,0,0.0,1
1794,-79.6670918699,37.8181080491,000,0,NONE,0,0,0,0,0,0,0.0,1
1795,-122.294012708,37.8320471002,000,0,NONE,0,0,0,0,0,0,0.0,0
1796,-122.485604741,37.8423995902,000,0,NONE,0,0,0,0,0,0,0.0,0
1797,-78.8238076903,37.8436772714,100,1,S,131394,131035,131035,131035,131394,850000,125136.98630136986,1
1798,-81.2426689131,37.8463897328,001,3,L,696864,694960,694960,694960,696864,3200000,450493.15068493155,1
1799,-83.8677378535,37.8376382546,000,0,NONE,0,0,0,0,0,0,0.0,1
1800,-122.228672737,37.8491380862,000,0,NONE,0,0,0,0,0,0,0.0,0
1801,-112.838919977,37.8515858069,100,1,S,131394,131035,131035,131035,131394,850000,125136.98630136986,1
1802,-87.5732457314,37.8574720928,010,2,M,345870,344925,344925,344925,345870,1750000,250273.97260273973,1
1803,-121.219272128,37.8677451708,010,2,M,345870,344925,344925,344925,345870,1750000,250273.97260273973,1
1804,-80.5683334451,37.8801050033,100,1,S,131394,131035,131035,131035,131394,850000,125136.98630136986,1
1805,-85.7007614033,37.8826948719,001,3,L,696864,694960,694960,694960,696864,3200000,450493.15068493155,1
1806,-122.30890771,37.8856150767,000,0,NONE,0,0,0,0,0,0,0.0,0
1807,-76.8719397465,37.8961181114,000,0,NONE,0,0,0,0,0,0,0.0,0
1808,-122.071919718,37.897639097,001,3,L,696864,694960,694960,694960,696864,3200000,450493.15068493155,1
1809,-85.0610377076,37.9030606096,010,2,M,345870,344925,344925,344925,345870,1750000,250273.97260273973,1
1810,-82.7358357434,37.916053081,000,0,NONE,0,0,0,0,0,0,0.0,1
1811,-85.9850967433,37.9161340757,000,0,NONE,0,0,0,0,0,0,0.0,0
1812,-122.3526126,37.9216653164,000,0,NONE,0,0,0,0,0,0,0.0,0
1813,-122.360081716,37.9236040965,000,0,NONE,0,0,0,0,0,0,0.0,0
1814,-122.362970739,37.9253501095,000,0,NONE,0,0,0,0,0,0,0.0,0
1815,-104.821257788,37.9273708817,000,0,NONE,0,0,0,0,0,0,0.0,1
1816,-76.8615177075,37.9288780915,000,0,NONE,0,0,0,0,0,0,0.0,0
1817,-77.4707457154,37.9361320833,010,2,M,345870,344925,344925,344925,345870,1750000,250273.97260273973,1
1818,-87.5433927316,37.9428190706,100,1,S,131394,131035,131035,131035,131394,850000,125136.98630136986,1
1819,-90.1384087511,37.9449848845,100,1,S,131394,131035,131035,131035,131394,850000,125136.98630136986,1
1820,-91.8291161978,37.9382627868,000,0,NONE,0,0,0,0,0,0,0.0,1
1821,-79.214296241,37.9471508639,100,1,S,131394,131035,131035,131035,131394,850000,125136.98630136986,1
1822,-121.300682737,37.9481561036,100,1,S,131394,131035,131035,131035,131394,850000,125136.98630136986,1
1823,-122.052524713,37.9591091087,100,1,S,131394,131035,131035,131035,131394,850000,125136.98630136986,1
1824,-121.241948716,37.961251096,100,1,S,131394,131035,131035,131035,131394,850000,125136.98630136986,1
1825,-122.509850725,37.9621240814,000,0,NONE,0,0,0,0,0,0,0.0,0
1826,-76.7141779195,37.9503550584,000,0,NONE,0,0,0,0,0,0,0.0,0
1827,-76.5598557429,37.9694050718,000,0,NONE,0,0,0,0,0,0,0.0,0
1828,-81.2814447084,37.9719970726,100,1,S,131394,131035,131035,131035,131394,850000,125136.98630136986,1
1829,-78.2180279753,37.9788037534,000,0,NONE,0,0,0,0,0,0,0.0,1
1830,-122.297035287,37.9942052658,000,0,NONE,0,0,0,0,0,0,0.0,0
1831,-122.06978673,37.9946680749,001,3,L,696864,694960,694960,694960,696864,3200000,450493.15068493155,1
1832,-122.036432747,38.0057110742,000,0,NONE,0,0,0,0,0,0,0.0,0
1833,-96.6790316428,38.0105139683,001,3,L,696864,694960,694960,694960,696864,3200000,450493.15068493155,1
1834,-87.4733660492,38.0125357549,000,0,NONE,0,0,0,0,0,0,0.0,1
1835,-121.890945243,38.0176581278,000,0,NONE,0,0,0,0,0,0,0.0,0
1836,-121.753841724,38.0050360764,000,0,NONE,0,0,0,0,0,0,0.0,0
1837,-84.1486827377,38.0195711018,000,0,NONE,0,0,0,0,0,0,0.0,1
1838,-121.750403737,38.0196880937,000,0,NONE,0,0,0,0,0,0,0.0,0
1839,-78.5366697345,38.0207321104,100,1,S,131394,131035,131035,131035,131394,850000,125136.98630136986,1
1840,-78.5287767411,38.0267081018,100,1,S,131394,131035,131035,131035,131394,850000,125136.98630136986,1
1841,-84.2886207249,38.0368358809,010,2,M,345870,344925,344925,344925,345870,1750000,250273.97260273973,1
1842,-78.5066007068,38.0400190798,001,3,L,696864,694960,694960,694960,696864,3200000,450493.15068493155,1
1843,-84.4198707421,38.041072096,000,0,NONE,0,0,0,0,0,0,0.0,1
1844,-84.454034715,38.0430880909,000,0,NONE,0,0,0,0,0,0,0.0,1
1845,-91.4881783618,38.0441134988,000,0,NONE,0,0,0,0,0,0,0.0,1
1846,-84.5653377351,38.045923076,000,0,NONE,0,0,0,0,0,0,0.0,1
1847,-84.6811677149,38.0469310946,000,0,NONE,0,0,0,0,0,0,0.0,1
1848,-78.8029042488,38.043054111,010,2,M,345870,344925,344925,344925,345870,1750000,250273.97260273973,1
1849,-122.129051716,38.0482720917,100,1,S,131394,131035,131035,131035,131394,850000,125136.98630136986,1
1850,-84.4316967326,38.0546980957,000,0,NONE,0,0,0,0,0,0,0.0,1
1851,-77.3504697303,38.055553083,000,0,NONE,0,0,0,0,0,0,0.0,0
1852,-77.3406147381,38.0595040791,000,0,NONE,0,0,0,0,0,0,0.0,0
1853,-88.9242869188,38.0604259579,100,1,S,131394,131035,131035,131035,131394,850000,125136.98630136986,1
1854,-84.7379307371,38.0688191057,000,0,NONE,0,0,0,0,0,0,0.0,0
1855,-97.3287031371,38.073865994,100,1,S,131394,131035,131035,131035,131394,850000,125136.98630136986,1
1856,-75.5785659935,38.0789219232,100,1,S,131394,131035,131035,131035,131394,850000,125136.98630136986,1
1857,-122.230427707,38.0916340993,000,0,NONE,0,0,0,0,0,0,0.0,0
1858,-85.8755037382,38.0929660969,000,0,NONE,0,0,0,0,0,0,0.0,0
1859,-85.7016237362,38.1139000865,010,2,M,345870,344925,344925,344925,345870,1750000,250273.97260273973,1
1860,-84.5262147476,38.1162491022,000,0,NONE,0,0,0,0,0,0,0.0,1
1861,-79.0476897147,38.1211090817,000,0,NONE,0,0,0,0,0,0,0.0,1
1862,-83.7753072549,38.1239366312,001,3,L,696864,694960,694960,694960,696864,3200000,450493.15068493155,1
1863,-82.6324892997,38.1340581896,010,2,M,345870,344925,344925,344925,345870,1750000,250273.97260273973,1
1864,-122.564079214,38.1343560217,000,0,NONE,0,0,0,0,0,0,0.0,0
1865,-81.434384332,38.1326022385,000,0,NONE,0,0,0,0,0,0,0.0,1
1866,-77.5090595694,38.1395875885,001,3,L,696864,694960,694960,694960,696864,3200000,450493.15068493155,1
1867,-85.5809375442,38.140092815,000,0,NONE,0,0,0,0,0,0,0.0,0
1868,-121.398573165,38.1403525365,000,0,NONE,0,0,0,0,0,0,0.0,1
1869,-104.655938781,38.1470913671,010,2,M,345870,344925,344925,344925,345870,1750000,250273.97260273973,1
1870,-112.614080727,38.148154095,010,2,M,345870,344925,344925,344925,345870,1750000,250273.97260273973,1
1871,-84.6636975334,38.1592888297,000,0,NONE,0,0,0,0,0,0,0.0,1
1872,-87.4697997067,38.1696820878,100,1,S,131394,131035,131035,131035,131394,850000,125136.98630136986,1
1873,-87.5503767416,38.1680531098,100,1,S,131394,131035,131035,131035,131394,850000,125136.98630136986,1
1874,-84.8113707298,38.1738490704,000,0,NONE,0,0,0,0,0,0,0.0,1
1875,-85.1569763052,38.1720605679,010,2,M,345870,344925,344925,344925,345870,1750000,250273.97260273973,1
1876,-121.262254519,38.1804795803,000,0,NONE,0,0,0,0,0,0,0.0,1
1877,-90.384665863,38.1815709229,000,0,NONE,0,0,0,0,0,0,0.0,1
1878,-85.8133407296,38.1851710934,000,0,NONE,0,0,0,0,0,0,0.0,0
1879,-85.7299827067,38.1900851113,000,0,NONE,0,0,0,0,0,0,0.0,1
1880,-87.893332631,38.1972020789,001,3,L,696864,694960,694960,694960,696864,3200000,450493.15068493155,1
1881,-96.4433974361,38.1989295012,100,1,S,131394,131035,131035,131035,131394,850000,125136.98630136986,1
1882,-87.0684303611,38.1994298066,000,0,NONE,0,0,0,0,0,0,0.0,1
1883,-91.1693827853,38.2142314865,010,2,M,345870,344925,344925,344925,345870,1750000,250273.97260273973,1
1884,-122.137862734,38.2166080754,010,2,M,345870,344925,344925,344925,345870,1750000,250273.97260273973,1
1885,-85.5048927426,38.2224580745,100,1,S,131394,131035,131035,131035,131394,850000,125136.98630136986,1
1886,-86.6683816375,38.2330959436,100,1,S,131394,131035,131035,131035,131394,850000,125136.98630136986,1
1887,-85.6229547453,38.238145109,010,2,M,345870,344925,344925,344925,345870,1750000,250273.97260273973,1
1888,-77.14809615,38.2424096195,000,0,NONE,0,0,0,0,0,0,0.0,0
1889,-86.276111725,38.2513840927,100,1,S,131394,131035,131035,131035,131394,850000,125136.98630136986,1
1890,-86.0598160396,38.2497782678,000,0,NONE,0,0,0,0,0,0,0.0,1
1891,-88.2362738534,38.252923062,010,2,M,345870,344925,344925,344925,345870,1750000,250273.97260273973,1
1892,-83.4294200784,38.2557301501,000,0,NONE,0,0,0,0,0,0,0.0,1
1893,-85.7416827472,38.2580710791,100,1,S,131394,131035,131035,131035,131394,850000,125136.98630136986,1
1894,-85.7261577444,38.2617070966,000,0,NONE,0,0,0,0,0,0,0.0,1
1895,-88.5859847809,38.2662158207,100,1,S,131394,131035,131035,131035,131394,850000,125136.98630136986,1
1896,-97.5708048147,38.2742426899,010,2,M,345870,344925,344925,344925,345870,1750000,250273.97260273973,1
1897,-88.9360077327,38.2750900699,100,1,S,131394,131035,131035,131035,131394,850000,125136.98630136986,1
1898,-85.8092727407,38.2758821028,100,1,S,131394,131035,131035,131035,131394,850000,125136.98630136986,1
1899,-122.679535671,38.2793231445,000,0,NONE,0,0,0,0,0,0,0.0,0
1900,-85.6461747126,38.2887251114,000,0,NONE,0,0,0,0,0,0,0.0,1
1901,-122.036205744,38.2891025011,001,3,L,696864,694960,694960,694960,696864,3200000,450493.15068493155,1
1902,-75.6359517306,38.2999390997,000,0,NONE,0,0,0,0,0,0,0.0,1
1903,-85.8500157077,38.3033320898,001,3,L,696864,694960,694960,694960,696864,3200000,450493.15068493155,1
1904,-81.5631357475,38.3089391056,100,1,S,131394,131035,131035,131035,131394,850000,125136.98630136986,1
1905,-85.5820677456,38.3149330951,010,2,M,345870,344925,344925,344925,345870,1750000,250273.97260273973,1
1906,-81.5618937442,38.3166881077,010,2,M,345870,344925,344925,344925,345870,1750000,250273.97260273973,1
1907,-85.6220097224,38.3230780723,000,0,NONE,0,0,0,0,0,0,0.0,0
1908,-78.3058135809,38.3239406903,000,0,NONE,0,0,0,0,0,0,0.0,1
1909,-83.0591522587,38.3261935415,100,1,S,131394,131035,131035,131035,131394,850000,125136.98630136986,1
1910,-88.9564557116,38.3362810993,000,0,NONE,0,0,0,0,0,0,0.0,1
1911,-77.4920037254,38.3406100714,010,2,M,345870,344925,344925,344925,345870,1750000,250273.97260273973,1
1912,-85.7543007292,38.3456500817,100,1,S,131394,131035,131035,131035,131394,850000,125136.98630136986,1
1913,-87.5983557445,38.3481070907,000,0,NONE,0,0,0,0,0,0,0.0,1
1914,-85.7063037272,38.3458210707,000,0,NONE,0,0,0,0,0,0,0.0,0
1915,-76.579386354,38.3533110878,000,0,NONE,0,0,0,0,0,0,0.0,0
1916,-76.453367747,38.2653250719,000,0,NONE,0,0,0,0,0,0,0.0,0
1917,-121.47238901,38.3543374679,000,0,NONE,0,0,0,0,0,0,0.0,1
1918,-81.6320937367,38.3590510962,010,2,M,345870,344925,344925,344925,345870,1750000,250273.97260273973,1
1919,-112.661927025,38.3653072993,000,0,NONE,0,0,0,0,0,0,0.0,1
1920,-75.5956497345,38.3679161102,010,2,M,345870,344925,344925,344925,345870,1750000,250273.97260273973,1
1921,-121.953182717,38.3734240899,001,3,L,696864,694960,694960,694960,696864,3200000,450493.15068493155,1
1922,-84.5701568845,38.3738881869,000,0,NONE,0,0,0,0,0,0,0.0,1
1923,-82.6790367241,38.3742520778,000,0,NONE,0,0,0,0,0,0,0.0,1
1924,-121.360434765,38.3751153064,001,3,L,696864,694960,694960,694960,696864,3200000,450493.15068493155,1
1925,-81.6066057485,38.3752420982,100,1,S,131394,131035,131035,131035,131394,850000,125136.98630136986,1
1926,-82.6069017304,38.3795891107,100,1,S,131394,131035,131035,131035,131394,850000,125136.98630136986,1
1927,-78.9159530923,38.3857702636,001,3,L,696864,694960,694960,694960,696864,3200000,450493.15068493155,1
1928,-89.339405644,38.3909001647,010,2,M,345870,344925,344925,344925,345870,1750000,250273.97260273973,1
1929,-75.572465723,38.3955100886,000,0,NONE,0,0,0,0,0,0,0.0,1
1930,-76.9530487952,38.3998200239,000,0,NONE,0,0,0,0,0,0,0.0,0
1931,-104.614567228,38.4081265427,000,0,NONE,0,0,0,0,0,0,0.0,1
1932,-82.3472210885,38.41500979,001,3,L,696864,694960,694960,694960,696864,3200000,450493.15068493155,1
1933,-96.2372487339,38.4154271015,001,3,L,696864,694960,694960,694960,696864,3200000,450493.15068493155,1
1934,-76.717004736,38.427676107,000,0,NONE,0,0,0,0,0,0,0.0,0
1935,-82.6967937084,38.4281080783,000,0,NONE,0,0,0,0,0,0,0.0,1
1936,-95.8697614291,38.4275489123,000,0,NONE,0,0,0,0,0,0,0.0,1
1937,-81.8256747236,38.4305740868,000,0,NONE,0,0,0,0,0,0,0.0,1
1938,-90.9101487287,38.4389170929,100,1,S,131394,131035,131035,131035,131394,850000,125136.98630136986,1
1939,-82.0842169093,38.4206249725,000,0,NONE,0,0,0,0,0,0,0.0,1
1940,-78.0087117161,38.4458651058,001,3,L,696864,694960,694960,694960,696864,3200000,450493.15068493155,1
1941,-122.726282745,38.4598330835,000,0,NONE,0,0,0,0,0,0,0.0,0
1942,-77.6690186723,38.4614885636,000,0,NONE,0,0,0,0,0,0,0.0,0
1943,-75.7961841239,38.4688696972,000,0,NONE,0,0,0,0,0,0,0.0,0
1944,-95.5004404094,38.4804132709,000,0,NONE,0,0,0,0,0,0,0.0,1
1945,-85.2526770483,38.4970752199,100,1,S,131394,131035,131035,131035,131394,850000,125136.98630136986,1
1946,-90.3394677455,38.5038430914,001,3,L,696864,694960,694960,694960,696864,3200000,450493.15068493155,1
1947,-90.6711267057,38.5055162018,100,1,S,131394,131035,131035,131035,131394,850000,125136.98630136986,1
1948,-77.8733353844,38.5075268737,001,3,L,696864,694960,694960,694960,696864,3200000,450493.15068493155,1
1949,-85.7722331928,38.5137834814,100,1,S,131394,131035,131035,131035,131394,850000,125136.98630136986,1
1950,-121.776300171,38.5139018916,000,0,NONE,0,0,0,0,0,0,0.0,1
1951,-89.7002756535,38.5175634993,100,1,S,131394,131035,131035,131035,131394,850000,125136.98630136986,1
1952,-90.1999000354,38.5186854314,000,0,NONE,0,0,0,0,0,0,0.0,0
1953,-75.5569862853,38.5230607941,000,0,NONE,0,0,0,0,0,0,0.0,1
1954,-81.3481612283,38.5243448767,000,0,NONE,0,0,0,0,0,0,0.0,1
1955,-76.7968038942,38.5461189797,000,0,NONE,0,0,0,0,0,0,0.0,0
1956,-90.4272807328,38.5485550956,010,2,M,345870,344925,344925,344925,345870,1750000,250273.97260273973,1
1957,-76.0129797307,38.5524880927,000,0,NONE,0,0,0,0,0,0,0.0,0
1958,-121.473428729,38.5586800697,000,0,NONE,0,0,0,0,0,0,0.0,1
1959,-81.636206805,38.5650919607,100,1,S,131394,131035,131035,131035,131394,850000,125136.98630136986,1
1960,-121.51088674,38.568382072,000,0,NONE,0,0,0,0,0,0,0.0,1
1961,-97.6210077205,38.5684114816,010,2,M,345870,344925,344925,344925,345870,1750000,250273.97260273973,1
1962,-77.3325584988,38.5709233366,010,2,M,345870,344925,344925,344925,345870,1750000,250273.97260273973,1
1963,-121.563491738,38.5762391096,001,3,L,696864,694960,694960,694960,696864,3200000,450493.15068493155,1
1964,-112.60331671,38.577094096,100,1,S,131394,131035,131035,131035,131394,850000,125136.98630136986,1
1965,-81.0571382444,38.5971129013,100,1,S,131394,131035,131035,131035,131394,850000,125136.98630136986,1
1966,-112.316795421,38.5796770973,010,2,M,345870,344925,344925,344925,345870,1750000,250273.97260273973,1
1967,-96.0573566958,38.6102961828,000,0,NONE,0,0,0,0,0,0,0.0,1
1968,-90.2087877195,38.6103850835,000,0,NONE,0,0,0,0,0,0,0.0,1
1969,-121.953643155,38.6105024243,100,1,S,131394,131035,131035,131035,131394,850000,125136.98630136986,1
1970,-78.7103205847,38.6106785143,001,3,L,696864,694960,694960,694960,696864,3200000,450493.15068493155,1
1971,-90.069161726,38.6189260772,000,0,NONE,0,0,0,0,0,0,0.0,1
1972,-90.1892577236,38.6204201065,000,0,NONE,0,0,0,0,0,0,0.0,1
1973,-77.8005417066,38.6208610774,100,1,S,131394,131035,131035,131035,131394,850000,125136.98630136986,1
1974,-87.5340787985,38.6215103942,100,1,S,131394,131035,131035,131035,131394,850000,125136.98630136986,1
1975,-80.7521367356,38.6185750997,100,1,S,131394,131035,131035,131035,131394,850000,125136.98630136986,1
1976,-121.517357742,38.6250730989,001,3,L,696864,694960,694960,694960,696864,3200000,450493.15068493155,1
1977,-76.9105857238,38.62616207,000,0,NONE,0,0,0,0,0,0,0.0,0
1978,-82.871938909,38.6268194897,100,1,S,131394,131035,131035,131035,131394,850000,125136.98630136986,1
1979,-84.5746848613,38.628355119,100,1,S,131394,131035,131035,131035,131394,850000,125136.98630136986,1
1980,-90.3439947466,38.6293570735,000,0,NONE,0,0,0,0,0,0,0.0,1
1981,-90.1440867071,38.6332090766,000,0,NONE,0,0,0,0,0,0,0.0,1
1982,-90.4490427103,38.6386631015,000,0,NONE,0,0,0,0,0,0,0.0,1
1983,-90.1877997337,38.6413450957,010,2,M,345870,344925,344925,344925,345870,1750000,250273.97260273973,1
1984,-121.177118907,38.6424685657,000,0,NONE,0,0,0,0,0,0,0.0,0
1985,-75.5935167468,38.6436040758,001,3,L,696864,694960,694960,694960,696864,3200000,450493.15068493155,1
1986,-122.873013347,38.6465196068,000,0,NONE,0,0,0,0,0,0,0.0,0
1987,-121.375481726,38.6465200969,001,3,L,696864,694960,694960,694960,696864,3200000,450493.15068493155,1
1988,-88.9727457901,38.6492286364,000,0,NONE,0,0,0,0,0,0,0.0,1
1989,-90.1200387097,38.6519470819,000,0,NONE,0,0,0,0,0,0,0.0,1
1990,-95.1935015343,38.6536846512,001,3,L,696864,694960,694960,694960,696864,3200000,450493.15068493155,1
1991,-104.702531746,38.6651771074,001,3,L,696864,694960,694960,694960,696864,3200000,450493.15068493155,1
1992,-90.0297507153,38.6722781102,001,3,L,696864,694960,694960,694960,696864,3200000,450493.15068493155,1
1993,-121.747667243,38.6799058478,100,1,S,131394,131035,131035,131035,131394,850000,125136.98630136986,1
1994,-85.7877537475,38.6817730832,000,0,NONE,0,0,0,0,0,0,0.0,1
1995,-90.6602418126,38.6824594844,100,1,S,131394,131035,131035,131035,131394,850000,125136.98630136986,1
1996,-84.9506937695,38.6864592435,100,1,S,131394,131035,131035,131035,131394,850000,125136.98630136986,1
1997,-76.6415527297,38.6945228788,000,0,NONE,0,0,0,0,0,0,0.0,0
1998,-76.5883587462,38.5367021066,000,0,NONE,0,0,0,0,0,0,0.0,0
1999,-76.8716247248,38.6957501027,000,0,NONE,0,0,0,0,0,0,0.0,0
2000,-120.871512305,38.6993003491,000,0,NONE,0,0,0,0,0,0,0.0,0
2001,-90.3317637401,38.7284200885,001,3,L,696864,694960,694960,694960,696864,3200000,450493.15068493155,1
2002,-90.439763723,38.7486250823,010,2,M,345870,344925,344925,344925,345870,1750000,250273.97260273973,1
2003,-89.9069637241,38.7523780917,000,0,NONE,0,0,0,0,0,0,0.0,1
2004,-90.0453657124,38.7575080953,100,1,S,131394,131035,131035,131035,131394,850000,125136.98630136986,1
2005,-81.6881997169,38.7578320743,010,2,M,345870,344925,344925,344925,345870,1750000,250273.97260273973,1
2006,-120.575525714,38.7616300813,000,0,NONE,0,0,0,0,0,0,0.0,0
2007,-90.1913611911,38.767733003,010,2,M,345870,344925,344925,344925,345870,1750000,250273.97260273973,1
2008,-90.4063647422,38.7694510786,000,0,NONE,0,0,0,0,0,0,0.0,1
2009,-112.101039258,38.7709655477,100,1,S,131394,131035,131035,131035,131394,850000,125136.98630136986,1
2010,-76.0601774854,38.7747091025,000,0,NONE,0,0,0,0,0,0,0.0,0
2011,-90.3397467278,38.775832086,100,1,S,131394,131035,131035,131035,131394,850000,125136.98630136986,1
2012,-82.9848704016,38.7776867857,100,1,S,131394,131035,131035,131035,131394,850000,125136.98630136986,1
2013,-77.6657217388,38.7824740757,010,2,M,345870,344925,344925,344925,345870,1750000,250273.97260273973,1
2014,-121.218948145,38.7915409066,001,3,L,696864,694960,694960,694960,696864,3200000,450493.15068493155,1
2015,-77.1748077172,38.7917801038,010,2,M,345870,344925,344925,344925,345870,1750000,250273.97260273973,1
2016,-77.0497077074,38.7936701073,000,0,NONE,0,0,0,0,0,0,0.0,0
2017,-77.0363517318,38.7931301004,000,0,NONE,0,0,0,0,0,0,0.0,0
2018,-77.0536497462,38.7944530984,000,0,NONE,0,0,0,0,0,0,0.0,0
2019,-77.0164437185,38.7954610757,000,0,NONE,0,0,0,0,0,0,0.0,0
2020,-90.5971737407,38.7985030882,000,0,NONE,0,0,0,0,0,0,0.0,1
2021,-77.5976097364,38.7998170877,001,3,L,696864,694960,694960,694960,696864,3200000,450493.15068493155,1
2022,-90.8366187418,38.8063780827,001,3,L,696864,694960,694960,694960,696864,3200000,450493.15068493155,1
2023,-89.5717660333,38.8133828373,001,3,L,696864,694960,694960,694960,696864,3200000,450493.15068493155,1
2024,-76.7381457118,38.8140190924,000,0,NONE,0,0,0,0,0,0,0.0,0
2025,-76.9191267165,38.8194820745,000,0,NONE,0,0,0,0,0,0,0.0,0
2026,-95.8941852425,38.8205470202,001,3,L,696864,694960,694960,694960,696864,3200000,450493.15068493155,1
2027,-94.8599427077,38.8248641042,000,0,NONE,0,0,0,0,0,0,0.0,1
2028,-123.016046723,38.8264120883,000,0,NONE,0,0,0,0,0,0,0.0,0
2029,-91.2038616072,38.8258875255,001,3,L,696864,694960,694960,694960,696864,3200000,450493.15068493155,1
2030,-80.6663482293,38.8352922182,100,1,S,131394,131035,131035,131035,131394,850000,125136.98630136986,1
2031,-76.8669267348,38.839678112,000,0,NONE,0,0,0,0,0,0,0.0,0
2032,-121.940078725,38.8475891036,010,2,M,345870,344925,344925,344925,345870,1750000,250273.97260273973,1
2033,-77.4134286515,38.8498511386,000,0,NONE,0,0,0,0,0,0,0.0,1
2034,-78.5420268664,38.8526625102,000,0,NONE,0,0,0,0,0,0,0.0,1
2035,-111.298838717,38.788630097,100,1,S,131394,131035,131035,131035,131394,850000,125136.98630136986,1
2036,-110.920470053,38.8551691662,000,0,NONE,0,0,0,0,0,0,0.0,1
2037,-75.577739611,38.8576319228,000,0,NONE,0,0,0,0,0,0,0.0,1
2038,-112.45319168,38.8592740623,100,1,S,131394,131035,131035,131035,131394,850000,125136.98630136986,1
2039,-88.7589792213,38.8626985719,000,0,NONE,0,0,0,0,0,0,0.0,1
2040,-98.9096867633,38.864272193,010,2,M,345870,344925,344925,344925,345870,1750000,250273.97260273973,1
2041,-98.487214012,38.8489007818,100,1,S,131394,131035,131035,131035,131394,850000,125136.98630136986,1
2042,-77.0679507447,38.8649140742,100,1,S,131394,131035,131035,131035,131394,850000,125136.98630136986,1
2043,-111.551799135,38.864948547,100,1,S,131394,131035,131035,131035,131394,850000,125136.98630136986,1
2044,-77.0509407112,38.8657421043,000,0,NONE,0,0,0,0,0,0,0.0,1
2045,-77.0617311378,38.867345707,100,1,S,131394,131035,131035,131035,131394,850000,125136.98630136986,1
2046,-98.0677043434,38.868717702,010,2,M,345870,344925,344925,344925,345870,1750000,250273.97260273973,1
2047,-76.9879947115,38.8693240824,000,0,NONE,0,0,0,0,0,0,0.0,0
2048,-77.043731716,38.8724560902,000,0,NONE,0,0,0,0,0,0,0.0,1
2049,-97.6456317229,38.8745620803,000,0,NONE,0,0,0,0,0,0,0.0,1
2050,-76.9744767464,38.8750480901,000,0,NONE,0,0,0,0,0,0,0.0,0
2051,-77.0835207451,38.8753180729,000,0,NONE,0,0,0,0,0,0,0.0,0
2052,-77.0574927076,38.876911096,000,0,NONE,0,0,0,0,0,0,0.0,0
2053,-84.6250887324,38.8770460869,000,0,NONE,0,0,0,0,0,0,0.0,1
2054,-87.4386183102,38.8774218605,000,0,NONE,0,0,0,0,0,0,0.0,1
2055,-76.9910817216,38.8775860938,000,0,NONE,0,0,0,0,0,0,0.0,0
2056,-77.0144547212,38.8821940896,000,0,NONE,0,0,0,0,0,0,0.0,1
2057,-77.2194207277,38.8873510918,010,2,M,345870,344925,344925,344925,345870,1750000,250273.97260273973,1
2058,-76.9611747256,38.8879360963,000,0,NONE,0,0,0,0,0,0,0.0,0
2059,-77.0648457355,38.8897901026,000,0,NONE,0,0,0,0,0,0,0.0,0
2060,-77.0679777433,38.8903571072,000,0,NONE,0,0,0,0,0,0,0.0,0
2061,-77.0654757367,38.8915360734,000,0,NONE,0,0,0,0,0,0,0.0,0
2062,-77.067212708,38.8933630812,000,0,NONE,0,0,0,0,0,0,0.0,0
2063,-77.0656647247,38.8922290703,000,0,NONE,0,0,0,0,0,0,0.0,0
2064,-77.0664657149,38.8944610941,000,0,NONE,0,0,0,0,0,0,0.0,0
2065,-77.1885957064,38.9006260726,000,0,NONE,0,0,0,0,0,0,0.0,0
2066,-99.3258817512,38.9019606126,000,0,NONE,0,0,0,0,0,0,0.0,1
2067,-77.0568447074,38.9022190957,000,0,NONE,0,0,0,0,0,0,0.0,0
2068,-77.0154447408,38.9050000837,100,1,S,131394,131035,131035,131035,131394,850000,125136.98630136986,1
2069,-110.542865931,38.9049148567,100,1,S,131394,131035,131035,131035,131394,850000,125136.98630136986,1
2070,-77.9488564632,38.9054266034,100,1,S,131394,131035,131035,131035,131394,850000,125136.98630136986,1
2071,-91.56214544,38.9028892516,000,0,NONE,0,0,0,0,0,0,0.0,1
2072,-76.9549917472,38.9178160946,001,3,L,696864,694960,694960,694960,696864,3200000,450493.15068493155,1
2073,-76.931933728,38.9189681037,000,0,NONE,0,0,0,0,0,0,0.0,0
2074,-76.9351737281,38.9191120941,000,0,NONE,0,0,0,0,0,0,0.0,1
2075,-121.057970957,38.9220191185,100,1,S,131394,131035,131035,131035,131394,850000,125136.98630136986,1
2076,-89.2468853011,38.9222664842,000,0,NONE,0,0,0,0,0,0,0.0,1
2077,-77.0729637142,38.9286071102,000,0,NONE,0,0,0,0,0,0,0.0,0
2078,-77.0626767084,38.9052160703,000,0,NONE,0,0,0,0,0,0,0.0,0
2079,-97.274657573,38.9299626152,001,3,L,696864,694960,694960,694960,696864,3200000,450493.15068493155,1
2080,-77.2110957206,38.9317120772,001,3,L,696864,694960,694960,694960,696864,3200000,450493.15068493155,1
2081,-111.847505739,38.9331701084,000,0,NONE,0,0,0,0,0,0,0.0,1
2082,-104.812232744,38.9363817781,100,1,S,131394,131035,131035,131035,131394,850000,125136.98630136986,1
2083,-77.0856807314,38.9379850912,000,0,NONE,0,0,0,0,0,0,0.0,0
2084,-94.7473077314,38.9387410838,000,0,NONE,0,0,0,0,0,0,0.0,1
2085,-94.4034462849,38.9353972165,000,0,NONE,0,0,0,0,0,0,0.0,0
2086,-94.5396507312,38.9388940738,001,3,L,696864,694960,694960,694960,696864,3200000,450493.15068493155,1
2087,-85.8431911618,38.9425429138,100,1,S,131394,131035,131035,131035,131394,850000,125136.98630136986,1
2088,-76.8815157151,38.9430251006,000,0,NONE,0,0,0,0,0,0,0.0,0
2089,-91.9280626831,38.9441967374,000,0,NONE,0,0,0,0,0,0,0.0,1
2090,-76.8577467413,38.9450050984,000,0,NONE,0,0,0,0,0,0,0.0,0
2091,-76.7172837183,38.9542930852,000,0,NONE,0,0,0,0,0,0,0.0,0
2092,-93.1494438115,38.9572200421,001,3,L,696864,694960,694960,694960,696864,3200000,450493.15068493155,1
2093,-92.7473261355,38.9363154594,001,3,L,696864,694960,694960,694960,696864,3200000,450493.15068493155,1
2094,-77.415527313,38.9606389776,000,0,NONE,0,0,0,0,0,0,0.0,0
2095,-109.810139718,38.9434390739,010,2,M,345870,344925,344925,344925,345870,1750000,250273.97260273973,1
2096,-109.404668274,38.9395559901,100,1,S,131394,131035,131035,131035,131394,850000,125136.98630136986,1
2097,-77.0364687238,38.9627890822,000,0,NONE,0,0,0,0,0,0,0.0,0
2098,-77.0364687238,38.9071691118,000,0,NONE,0,0,0,0,0,0,0.0,0
2099,-77.1834387465,38.9638600965,000,0,NONE,0,0,0,0,0,0,0.0,1
2100,-92.3005857453,38.9643641062,010,2,M,345870,344925,344925,344925,345870,1750000,250273.97260273973,1
2101,-92.3514717276,38.9665420906,000,0,NONE,0,0,0,0,0,0,0.0,1
2102,-83.6452562048,38.9346454237,100,1,S,131394,131035,131035,131035,131394,850000,125136.98630136986,1
2103,-83.3262499765,38.9819683344,100,1,S,131394,131035,131035,131035,131394,850000,125136.98630136986,1
2104,-76.1689587157,38.9808880867,000,0,NONE,0,0,0,0,0,0,0.0,0
2105,-99.7381047466,38.9837410699,000,0,NONE,0,0,0,0,0,0,0.0,1
2106,-76.5762897292,38.984605098,000,0,NONE,0,0,0,0,0,0,0.0,0
2107,-93.5535793584,38.9898374841,001,3,L,696864,694960,694960,694960,696864,3200000,450493.15068493155,1
2108,-77.0361897424,38.9915981076,000,0,NONE,0,0,0,0,0,0,0.0,0
2109,-95.6926047455,38.9916071071,010,2,M,345870,344925,344925,344925,345870,1750000,250273.97260273973,1
2110,-76.8858897261,38.9918500913,100,1,S,131394,131035,131035,131035,131394,850000,125136.98630136986,1
2111,-77.0363427323,38.9920300789,000,0,NONE,0,0,0,0,0,0,0.0,0
2112,-110.188401237,38.9927271336,100,1,S,131394,131035,131035,131035,131394,850000,125136.98630136986,1
2113,-76.3799023278,38.9939039,000,0,NONE,0,0,0,0,0,0,0.0,0
2114,-95.6922717248,38.994712074,000,0,NONE,0,0,0,0,0,0,0.0,0
2115,-95.6876547304,38.9941901075,000,0,NONE,0,0,0,0,0,0,0.0,0
2116,-88.9152512755,38.9953054818,001,3,L,696864,694960,694960,694960,696864,3200000,450493.15068493155,1
2117,-90.9712344484,38.9985949311,000,0,NONE,0,0,0,0,0,0,0.0,1
2118,-96.9034303448,39.0008106754,100,1,S,131394,131035,131035,131035,131394,850000,125136.98630136986,1
2119,-81.6313405842,39.0036134575,100,1,S,131394,131035,131035,131035,131394,850000,125136.98630136986,1
2120,-123.120988079,39.0053175163,000,0,NONE,0,0,0,0,0,0,0.0,0
2121,-93.9578364406,39.0083389335,100,1,S,131394,131035,131035,131035,131394,850000,125136.98630136986,1
2122,-78.2977467413,39.0095800771,000,0,NONE,0,0,0,0,0,0,0.0,1
2123,-77.1513627224,39.0098860993,000,0,NONE,0,0,0,0,0,0,0.0,1
2124,-80.4658521151,39.0134505649,010,2,M,345870,344925,344925,344925,345870,1750000,250273.97260273973,1
2125,-77.016587709,39.015430077,001,3,L,696864,694960,694960,694960,696864,3200000,450493.15068493155,1
2126,-77.1038427317,39.0195521043,001,3,L,696864,694960,694960,694960,696864,3200000,450493.15068493155,1
2127,-76.9524357453,39.0210010938,000,0,NONE,0,0,0,0,0,0,0.0,1
2128,-76.9454517353,39.0223420918,000,0,NONE,0,0,0,0,0,0,0.0,0
2129,-100.150355156,39.0235557602,000,0,NONE,0,0,0,0,0,0,0.0,1
2130,-95.6233857317,39.0271840723,100,1,S,131394,131035,131035,131035,131394,850000,125136.98630136986,1
2131,-76.9495557213,39.0272831074,100,1,S,131394,131035,131035,131035,131394,850000,125136.98630136986,1
2132,-95.3480255591,38.9967999293,000,0,NONE,0,0,0,0,0,0,0.0,1
2133,-84.5992677233,39.0348340806,001,3,L,696864,694960,694960,694960,696864,3200000,450493.15068493155,1
2134,-77.1448827213,39.0369671106,001,3,L,696864,694960,694960,694960,696864,3200000,450493.15068493155,1
2135,-94.6731477433,39.0399910828,100,1,S,131394,131035,131035,131035,131394,850000,125136.98630136986,1
2136,-94.3622877449,39.0419170844,100,1,S,131394,131035,131035,131035,131394,850000,125136.98630136986,1
2137,-122.074517494,39.0427210172,001,3,L,696864,694960,694960,694960,696864,3200000,450493.15068493155,1
2138,-83.0261127306,39.0452290798,000,0,NONE,0,0,0,0,0,0,0.0,1
2139,-84.4602267344,39.0459220775,100,1,S,131394,131035,131035,131035,131394,850000,125136.98630136986,1
2140,-95.0824673341,39.0483550099,010,2,M,345870,344925,344925,344925,345870,1750000,250273.97260273973,1
2141,-83.95398598,39.0497050209,100,1,S,131394,131035,131035,131035,131394,850000,125136.98630136986,1
2142,-95.7786717197,39.0534100964,010,2,M,345870,344925,344925,344925,345870,1750000,250273.97260273973,1
2143,-76.6317207115,39.0566320984,000,0,NONE,0,0,0,0,0,0,0.0,0
2144,-82.7454370792,39.0115101706,000,0,NONE,0,0,0,0,0,0,0.0,1
2145,-89.7558122882,39.058436964,100,1,S,131394,131035,131035,131035,131394,850000,125136.98630136986,1
2146,-96.1597971004,39.0582186356,000,0,NONE,0,0,0,0,0,0,0.0,1
2147,-94.4906637097,39.0589720723,010,2,M,345870,344925,344925,344925,345870,1750000,250273.97260273973,1
2148,-76.6444377287,39.065308083,000,0,NONE,0,0,0,0,0,0,0.0,0
2149,-96.540054807,39.062423182,000,0,NONE,0,0,0,0,0,0,0.0,1
2150,-75.5535567288,39.0709240974,010,2,M,345870,344925,344925,344925,345870,1750000,250273.97260273973,1
2151,-76.6275627284,39.0797620715,000,0,NONE,0,0,0,0,0,0,0.0,0
2152,-84.7913350001,39.0880599379,000,0,NONE,0,0,0,0,0,0,0.0,1
2153,-88.5807777071,39.0951520833,100,1,S,131394,131035,131035,131035,131394,850000,125136.98630136986,1
2154,-84.5220387232,39.095467105,001,3,L,696864,694960,694960,694960,696864,3200000,450493.15068493155,1
2155,-84.5211207411,39.0962860933,100,1,S,131394,131035,131035,131035,131394,850000,125136.98630136986,1
2156,-94.5911667156,39.0963130919,010,2,M,345870,344925,344925,344925,345870,1750000,250273.97260273973,1
2157,-84.5214627191,39.0970420868,100,1,S,131394,131035,131035,131035,131394,850000,125136.98630136986,1
2158,-94.5722037242,39.0974831,000,0,NONE,0,0,0,0,0,0,0.0,1
2159,-120.949448747,39.097825078,000,0,NONE,0,0,0,0,0,0,0.0,1
2160,-77.5562637246,39.0986351099,000,0,NONE,0,0,0,0,0,0,0.0,0
2161,-82.4864376224,39.098910476,000,0,NONE,0,0,0,0,0,0,0.0,1
2162,-94.6227477294,39.0990580827,000,0,NONE,0,0,0,0,0,0,0.0,1
2163,-94.6312977217,39.0916870971,100,1,S,131394,131035,131035,131035,131394,850000,125136.98630136986,1
2164,-75.9575878131,39.1001901295,000,0,NONE,0,0,0,0,0,0,0.0,0
2165,-84.2842407423,39.1016050859,000,0,NONE,0,0,0,0,0,0,0.0,1
2166,-77.5740477074,39.102388077,000,0,NONE,0,0,0,0,0,0,0.0,0
2167,-94.6802667451,39.1048720837,000,0,NONE,0,0,0,0,0,0,0.0,1
2168,-94.5704577121,39.1060420927,100,1,S,131394,131035,131035,131035,131394,850000,125136.98630136986,1
2169,-94.8108747337,39.1060960889,100,1,S,131394,131035,131035,131035,131394,850000,125136.98630136986,1
2170,-94.5945327071,39.1068430828,000,0,NONE,0,0,0,0,0,0,0.0,0
2171,-84.5021127108,39.1090031105,000,0,NONE,0,0,0,0,0,0,0.0,1
2172,-100.549215198,39.111791007,000,0,NONE,0,0,0,0,0,0,0.0,1
2173,-76.7778447465,39.114421096,000,0,NONE,0,0,0,0,0,0,0.0,1
2174,-78.1911777084,39.1202260984,000,0,NONE,0,0,0,0,0,0,0.0,1
2175,-76.5839757356,39.1295500832,000,0,NONE,0,0,0,0,0,0,0.0,0
2176,-76.5034887372,39.115915083,000,0,NONE,0,0,0,0,0,0,0.0,0
2177,-112.240057595,39.1362774042,000,0,NONE,0,0,0,0,0,0,0.0,1
2178,-108.709353531,39.1417260529,000,0,NONE,0,0,0,0,0,0,0.0,1
2179,-108.323681742,39.1274530926,100,1,S,131394,131035,131035,131035,131394,850000,125136.98630136986,1
2180,-77.8478443663,39.1153005493,000,0,NONE,0,0,0,0,0,0,0.0,0
2181,-74.7566517292,39.1478560739,000,0,NONE,0,0,0,0,0,0,0.0,0
2182,-74.8662447343,39.0087880864,000,0,NONE,0,0,0,0,0,0,0.0,0
2183,-84.5399127426,39.1489450872,100,1,S,131394,131035,131035,131035,131394,850000,125136.98630136986,1
2184,-88.5081297474,39.1494400975,001,3,L,696864,694960,694960,694960,696864,3200000,450493.15068493155,1
2185,-87.4085990239,39.1494699226,100,1,S,131394,131035,131035,131035,131394,850000,125136.98630136986,1
2186,-94.3963009033,39.1498097395,000,0,NONE,0,0,0,0,0,0,0.0,1
2187,-76.6457157301,39.1527250952,000,0,NONE,0,0,0,0,0,0,0.0,0
2188,-76.8272277423,39.1583231105,001,3,L,696864,694960,694960,694960,696864,3200000,450493.15068493155,1
2189,-84.4331007254,39.1636870998,100,1,S,131394,131035,131035,131035,131394,850000,125136.98630136986,1
2190,-76.7307657276,39.1703110905,010,2,M,345870,344925,344925,344925,345870,1750000,250273.97260273973,1
2191,-94.5584697312,39.1705000785,000,0,NONE,0,0,0,0,0,0,0.0,1
2192,-84.4880277403,39.1745861078,000,0,NONE,0,0,0,0,0,0,0.0,1
2193,-74.8208307337,39.1803100741,000,0,NONE,0,0,0,0,0,0,0.0,0
2194,-76.8743697156,39.1816060736,000,0,NONE,0,0,0,0,0,0,0.0,0
2195,-78.1370247274,39.1845670923,000,0,NONE,0,0,0,0,0,0,0.0,1
2196,-85.9590589284,39.1885003366,001,3,L,696864,694960,694960,694960,696864,3200000,450493.15068493155,1
2197,-109.087543244,39.1905520832,010,2,M,345870,344925,344925,344925,345870,1750000,250273.97260273973,1
2198,-94.615619729,39.1924420867,100,1,S,131394,131035,131035,131035,131394,850000,125136.98630136986,1
2199,-76.766648715,39.1972210715,001,3,L,696864,694960,694960,694960,696864,3200000,450493.15068493155,1
2200,-76.6938837202,39.2018111105,000,0,NONE,0,0,0,0,0,0,0.0,1
2201,-76.6711587217,39.180292075,000,0,NONE,0,0,0,0,0,0,0.0,0
2202,-76.6316037196,39.2027560911,000,0,NONE,0,0,0,0,0,0,0.0,0
2203,-76.6234407434,39.2046910913,000,0,NONE,0,0,0,0,0,0,0.0,0
2204,-74.8651287224,39.2064101067,000,0,NONE,0,0,0,0,0,0,0.0,0
2205,-94.4914197454,39.2065360982,000,0,NONE,0,0,0,0,0,0,0.0,1
2206,-76.6003647252,39.2068780762,000,0,NONE,0,0,0,0,0,0,0.0,0
2207,-84.463286746,39.2087500807,000,0,NONE,0,0,0,0,0,0,0.0,1
2208,-76.6249527295,39.2088130773,000,0,NONE,0,0,0,0,0,0,0.0,0
2209,-82.2365337191,39.2105320918,000,0,NONE,0,0,0,0,0,0,0.0,1
2210,-84.4612797083,39.2116301046,000,0,NONE,0,0,0,0,0,0,0.0,1
2211,-84.4565997164,39.2117830946,000,0,NONE,0,0,0,0,0,0,0.0,0
2212,-84.6808257369,39.2143030993,100,1,S,131394,131035,131035,131035,131394,850000,125136.98630136986,1
2213,-78.1427397356,39.2148251081,000,0,NONE,0,0,0,0,0,0,0.0,0
2214,-123.206072571,39.2160493759,000,0,NONE,0,0,0,0,0,0,0.0,0
2215,-78.1374117444,39.2169670954,000,0,NONE,0,0,0,0,0,0,0.0,1
2216,-76.7005167113,39.218317092,000,0,NONE,0,0,0,0,0,0,0.0,0
2217,-76.6587657258,39.2191000831,010,2,M,345870,344925,344925,344925,345870,1750000,250273.97260273973,1
2218,-84.738965712,39.2201530993,000,0,NONE,0,0,0,0,0,0,0.0,1
2219,-77.2797781494,39.2217844641,001,3,L,696864,694960,694960,694960,696864,3200000,450493.15068493155,1
2220,-84.3670857145,39.2255260872,000,0,NONE,0,0,0,0,0,0,0.0,1
2221,-91.0049009991,39.2264734978,100,1,S,131394,131035,131035,131035,131394,850000,125136.98630136986,1
2222,-80.296790722,39.2289460758,001,3,L,696864,694960,694960,694960,696864,3200000,450493.15068493155,1
2223,-76.6250697223,39.2292071013,001,3,L,696864,694960,694960,694960,696864,3200000,450493.15068493155,1
2224,-84.4499037305,39.229846102,000,0,NONE,0,0,0,0,0,0,0.0,1
2225,-84.6337557175,39.2304761032,000,0,NONE,0,0,0,0,0,0,0.0,0
2226,-76.6499367089,39.2318350993,001,3,L,696864,694960,694960,694960,696864,3200000,450493.15068493155,1
2227,-76.6671537286,39.2330051074,000,0,NONE,0,0,0,0,0,0,0.0,0
2228,-76.7101197197,39.235255088,001,3,L,696864,694960,694960,694960,696864,3200000,450493.15068493155,1
2229,-100.908177756,39.237075412,100,1,S,131394,131035,131035,131035,131394,850000,125136.98630136986,1
2230,-104.877279434,39.2383703431,001,3,L,696864,694960,694960,694960,696864,3200000,450493.15068493155,1
2231,-94.5069537477,39.2423110932,000,0,NONE,0,0,0,0,0,0,0.0,0
2232,-76.4599691755,39.2436224243,000,0,NONE,0,0,0,0,0,0,0.0,0
2233,-94.756766708,39.2440391072,000,0,NONE,0,0,0,0,0,0,0.0,1
2234,-94.4433777468,39.2445610728,100,1,S,131394,131035,131035,131035,131394,850000,125136.98630136986,1
2235,-94.4561757164,39.2450830816,000,0,NONE,0,0,0,0,0,0,0.0,1
2236,-76.6428087085,39.2501320905,000,0,NONE,0,0,0,0,0,0,0.0,0
2237,-76.6802667199,39.2506630979,100,1,S,131394,131035,131035,131035,131394,850000,125136.98630136986,1
2238,-122.18226094,39.2511824384,100,1,S,131394,131035,131035,131035,131394,850000,125136.98630136986,1
2239,-76.823105715,39.2527780875,000,0,NONE,0,0,0,0,0,0,0.0,0
2240,-94.6585047254,39.2543621111,000,0,NONE,0,0,0,0,0,0,0.0,1
2241,-88.1413054894,39.2571972239,001,3,L,696864,694960,694960,694960,696864,3200000,450493.15068493155,1
2242,-120.726856566,39.2667628196,010,2,M,345870,344925,344925,344925,345870,1750000,250273.97260273973,1
2243,-81.4983627399,39.2676730891,010,2,M,345870,344925,344925,344925,345870,1750000,250273.97260273973,1
2244,-81.1437040933,39.2611045201,000,0,NONE,0,0,0,0,0,0,0.0,1
2245,-76.6335657184,39.2698150764,100,1,S,131394,131035,131035,131035,131394,850000,125136.98630136986,1
2246,-76.6243137288,39.2679160734,010,2,M,345870,344925,344925,344925,345870,1750000,250273.97260273973,1
2247,-74.6365281468,39.2703318826,000,0,NONE,0,0,0,0,0,0,0.0,0
2248,-84.3511107405,39.2708860916,100,1,S,131394,131035,131035,131035,131394,850000,125136.98630136986,1
2249,-76.5541317353,39.2732261078,100,1,S,131394,131035,131035,131035,131394,850000,125136.98630136986,1
2250,-80.2840017096,39.2786080961,100,1,S,131394,131035,131035,131035,131394,850000,125136.98630136986,1
2251,-76.6192827189,39.2792200982,000,0,NONE,0,0,0,0,0,0,0.0,0
2252,-75.5926590481,39.2793441822,000,0,NONE,0,0,0,0,0,0,0.0,1
2253,-76.6235307377,39.2816681077,000,0,NONE,0,0,0,0,0,0,0.0,0
2254,-76.6192107237,39.284152073,000,0,NONE,0,0,0,0,0,0,0.0,0
2255,-81.6579021553,39.2853643123,000,0,NONE,0,0,0,0,0,0,0.0,1
2256,-81.8101677199,39.2157340907,000,0,NONE,0,0,0,0,0,0,0.0,1
2257,-103.515896773,39.2691934137,100,1,S,131394,131035,131035,131035,131394,850000,125136.98630136986,1
2258,-103.056473151,39.2851338682,000,0,NONE,0,0,0,0,0,0,0.0,1
2259,-76.6040817365,39.2852050891,000,0,NONE,0,0,0,0,0,0,0.0,0
2260,-76.5537177198,39.2872660817,010,2,M,345870,344925,344925,344925,345870,1750000,250273.97260273973,1
2261,-76.5335757217,39.2879050824,000,0,NONE,0,0,0,0,0,0,0.0,0
2262,-85.0814335402,39.2820566868,001,3,L,696864,694960,694960,694960,696864,3200000,450493.15068493155,1
2263,-80.7662374983,39.290174812,000,0,NONE,0,0,0,0,0,0,0.0,1
2264,-84.4417497115,39.2904430861,100,1,S,131394,131035,131035,131035,131394,850000,125136.98630136986,1
2265,-74.96979871,39.2920181101,000,0,NONE,0,0,0,0,0,0,0.0,0
2266,-80.3998947274,39.2837201007,000,0,NONE,0,0,0,0,0,0,0.0,1
2267,-102.599276747,39.2944390788,010,2,M,345870,344925,344925,344925,345870,1750000,250273.97260273973,1
2268,-81.9300103136,39.2950066733,100,1,S,131394,131035,131035,131035,131394,850000,125136.98630136986,1
2269,-76.825616721,39.2963920789,000,0,NONE,0,0,0,0,0,0,0.0,1
2270,-94.5097862389,39.3033919224,000,0,NONE,0,0,0,0,0,0,0.0,0
2271,-76.7441937406,39.3059500898,010,2,M,345870,344925,344925,344925,345870,1750000,250273.97260273973,1
2272,-82.9408669921,39.3069613172,010,2,M,345870,344925,344925,344925,345870,1750000,250273.97260273973,1
2273,-82.106240709,39.3099100863,000,0,NONE,0,0,0,0,0,0,0.0,1
2274,-75.8478215051,39.3171896962,000,0,NONE,0,0,0,0,0,0,0.0,0
2275,-102.164085765,39.3182241927,000,0,NONE,0,0,0,0,0,0,0.0,1
2276,-76.5340797315,39.3182890896,000,0,NONE,0,0,0,0,0,0,0.0,1
2277,-94.6944687076,39.3188110975,010,2,M,345870,344925,344925,344925,345870,1750000,250273.97260273973,1
2278,-74.9957097133,39.3288640772,000,0,NONE,0,0,0,0,0,0,0.0,0
2279,-101.725105193,39.3283377076,100,1,S,131394,131035,131035,131035,131394,850000,125136.98630136986,1
2280,-120.453270413,39.3144181557,001,3,L,696864,694960,694960,694960,696864,3200000,450493.15068493155,1
2281,-82.0809777069,39.3316721051,000,0,NONE,0,0,0,0,0,0,0.0,1
2282,-108.195068278,39.3354308045,100,1,S,131394,131035,131035,131035,131394,850000,125136.98630136986,1
2283,-84.2819367233,39.3365860817,000,0,NONE,0,0,0,0,0,0,0.0,1
2284,-120.170651709,39.3372880781,001,3,L,696864,694960,694960,694960,696864,3200000,450493.15068493155,1
2285,-85.4362050626,39.3463979982,001,3,L,696864,694960,694960,694960,696864,3200000,450493.15068493155,1
2286,-94.7525907259,39.3471971088,000,0,NONE,0,0,0,0,0,0,0.0,1
2287,-91.2075717154,39.3488260868,000,0,NONE,0,0,0,0,0,0,0.0,1
2288,-91.2072747349,39.3490420733,001,3,L,696864,694960,694960,694960,696864,3200000,450493.15068493155,1
2289,-76.495532748,39.3509140778,001,3,L,696864,694960,694960,694960,696864,3200000,450493.15068493155,1
2290,-75.000515738,39.3517151103,000,0,NONE,0,0,0,0,0,0,0.0,0
2291,-77.126680953,39.3534443555,000,0,NONE,0,0,0,0,0,0,0.0,1
2292,-101.293123195,39.3663340236,000,0,NONE,0,0,0,0,0,0,0.0,1
2293,-76.5138207406,39.369805073,000,0,NONE,0,0,0,0,0,0,0.0,0
2294,-76.7463177289,39.3731261102,000,0,NONE,0,0,0,0,0,0,0.0,0
2295,-123.337094736,39.3773920866,000,0,NONE,0,0,0,0,0,0,0.0,0
2296,-84.3649077292,39.3794800776,000,0,NONE,0,0,0,0,0,0,0.0,1
2297,-89.6431768182,39.3845566157,001,3,L,696864,694960,694960,694960,696864,3200000,450493.15068493155,1
2298,-87.7854265895,39.3956516651,001,3,L,696864,694960,694960,694960,696864,3200000,450493.15068493155,1
2299,-77.4245757213,39.3978491064,100,1,S,131394,131035,131035,131035,131394,850000,125136.98630136986,1
2300,-76.6637877361,39.4115021046,000,0,NONE,0,0,0,0,0,0,0.0,0
2301,-74.5533777396,39.4137970819,000,0,NONE,0,0,0,0,0,0,0.0,0
2302,-77.4350427165,39.4153541078,100,1,S,131394,131035,131035,131035,131394,850000,125136.98630136986,1
2303,-103.908141905,39.416382086,100,1,S,131394,131035,131035,131035,131394,850000,125136.98630136986,1
2304,-112.048609014,39.4164428091,000,0,NONE,0,0,0,0,0,0,0.0,1
2305,-76.6416477413,39.4201150935,000,0,NONE,0,0,0,0,0,0,0.0,0
2306,-87.4143687243,39.4307890741,001,3,L,696864,694960,694960,694960,696864,3200000,450493.15068493155,1
2307,-85.9915913243,39.4461419781,010,2,M,345870,344925,344925,344925,345870,1750000,250273.97260273973,1
2308,-94.3283281996,39.4477990824,000,0,NONE,0,0,0,0,0,0,0.0,1
2309,-77.9900121829,39.4503128826,010,2,M,345870,344925,344925,344925,345870,1750000,250273.97260273973,1
2310,-88.3417762265,39.4505101399,000,0,NONE,0,0,0,0,0,0,0.0,1
2311,-80.1520804563,39.4512857998,010,2,M,345870,344925,344925,344925,345870,1750000,250273.97260273973,1
2312,-83.9725410685,39.4699387885,100,1,S,131394,131035,131035,131035,131394,850000,125136.98630136986,1
2313,-76.8388107071,39.474106085,000,0,NONE,0,0,0,0,0,0,0.0,0
2314,-87.021090759,39.474893356,001,3,L,696864,694960,694960,694960,696864,3200000,450493.15068493155,1
2315,-122.196272647,39.4900685423,001,3,L,696864,694960,694960,694960,696864,3200000,450493.15068493155,1
2316,-87.4141887358,39.4906571054,000,0,NONE,0,0,0,0,0,0,0.0,1
2317,-107.946528554,39.4930712231,000,0,NONE,0,0,0,0,0,0,0.0,1
2318,-76.2269434219,39.4998645642,001,3,L,696864,694960,694960,694960,696864,3200000,450493.15068493155,1
2319,-75.6494787375,39.5001070826,001,3,L,696864,694960,694960,694960,696864,3200000,450493.15068493155,1
2320,-81.4537811239,39.5033869946,000,0,NONE,0,0,0,0,0,0,0.0,1
2321,-82.3567391893,39.5051840892,100,1,S,131394,131035,131035,131035,131394,850000,125136.98630136986,1
2322,-119.997409947,39.5089571831,100,1,S,131394,131035,131035,131035,131394,850000,125136.98630136986,1
2323,-75.7116327466,39.5109340953,000,0,NONE,0,0,0,0,0,0,0.0,0
2324,-84.321545521,39.5139145053,100,1,S,131394,131035,131035,131035,131394,850000,125136.98630136986,1
2325,-94.7868708237,39.5191722306,001,3,L,696864,694960,694960,694960,696864,3200000,450493.15068493155,1
2326,-77.6020214794,39.5236222883,001,3,L,696864,694960,694960,694960,696864,3200000,450493.15068493155,1
2327,-91.3473444521,39.5243405787,100,1,S,131394,131035,131035,131035,131394,850000,125136.98630136986,1
2328,-85.7423277715,39.5299529121,001,3,L,696864,694960,694960,694960,696864,3200000,450493.15068493155,1
2329,-119.683462162,39.5177622924,010,2,M,345870,344925,344925,344925,345870,1750000,250273.97260273973,1
2330,-107.647232717,39.5440990914,100,1,S,131394,131035,131035,131035,131394,850000,125136.98630136986,1
2331,-74.4656637461,39.5467180899,000,0,NONE,0,0,0,0,0,0,0.0,0
2332,-76.3681473101,39.553772979,000,0,NONE,0,0,0,0,0,0,0.0,0
2333,-104.870723738,39.554890107,100,1,S,131394,131035,131035,131035,131394,850000,125136.98630136986,1
2334,-104.775593721,39.5502640699,000,0,NONE,0,0,0,0,0,0,0.0,1
2335,-105.044806575,39.5676761202,000,0,NONE,0,0,0,0,0,0,0.0,0
2336,-123.435318699,39.5683838938,000,0,NONE,0,0,0,0,0,0,0.0,0
2337,-86.6353941109,39.5688663783,000,0,NONE,0,0,0,0,0,0,0.0,1
2338,-107.364273892,39.5611364778,010,2,M,345870,344925,344925,344925,345870,1750000,250273.97260273973,1
2339,-79.9759677381,39.5784430942,000,0,NONE,0,0,0,0,0,0,0.0,1
2340,-74.457086713,39.5800630736,000,0,NONE,0,0,0,0,0,0,0.0,0
2341,-82.9540892187,39.5902114075,000,0,NONE,0,0,0,0,0,0,0.0,1
2342,-119.388500216,39.5902010303,000,0,NONE,0,0,0,0,0,0,0.0,1
2343,-74.7988440498,39.5936600225,000,0,NONE,0,0,0,0,0,0,0.0,0
2344,-83.6523400557,39.5955445428,100,1,S,131394,131035,131035,131035,131394,850000,125136.98630136986,1
2345,-75.0800394501,39.6036496099,000,0,NONE,0,0,0,0,0,0,0.0,0
2346,-106.274747497,39.6059018586,001,3,L,696864,694960,694960,694960,696864,3200000,450493.15068493155,1
2347,-106.093967739,39.5952101012,010,2,M,345870,344925,344925,344925,345870,1750000,250273.97260273973,1
2348,-77.7855027146,39.6171070695,000,0,NONE,0,0,0,0,0,0,0.0,1
2349,-75.6437457303,39.6183850709,000,0,NONE,0,0,0,0,0,0,0.0,1
2350,-84.2304477375,39.6204371062,001,3,L,696864,694960,694960,694960,696864,3200000,450493.15068493155,1
2351,-104.685611361,39.6219075643,001,3,L,696864,694960,694960,694960,696864,3200000,450493.15068493155,1
2352,-107.107064745,39.6261556361,000,0,NONE,0,0,0,0,0,0,0.0,1
2353,-75.954288625,39.6334689814,001,3,L,696864,694960,694960,694960,696864,3200000,450493.15068493155,1
2354,-104.908100713,39.634693108,000,0,NONE,0,0,0,0,0,0,0.0,1
2355,-105.166931719,39.636727102,000,0,NONE,0,0,0,0,0,0,0.0,0
2356,-106.546829739,39.638517466,000,0,NONE,0,0,0,0,0,0,0.0,1
2357,-77.9928314802,39.6252952007,010,2,M,345870,344925,344925,344925,345870,1750000,250273.97260273973,1
2358,-104.918549709,39.6529091045,000,0,NONE,0,0,0,0,0,0,0.0,1
2359,-106.823426736,39.6629170867,100,1,S,131394,131035,131035,131035,131394,850000,125136.98630136986,1
2360,-76.1697867467,39.6676600743,000,0,NONE,0,0,0,0,0,0,0.0,0
2361,-94.2347242825,39.672039814,100,1,S,131394,131035,131035,131035,131394,850000,125136.98630136986,1
2362,-79.6521425079,39.6565270267,010,2,M,345870,344925,344925,344925,345870,1750000,250273.97260273973,1
2363,-78.9476187233,39.6381400943,010,2,M,345870,344925,344925,344925,345870,1750000,250273.97260273973,1
2364,-78.6846200273,39.6766723702,000,0,NONE,0,0,0,0,0,0,0.0,1
2365,-76.1592657129,39.6778390877,000,0,NONE,0,0,0,0,0,0,0.0,0
2366,-77.3467500768,39.6830799607,010,2,M,345870,344925,344925,344925,345870,1750000,250273.97260273973,1
2367,-111.835967729,39.6835540949,001,3,L,696864,694960,694960,694960,696864,3200000,450493.15068493155,1
2368,-75.655913741,39.684013108,001,3,L,696864,694960,694960,694960,696864,3200000,450493.15068493155,1
2369,-90.8066075701,39.6803046915,000,0,NONE,0,0,0,0,0,0,0.0,1
2370,-90.4107880955,39.6813594155,000,0,NONE,0,0,0,0,0,0,0.0,1
2371,-87.4026945124,39.6934395382,000,0,NONE,0,0,0,0,0,0,0.0,1
2372,-75.6165567256,39.6966850853,000,0,NONE,0,0,0,0,0,0,0.0,1
2373,-79.2886155242,39.7000712847,010,2,M,345870,344925,344925,344925,345870,1750000,250273.97260273973,1
2374,-105.843986421,39.7020514875,100,1,S,131394,131035,131035,131035,131394,850000,125136.98630136986,1
2375,-119.100731739,39.7023010997,000,0,NONE,0,0,0,0,0,0,0.0,1
2376,-75.4843197159,39.6787300712,100,1,S,131394,131035,131035,131035,131394,850000,125136.98630136986,1
2377,-86.1083517462,39.7035881006,010,2,M,345870,344925,344925,344925,345870,1750000,250273.97260273973,1
2378,-94.7884467156,39.7080521059,000,0,NONE,0,0,0,0,0,0,0.0,1
2379,-76.6460208943,39.7089805318,000,0,NONE,0,0,0,0,0,0,0.0,0
2380,-105.194588735,39.7114180984,000,0,NONE,0,0,0,0,0,0,0.0,1
2381,-78.4301727697,39.6671724546,100,1,S,131394,131035,131035,131035,131394,850000,125136.98630136986,1
2382,-86.2645017202,39.7130200787,010,2,M,345870,344925,344925,344925,345870,1750000,250273.97260273973,1
2383,-78.1885767089,39.7138751074,100,1,S,131394,131035,131035,131035,131394,850000,125136.98630136986,1
2384,-105.325673735,39.7049560962,000,0,NONE,0,0,0,0,0,0,0.0,1
2385,-75.5842557163,39.7143430768,000,0,NONE,0,0,0,0,0,0,0.0,1
2386,-91.3919727088,39.7148290875,100,1,S,131394,131035,131035,131035,131394,850000,125136.98630136986,1
2387,-82.6069643313,39.7154502555,010,2,M,345870,344925,344925,344925,345870,1750000,250273.97260273973,1
2388,-104.228185446,39.7173309412,100,1,S,131394,131035,131035,131035,131394,850000,125136.98630136986,1
2389,-94.7887527378,39.7242071108,100,1,S,131394,131035,131035,131035,131394,850000,125136.98630136986,1
2390,-94.7701137255,39.719536077,000,0,NONE,0,0,0,0,0,0,0.0,0
2391,-105.179495746,39.7252960818,100,1,S,131394,131035,131035,131035,131394,850000,125136.98630136986,1
2392,-122.205533722,39.7255031103,000,0,NONE,0,0,0,0,0,0,0.0,1
2393,-105.01312172,39.7256740993,000,0,NONE,0,0,0,0,0,0,0.0,1
2394,-74.2662530506,39.7267671991,000,0,NONE,0,0,0,0,0,0,0.0,0
2395,-86.0447307477,39.7321361014,100,1,S,131394,131035,131035,131035,131394,850000,125136.98630136986,1
2396,-84.0927027067,39.7359341075,000,0,NONE,0,0,0,0,0,0,0.0,0
2397,-90.0315393338,39.7371333813,000,0,NONE,0,0,0,0,0,0,0.0,1
2398,-91.194476723,39.7212010945,100,1,S,131394,131035,131035,131035,131394,850000,125136.98630136986,1
2399,-104.685980725,39.7400830911,100,1,S,131394,131035,131035,131035,131394,850000,125136.98630136986,1
2400,-83.339927975,39.7409076246,001,3,L,696864,694960,694960,694960,696864,3200000,450493.15068493155,1
2401,-89.636117739,39.7434040859,001,3,L,696864,694960,694960,694960,696864,3200000,450493.15068493155,1
2402,-81.5332011693,39.7475295846,000,0,NONE,0,0,0,0,0,0,0.0,1
2403,-84.2047977174,39.7476611042,100,1,S,131394,131035,131035,131035,131394,850000,125136.98630136986,1
2404,-75.283815327,39.7488045652,010,2,M,345870,344925,344925,344925,345870,1750000,250273.97260273973,1
2405,-86.145665725,39.7530430916,000,0,NONE,0,0,0,0,0,0,0.0,1
2406,-80.0814635804,39.7591596479,100,1,S,131394,131035,131035,131035,131394,850000,125136.98630136986,1
2407,-91.3034307274,39.7596670832,100,1,S,131394,131035,131035,131035,131394,850000,125136.98630136986,1
2408,-105.590076065,39.7644524801,010,2,M,345870,344925,344925,344925,345870,1750000,250273.97260273973,1
2409,-94.8608247349,39.7686220914,000,0,NONE,0,0,0,0,0,0,0.0,0
2410,-123.545874788,39.7704659355,000,0,NONE,0,0,0,0,0,0,0.0,0
2411,-75.0486477309,39.7706290878,000,0,NONE,0,0,0,0,0,0,0.0,0
2412,-84.1870317336,39.7723301042,010,2,M,345870,344925,344925,344925,345870,1750000,250273.97260273973,1
2413,-104.827496722,39.7726360841,100,1,S,131394,131035,131035,131035,131394,850000,125136.98630136986,1
2414,-94.8033327177,39.7770370928,000,0,NONE,0,0,0,0,0,0,0.0,0
2415,-104.895617723,39.7779910729,000,0,NONE,0,0,0,0,0,0,0.0,1
2416,-88.2643474339,39.7791871191,000,0,NONE,0,0,0,0,0,0,0.0,1
2417,-104.989496737,39.7799981115,100,1,S,131394,131035,131035,131035,131394,850000,125136.98630136986,1
2418,-86.1412287182,39.7820051078,010,2,M,345870,344925,344925,344925,345870,1750000,250273.97260273973,1
2419,-105.074141719,39.7863880761,000,0,NONE,0,0,0,0,0,0,0.0,1
2420,-86.0350017478,39.7990690953,010,2,M,345870,344925,344925,344925,345870,1750000,250273.97260273973,1
2421,-89.5954557246,39.8016520957,100,1,S,131394,131035,131035,131035,131394,850000,125136.98630136986,1
2422,-75.3110067194,39.8040101118,010,2,M,345870,344925,344925,344925,345870,1750000,250273.97260273973,1
2423,-75.3483207404,39.8028761009,000,0,NONE,0,0,0,0,0,0,0.0,1
2424,-86.2752477391,39.8054411031,010,2,M,345870,344925,344925,344925,345870,1750000,250273.97260273973,1
2425,-75.4542867276,39.8136220775,001,3,L,696864,694960,694960,694960,696864,3200000,450493.15068493155,1
2426,-104.983304718,39.8170331089,010,2,M,345870,344925,344925,344925,345870,1750000,250273.97260273973,1
2427,-104.964269731,39.8236750986,000,0,NONE,0,0,0,0,0,0,0.0,1
2428,-75.8783302842,39.8266453057,000,0,NONE,0,0,0,0,0,0,0.0,0
2429,-104.98342171,39.8276080965,000,0,NONE,0,0,0,0,0,0,0.0,1
2430,-78.2750236009,39.831532478,010,2,M,345870,344925,344925,344925,345870,1750000,250273.97260273973,1
2431,-85.5695936218,39.8346060352,001,3,L,696864,694960,694960,694960,696864,3200000,450493.15068493155,1
2432,-89.2560782358,39.8366261005,100,1,S,131394,131035,131035,131035,131394,850000,125136.98630136986,1
2433,-75.0942597191,39.8445370921,000,0,NONE,0,0,0,0,0,0,0.0,0
2434,-75.3879477377,39.8470300992,000,0,NONE,0,0,0,0,0,0,0.0,1
2435,-85.1036832011,39.8540128807,100,1,S,131394,131035,131035,131035,131394,850000,125136.98630136986,1
2436,-75.0982557127,39.8550670831,001,3,L,696864,694960,694960,694960,696864,3200000,450493.15068493155,1
2437,-94.8107667404,39.8580460999,000,0,NONE,0,0,0,0,0,0,0.0,1
2438,-84.0568557164,39.8606381008,000,0,NONE,0,0,0,0,0,0,0.0,0
2439,-86.2743837109,39.8637791071,010,2,M,345870,344925,344925,344925,345870,1750000,250273.97260273973,1
2440,-83.9941617418,39.8649580725,001,3,L,696864,694960,694960,694960,696864,3200000,450493.15068493155,1
2441,-84.0505107071,39.8653360908,010,2,M,345870,344925,344925,344925,345870,1750000,250273.97260273973,1
2442,-84.6514833704,39.8349939371,001,3,L,696864,694960,694960,694960,696864,3200000,450493.15068493155,1
2443,-84.1889307367,39.8656060727,001,3,L,696864,694960,694960,694960,696864,3200000,450493.15068493155,1
2444,-75.3426597285,39.8673880838,000,0,NONE,0,0,0,0,0,0,0.0,1
2445,-75.1017747365,39.8674060819,010,2,M,345870,344925,344925,344925,345870,1750000,250273.97260273973,1
2446,-123.713762717,39.8682250711,000,0,NONE,0,0,0,0,0,0,0.0,0
2447,-75.1021347135,39.8747951079,000,0,NONE,0,0,0,0,0,0,0.0,0
2448,-83.0036307155,39.8751100874,000,0,NONE,0,0,0,0,0,0,0.0,1
2449,-91.3356935389,39.87629382,100,1,S,131394,131035,131035,131035,131394,850000,125136.98630136986,1
2450,-75.5467617068,39.8808610936,000,0,NONE,0,0,0,0,0,0,0.0,0
2451,-94.8562887343,39.8862880785,000,0,NONE,0,0,0,0,0,0,0.0,1
2452,-83.038478728,39.8924171013,000,0,NONE,0,0,0,0,0,0,0.0,1
2453,-86.0540547325,39.8948380708,000,0,NONE,0,0,0,0,0,0,0.0,1
2454,-77.6640911276,39.8984871842,000,0,NONE,0,0,0,0,0,0,0.0,1
2455,-94.1515797317,39.8996440955,100,1,S,131394,131035,131035,131035,131394,850000,125136.98630136986,1
2456,-82.8981777367,39.9019570718,100,1,S,131394,131035,131035,131035,131394,850000,125136.98630136986,1
2457,-75.1123857222,39.9020021116,000,0,NONE,0,0,0,0,0,0,0.0,0
2458,-87.4405100602,39.9021789975,001,3,L,696864,694960,694960,694960,696864,3200000,450493.15068493155,1
2459,-75.149528712,39.9085991047,000,0,NONE,0,0,0,0,0,0,0.0,0
2460,-88.9382060715,39.9090628239,010,2,M,345870,344925,344925,344925,345870,1750000,250273.97260273973,1
2461,-83.7073285654,39.9111889597,010,2,M,345870,344925,344925,344925,345870,1750000,250273.97260273973,1
2462,-82.9206417105,39.9176261082,000,0,NONE,0,0,0,0,0,0,0.0,1
2463,-118.79894444,39.9228231167,000,0,NONE,0,0,0,0,0,0,0.0,1
2464,-105.109481975,39.9235982604,000,0,NONE,0,0,0,0,0,0,0.0,0
2465,-86.2683447238,39.924304096,000,0,NONE,0,0,0,0,0,0,0.0,1
2466,-77.1596455054,39.9251050268,010,2,M,345870,344925,344925,344925,345870,1750000,250273.97260273973,1
2467,-86.2628367441,39.9286421089,000,0,NONE,0,0,0,0,0,0,0.0,1
2468,-86.1580317233,39.9302260903,000,0,NONE,0,0,0,0,0,0,0.0,1
2469,-86.2730157153,39.9307031015,000,0,NONE,0,0,0,0,0,0,0.0,1
2470,-86.3390127281,39.9310990757,100,1,S,131394,131035,131035,131035,131394,850000,125136.98630136986,1
2471,-82.927616721,39.9321250933,000,0,NONE,0,0,0,0,0,0,0.0,1
2472,-82.8519717454,39.9341140906,001,3,L,696864,694960,694960,694960,696864,3200000,450493.15068493155,1
2473,-75.3650697484,39.9371831026,100,1,S,131394,131035,131035,131035,131394,850000,125136.98630136986,1
2474,-83.4158608335,39.9475874781,001,3,L,696864,694960,694960,694960,696864,3200000,450493.15068493155,1
2475,-82.4165067367,39.9444367456,001,3,L,696864,694960,694960,694960,696864,3200000,450493.15068493155,1
2476,-83.0167617482,39.9509980904,000,0,NONE,0,0,0,0,0,0,0.0,1
2477,-83.0143047392,39.9518260782,000,0,NONE,0,0,0,0,0,0,0.0,1
2478,-81.9819084055,39.9473109168,000,0,NONE,0,0,0,0,0,0,0.0,1
2479,-80.1671539887,39.9536761725,100,1,S,131394,131035,131035,131035,131394,850000,125136.98630136986,1
2480,-75.140492709,39.9540052174,000,0,NONE,0,0,0,0,0,0,0.0,0
2481,-82.9844607389,39.9544360781,001,3,L,696864,694960,694960,694960,696864,3200000,450493.15068493155,1
2482,-75.1495557105,39.9544450776,000,0,NONE,0,0,0,0,0,0,0.0,0
2483,-75.1478367374,39.9552911067,000,0,NONE,0,0,0,0,0,0,0.0,0
2484,-75.140492709,39.9554980929,000,0,NONE,0,0,0,0,0,0,0.0,0
2485,-75.151679741,39.956668101,000,0,NONE,0,0,0,0,0,0,0.0,0
2486,-75.1473147295,39.9573341002,000,0,NONE,0,0,0,0,0,0,0.0,0
2487,-75.1404567109,39.9584681111,000,0,NONE,0,0,0,0,0,0,0.0,0
2488,-75.1819917107,39.9596380769,000,0,NONE,0,0,0,0,0,0,0.0,0
2489,-123.784283168,39.9600137489,000,0,NONE,0,0,0,0,0,0,0.0,0
2490,-74.9181532089,39.9603508094,000,0,NONE,0,0,0,0,0,0,0.0,0
2491,-74.2061246988,39.9616175423,000,0,NONE,0,0,0,0,0,0,0.0,0
2492,-111.788065022,39.9639908541,100,1,S,131394,131035,131035,131035,131394,850000,125136.98630136986,1
2493,-86.6504425953,39.9642898508,100,1,S,131394,131035,131035,131035,131394,850000,125136.98630136986,1
2494,-74.9094653478,39.9658925803,010,2,M,345870,344925,344925,344925,345870,1750000,250273.97260273973,1
2495,-83.0616717391,39.9678550916,100,1,S,131394,131035,131035,131035,131394,850000,125136.98630136986,1
2496,-83.0223147245,39.9696820994,100,1,S,131394,131035,131035,131035,131394,850000,125136.98630136986,1
2497,-82.9838037392,39.9721931046,001,3,L,696864,694960,694960,694960,696864,3200000,450493.15068493155,1
2498,-83.0207577418,39.9758020813,000,0,NONE,0,0,0,0,0,0,0.0,1
2499,-83.0150337341,39.9737140902,000,0,NONE,0,0,0,0,0,0,0.0,0
2500,-83.1198477122,39.9759190732,010,2,M,345870,344925,344925,344925,345870,1750000,250273.97260273973,1
2501,-76.7297847066,39.9840550932,000,0,NONE,0,0,0,0,0,0,0.0,0
2502,-78.2430146095,39.9850440452,000,0,NONE,0,0,0,0,0,0,0.0,1
2503,-78.2566707123,39.9870971057,010,2,M,345870,344925,344925,344925,345870,1750000,250273.97260273973,1
2504,-78.2413053922,39.990788669,000,0,NONE,0,0,0,0,0,0,0.0,0
2505,-89.5131642329,39.9920100544,001,3,L,696864,694960,694960,694960,696864,3200000,450493.15068493155,1
2506,-79.0054167204,39.9927220783,000,0,NONE,0,0,0,0,0,0,0.0,1
2507,-78.7600236744,39.977618273,000,0,NONE,0,0,0,0,0,0,0.0,1
2508,-79.0381947409,39.9978970786,000,0,NONE,0,0,0,0,0,0,0.0,1
2509,-81.5587257393,39.9987971048,010,2,M,345870,344925,344925,344925,345870,1750000,250273.97260273973,1
2510,-78.2388867285,39.9993551107,000,0,NONE,0,0,0,0,0,0,0.0,0
2511,-78.2325057221,39.9994541045,000,0,NONE,0,0,0,0,0,0,0.0,0
2512,-105.258704744,40.0000121105,000,0,NONE,0,0,0,0,0,0,0.0,0
2513,-122.206200596,40.0013082035,010,2,M,345870,344925,344925,344925,345870,1750000,250273.97260273973,1
2514,-75.1946187337,40.004467074,000,0,NONE,0,0,0,0,0,0,0.0,0
2515,-91.3082547098,40.0073380976,000,0,NONE,0,0,0,0,0,0,0.0,0
2516,-78.3947440685,40.0107782184,001,3,L,696864,694960,694960,694960,696864,3200000,450493.15068493155,1
2517,-82.9005807072,40.011262096,010,2,M,345870,344925,344925,344925,345870,1750000,250273.97260273973,1
2518,-88.6299026703,40.0306082039,100,1,S,131394,131035,131035,131035,131394,850000,125136.98630136986,1
2519,-95.1155943527,40.0326482863,100,1,S,131394,131035,131035,131035,131394,850000,125136.98630136986,1
2520,-76.5281052653,40.0345562583,000,0,NONE,0,0,0,0,0,0,0.0,0
2521,-79.0543047068,40.0352200991,100,1,S,131394,131035,131035,131035,131394,850000,125136.98630136986,1
2522,-85.7290164266,40.0363358835,000,0,NONE,0,0,0,0,0,0,0.0,1
2523,-79.0551327369,40.0368580775,100,1,S,131394,131035,131035,131035,131394,850000,125136.98630136986,1
2524,-75.5816153419,40.0375616666,000,0,NONE,0,0,0,0,0,0,0.0,0
2525,-79.0555287111,40.0378930947,000,0,NONE,0,0,0,0,0,0,0.0,1
2526,-79.0560237213,40.039288088,000,0,NONE,0,0,0,0,0,0,0.0,1
2527,-78.5177427412,40.0499170718,001,3,L,696864,694960,694960,694960,696864,3200000,450493.15068493155,1
2528,-80.7333087361,40.0490800845,000,0,NONE,0,0,0,0,0,0,0.0,1
2529,-80.6638197395,40.0491160816,010,2,M,345870,344925,344925,344925,345870,1750000,250273.97260273973,1
2530,-81.2029081651,40.0590086808,100,1,S,131394,131035,131035,131035,131394,850000,125136.98630136986,1
2531,-104.653003934,40.0639639471,000,0,NONE,0,0,0,0,0,0,0.0,1
2532,-75.3216627431,40.0649111095,001,3,L,696864,694960,694960,694960,696864,3200000,450493.15068493155,1
2533,-80.8408587477,40.0677100964,100,1,S,131394,131035,131035,131035,131394,850000,125136.98630136986,1
2534,-74.9606007175,40.0703020973,000,0,NONE,0,0,0,0,0,0,0.0,0
2535,-76.3255047483,40.0713370721,000,0,NONE,0,0,0,0,0,0,0.0,0
2536,-76.2878937469,40.0671880886,000,0,NONE,0,0,0,0,0,0,0.0,0
2537,-80.7400308617,40.0715593126,000,0,NONE,0,0,0,0,0,0,0.0,0
2538,-123.790982717,40.0734611026,000,0,NONE,0,0,0,0,0,0,0.0,0
2539,-77.8886034959,40.0758114853,100,1,S,131394,131035,131035,131035,131394,850000,125136.98630136986,1
2540,-75.4067577382,40.0797880707,000,0,NONE,0,0,0,0,0,0,0.0,0
2541,-75.3945987269,40.0834690848,000,0,NONE,0,0,0,0,0,0,0.0,1
2542,-77.4159467164,40.0888656997,000,0,NONE,0,0,0,0,0,0,0.0,1
2543,-75.666249268,40.0678370834,000,0,NONE,0,0,0,0,0,0,0.0,1
2544,-75.4148955199,40.0900809842,010,2,M,345870,344925,344925,344925,345870,1750000,250273.97260273973,1
2545,-75.4141377224,40.0902731063,010,2,M,345870,344925,344925,344925,345870,1750000,250273.97260273973,1
2546,-75.4087017379,40.0917130972,000,0,NONE,0,0,0,0,0,0,0.0,1
2547,-74.751246578,40.0949230644,000,0,NONE,0,0,0,0,0,0,0.0,0
2548,-74.7287067319,40.0976710895,001,3,L,696864,694960,694960,694960,696864,3200000,450493.15068493155,1
2549,-87.0379254013,40.0995063855,000,0,NONE,0,0,0,0,0,0,0.0,1
2550,-74.7220467432,40.1044660693,010,2,M,345870,344925,344925,344925,345870,1750000,250273.97260273973,1
2551,-74.9966817348,40.1080660887,000,0,NONE,0,0,0,0,0,0,0.0,0
2552,-82.9775757217,40.1113330874,000,0,NONE,0,0,0,0,0,0,0.0,1
2553,-76.7846927943,40.1120115053,000,0,NONE,0,0,0,0,0,0,0.0,0
2554,-83.0166807111,40.1121340775,000,0,NONE,0,0,0,0,0,0,0.0,1
2555,-83.0353467212,40.1123231069,001,3,L,696864,694960,694960,694960,696864,3200000,450493.15068493155,1
2556,-75.2771217279,40.113106099,010,2,M,345870,344925,344925,344925,345870,1750000,250273.97260273973,1
2557,-80.4560963118,40.1149861947,100,1,S,131394,131035,131035,131035,131394,850000,125136.98630136986,1
2558,-88.3052247334,40.1198110844,010,2,M,345870,344925,344925,344925,345870,1750000,250273.97260273973,1
2559,-87.4517367416,40.1206931116,001,3,L,696864,694960,694960,694960,696864,3200000,450493.15068493155,1
2560,-87.7265117648,40.1274200972,000,0,NONE,0,0,0,0,0,0,0.0,1
2561,-88.008403886,40.1200243344,000,0,NONE,0,0,0,0,0,0,0.0,1
2562,-79.0142187387,40.1284240733,100,1,S,131394,131035,131035,131035,131394,850000,125136.98630136986,1
2563,-79.0143897277,40.1290270759,001,3,L,696864,694960,694960,694960,696864,3200000,450493.15068493155,1
2564,-79.3158083024,40.1218660731,100,1,S,131394,131035,131035,131035,131394,850000,125136.98630136986,1
2565,-74.8891758934,40.1291471345,000,0,NONE,0,0,0,0,0,0,0.0,0
2566,-76.5232297069,40.1291279151,000,0,NONE,0,0,0,0,0,0,0.0,0
2567,-74.9671437144,40.1312770988,000,0,NONE,0,0,0,0,0,0,0.0,0
2568,-118.508408082,40.1377479034,010,2,M,345870,344925,344925,344925,345870,1750000,250273.97260273973,1
2569,-88.2837057402,40.1460461089,100,1,S,131394,131035,131035,131035,131394,850000,125136.98630136986,1
2570,-76.1857935172,40.1465340145,000,0,NONE,0,0,0,0,0,0,0.0,0
2571,-104.979505933,40.1573334667,100,1,S,131394,131035,131035,131035,131394,850000,125136.98630136986,1
2572,-80.1951627479,40.1611210991,000,0,NONE,0,0,0,0,0,0,0.0,1
2573,-75.8980677339,40.161427079,000,0,NONE,0,0,0,0,0,0,0.0,1
2574,-75.1231083327,40.1614544193,000,0,NONE,0,0,0,0,0,0,0.0,0
2575,-79.8937699189,40.110272123,001,3,L,696864,694960,694960,694960,696864,3200000,450493.15068493155,1
2576,-74.1003537431,40.1703010925,000,0,NONE,0,0,0,0,0,0,0.0,0
2577,-74.3518248698,40.1548002051,000,0,NONE,0,0,0,0,0,0,0.0,0
2578,-77.5275867259,40.1767570242,010,2,M,345870,344925,344925,344925,345870,1750000,250273.97260273973,1
2579,-89.4161217391,40.1783560755,100,1,S,131394,131035,131035,131035,131394,850000,125136.98630136986,1
2580,-74.7218217157,40.1827660837,000,0,NONE,0,0,0,0,0,0,0.0,0
2581,-75.9186057071,40.1849621103,000,0,NONE,0,0,0,0,0,0,0.0,0
2582,-86.5626537908,40.1851505516,010,2,M,345870,344925,344925,344925,345870,1750000,250273.97260273973,1
2583,-80.2449687163,40.1879680835,001,3,L,696864,694960,694960,694960,696864,3200000,450493.15068493155,1
2584,-95.3539977365,40.1892190863,100,1,S,131394,131035,131035,131035,131394,850000,125136.98630136986,1
2585,-104.28880877,40.1905887709,000,0,NONE,0,0,0,0,0,0,0.0,1
2586,-86.1281437371,40.1929375743,100,1,S,131394,131035,131035,131035,131394,850000,125136.98630136986,1
2587,-74.8787097255,40.1930620899,000,0,NONE,0,0,0,0,0,0,0.0,0
2588,-74.6006187481,40.1934221083,010,2,M,345870,344925,344925,344925,345870,1750000,250273.97260273973,1
2589,-76.975250738,40.1955100994,010,2,M,345870,344925,344925,344925,345870,1750000,250273.97260273973,1
2590,-84.204931676,40.2044313094,010,2,M,345870,344925,344925,344925,345870,1750000,250273.97260273973,1
2591,-111.658865725,40.2077141073,000,0,NONE,0,0,0,0,0,0,0.0,1
2592,-74.7676047343,40.2091181001,000,0,NONE,0,0,0,0,0,0,0.0,0
2593,-76.7072659299,40.2095140446,001,3,L,696864,694960,694960,694960,696864,3200000,450493.15068493155,1
2594,-76.7529312506,40.2105507363,000,0,NONE,0,0,0,0,0,0,0.0,1
2595,-76.7602497095,40.1993980997,000,0,NONE,0,0,0,0,0,0,0.0,0
2596,-76.879067747,40.2117191005,010,2,M,345870,344925,344925,344925,345870,1750000,250273.97260273973,1
2597,-94.0132712442,40.2145933184,000,0,NONE,0,0,0,0,0,0,0.0,1
2598,-76.7866647216,40.2147070746,100,1,S,131394,131035,131035,131035,131394,850000,125136.98630136986,1
2599,-76.0832602387,40.2186018603,000,0,NONE,0,0,0,0,0,0,0.0,1
2600,-76.7878437292,40.2192970713,000,0,NONE,0,0,0,0,0,0,0.0,0
2601,-79.6021977362,40.2193781083,010,2,M,345870,344925,344925,344925,345870,1750000,250273.97260273973,1
2602,-76.7575137182,40.2253990973,000,0,NONE,0,0,0,0,0,0,0.0,0
2603,-88.5385525082,40.226597041,010,2,M,345870,344925,344925,344925,345870,1750000,250273.97260273973,1
2604,-80.6642388281,40.2273074839,000,0,NONE,0,0,0,0,0,0,0.0,0
2605,-77.1344898985,40.2280551496,000,0,NONE,0,0,0,0,0,0,0.0,1
2606,-76.3957727746,40.2261556286,000,0,NONE,0,0,0,0,0,0,0.0,1
2607,-76.9325637291,40.2315910744,000,0,NONE,0,0,0,0,0,0,0.0,1
2608,-76.9776267109,40.2378100914,000,0,NONE,0,0,0,0,0,0,0.0,0
2609,-76.8948267354,40.2385300868,010,2,M,345870,344925,344925,344925,345870,1750000,250273.97260273973,1
2610,-78.4595377991,40.2404444862,010,2,M,345870,344925,344925,344925,345870,1750000,250273.97260273973,1
2611,-75.6164131363,40.2338577571,000,0,NONE,0,0,0,0,0,0,0.0,0
2612,-87.4235271521,40.2451481806,000,0,NONE,0,0,0,0,0,0,0.0,1
2613,-103.8989195,40.2448763165,100,1,S,131394,131035,131035,131035,131394,850000,125136.98630136986,1
2614,-76.8117657352,40.252894081,100,1,S,131394,131035,131035,131035,131394,850000,125136.98630136986,1
2615,-83.0668467403,40.26120109,010,2,M,345870,344925,344925,344925,345870,1750000,250273.97260273973,1
2616,-75.9150867247,40.2622721043,000,0,NONE,0,0,0,0,0,0,0.0,0
2617,-122.266956059,40.2644231009,001,3,L,696864,694960,694960,694960,696864,3200000,450493.15068493155,1
2618,-123.847986806,40.2644280499,000,0,NONE,0,0,0,0,0,0,0.0,0
2619,-75.9143217326,40.2716050886,000,0,NONE,0,0,0,0,0,0,0.0,0
2620,-75.9143037335,40.2716140881,000,0,NONE,0,0,0,0,0,0,0.0,0
2621,-77.0020617253,40.2743500785,100,1,S,131394,131035,131035,131035,131394,850000,125136.98630136986,1
2622,-78.856023675,40.2745693719,000,0,NONE,0,0,0,0,0,0,0.0,1
2623,-89.2056334195,40.2822932263,000,0,NONE,0,0,0,0,0,0,0.0,1
2624,-74.6960367461,40.2834760758,000,0,NONE,0,0,0,0,0,0,0.0,0
2625,-81.5530334957,40.2847037457,010,2,M,345870,344925,344925,344925,345870,1750000,250273.97260273973,1
2626,-85.5584070772,40.297846876,000,0,NONE,0,0,0,0,0,0,0.0,1
2627,-75.9013527316,40.2980830965,000,0,NONE,0,0,0,0,0,0,0.0,0
2628,-80.1680372767,40.2983115045,100,1,S,131394,131035,131035,131035,131394,850000,125136.98630136986,1
2629,-75.8981847267,40.3067500816,000,0,NONE,0,0,0,0,0,0,0.0,0
2630,-76.8351387348,40.3083791027,001,3,L,696864,694960,694960,694960,696864,3200000,450493.15068493155,1
2631,-103.515108941,40.3086663794,010,2,M,345870,344925,344925,344925,345870,1750000,250273.97260273973,1
2632,-75.9335727462,40.3245341067,000,0,NONE,0,0,0,0,0,0,0.0,0
2633,-79.6872747457,40.3293603481,100,1,S,131394,131035,131035,131035,131394,850000,125136.98630136986,1
2634,-88.7758457887,40.343671124,100,1,S,131394,131035,131035,131035,131394,850000,125136.98630136986,1
2635,-87.3491277464,40.3493200985,000,0,NONE,0,0,0,0,0,0,0.0,1
2636,-74.127804544,40.3564802794,000,0,NONE,0,0,0,0,0,0,0.0,0
2637,-74.4695101708,40.3600061588,001,3,L,696864,694960,694960,694960,696864,3200000,450493.15068493155,1
2638,-75.3981921822,40.3641532232,000,0,NONE,0,0,0,0,0,0,0.0,1
2639,-82.8419200265,40.3648281608,001,3,L,696864,694960,694960,694960,696864,3200000,450493.15068493155,1
2640,-75.9912447096,40.3669240929,000,0,NONE,0,0,0,0,0,0,0.0,0
2641,-76.6812098992,40.3718750037,001,3,L,696864,694960,694960,694960,696864,3200000,450493.15068493155,1
2642,-80.6116287159,40.3743310756,000,0,NONE,0,0,0,0,0,0,0.0,0
2643,-111.555495264,40.3769488555,000,0,NONE,0,0,0,0,0,0,0.0,0
2644,-80.5999557154,40.3845640853,000,0,NONE,0,0,0,0,0,0,0.0,0
2645,-89.4554135528,40.3909872619,000,0,NONE,0,0,0,0,0,0,0.0,1
2646,-111.844773794,40.3978856951,100,1,S,131394,131035,131035,131035,131394,850000,125136.98630136986,1
2647,-75.9383517309,40.4116090995,000,0,NONE,0,0,0,0,0,0,0.0,0
2648,-95.5581830505,40.4123237709,001,3,L,696864,694960,694960,694960,696864,3200000,450493.15068493155,1
2649,-86.8180737183,40.4146510707,001,3,L,696864,694960,694960,694960,696864,3200000,450493.15068493155,1
2650,-88.1214822488,40.4174098355,100,1,S,131394,131035,131035,131035,131394,850000,125136.98630136986,1
2651,-80.1060897169,40.4233720942,100,1,S,131394,131035,131035,131035,131394,850000,125136.98630136986,1
2652,-76.521254721,40.4254690839,001,3,L,696864,694960,694960,694960,696864,3200000,450493.15068493155,1
2653,-80.3892541189,40.4206342297,000,0,NONE,0,0,0,0,0,0,0.0,0
2654,-123.983568637,40.4288690815,000,0,NONE,0,0,0,0,0,0,0.0,0
2655,-118.291730344,40.4307343555,000,0,NONE,0,0,0,0,0,0,0.0,1
2656,-79.7500137458,40.4367010713,010,2,M,345870,344925,344925,344925,345870,1750000,250273.97260273973,1
2657,-78.4271127266,40.4385640763,010,2,M,345870,344925,344925,344925,345870,1750000,250273.97260273973,1
2658,-80.0094027161,40.4397520834,100,1,S,131394,131035,131035,131035,131394,850000,125136.98630136986,1
2659,-79.9961547338,40.4343430975,000,0,NONE,0,0,0,0,0,0,0.0,1
2660,-78.4347087396,40.4402290946,000,0,NONE,0,0,0,0,0,0,0.0,1
2661,-80.0086737211,40.4459891003,000,0,NONE,0,0,0,0,0,0,0.0,0
2662,-89.0218137236,40.4468170881,010,2,M,345870,344925,344925,344925,345870,1750000,250273.97260273973,1
2663,-80.1661647344,40.4475010864,000,0,NONE,0,0,0,0,0,0,0.0,1
2664,-80.025575719,40.4493550919,000,0,NONE,0,0,0,0,0,0,0.0,0
2665,-78.7596087119,40.4524061049,100,1,S,131394,131035,131035,131035,131394,850000,125136.98630136986,1
2666,-79.9972167072,40.4541520757,000,0,NONE,0,0,0,0,0,0,0.0,0
2667,-78.7636407449,40.4625940756,000,0,NONE,0,0,0,0,0,0,0.0,1
2668,-78.7642257063,40.463890076,000,0,NONE,0,0,0,0,0,0,0.0,1
2669,-80.1986367327,40.4692001095,000,0,NONE,0,0,0,0,0,0,0.0,1
2670,-86.107851376,40.4713080259,000,0,NONE,0,0,0,0,0,0,0.0,1
2671,-74.2958427335,40.4717020738,000,0,NONE,0,0,0,0,0,0,0.0,0
2672,-78.5934571068,40.4465048174,000,0,NONE,0,0,0,0,0,0,0.0,1
2673,-76.2584672056,40.4832173602,001,3,L,696864,694960,694960,694960,696864,3200000,450493.15068493155,1
2674,-104.992130397,40.4874630326,000,0,NONE,0,0,0,0,0,0,0.0,1
2675,-111.412517709,40.4928250928,000,0,NONE,0,0,0,0,0,0,0.0,0
2676,-122.34401419,40.5166649475,000,0,NONE,0,0,0,0,0,0,0.0,1
2677,-80.625030645,40.5190017333,000,0,NONE,0,0,0,0,0,0,0.0,0
2678,-74.3006757144,40.5190780741,000,0,NONE,0,0,0,0,0,0,0.0,0
2679,-80.2723557076,40.5232990943,100,1,S,131394,131035,131035,131035,131394,850000,125136.98630136986,1
2680,-74.3375037247,40.5283031065,001,3,L,696864,694960,694960,694960,696864,3200000,450493.15068493155,1
2681,-74.2991097321,40.5318760851,000,0,NONE,0,0,0,0,0,0,0.0,0
2682,-89.0244237226,40.5367451064,010,2,M,345870,344925,344925,344925,345870,1750000,250273.97260273973,1
2683,-83.074590824,40.539308873,010,2,M,345870,344925,344925,344925,345870,1750000,250273.97260273973,1
2684,-89.0059017453,40.5393011092,001,3,L,696864,694960,694960,694960,696864,3200000,450493.15068493155,1
2685,-74.3085237103,40.540912089,001,3,L,696864,694960,694960,694960,696864,3200000,450493.15068493155,1
2686,-81.5023063723,40.5476702631,000,0,NONE,0,0,0,0,0,0,0.0,1
2687,-84.1699333022,40.5555269914,001,3,L,696864,694960,694960,694960,696864,3200000,450493.15068493155,1
2688,-75.9981297258,40.5571390882,000,0,NONE,0,0,0,0,0,0,0.0,1
2689,-74.5106469931,40.5400291283,000,0,NONE,0,0,0,0,0,0,0.0,0
2690,-103.211024013,40.5608310669,000,0,NONE,0,0,0,0,0,0,0.0,1
2691,-82.626695734,40.5667288569,001,3,L,696864,694960,694960,694960,696864,3200000,450493.15068493155,1
2692,-93.9453899332,40.5672382257,000,0,NONE,0,0,0,0,0,0,0.0,1
2693,-124.149983709,40.5743201107,000,0,NONE,0,0,0,0,0,0,0.0,0
2694,-75.5588752294,40.5796481028,010,2,M,345870,344925,344925,344925,345870,1750000,250273.97260273973,1
2695,-75.7783810889,40.5765549125,000,0,NONE,0,0,0,0,0,0,0.0,1
2696,-80.0999067384,40.5864970787,000,0,NONE,0,0,0,0,0,0,0.0,1
2697,-78.3170739293,40.5865825772,000,0,NONE,0,0,0,0,0,0,0.0,1
2698,-79.8892840142,40.5908295096,100,1,S,131394,131035,131035,131035,131394,850000,125136.98630136986,1
2699,-74.2344987131,40.5937060739,001,3,L,696864,694960,694960,694960,696864,3200000,450493.15068493155,1
2700,-75.3361887277,40.5965231013,010,2,M,345870,344925,344925,344925,345870,1750000,250273.97260273973,1
2701,-74.0350587277,40.6094741031,000,0,NONE,0,0,0,0,0,0,0.0,0
2702,-73.9083282165,40.5957399069,000,0,NONE,0,0,0,0,0,0,0.0,0
2703,-73.5485097168,40.6105810733,000,0,NONE,0,0,0,0,0,0,0.0,0
2704,-73.5082077216,40.5963250723,000,0,NONE,0,0,0,0,0,0,0.0,0
2705,-89.2446655684,40.6133848051,000,0,NONE,0,0,0,0,0,0,0.0,1
2706,-111.437066993,40.6188065299,000,0,NONE,0,0,0,0,0,0,0.0,0
2707,-76.4356109974,40.6192040959,001,3,L,696864,694960,694960,694960,696864,3200000,450493.15068493155,1
2708,-89.4842967372,40.6206430948,010,2,M,345870,344925,344925,344925,345870,1750000,250273.97260273973,1
2709,-87.3810418368,40.6218378262,100,1,S,131394,131035,131035,131035,131394,850000,125136.98630136986,1
2710,-74.1738387334,40.6222270761,000,0,NONE,0,0,0,0,0,0,0.0,0
2711,-80.5863567133,40.6243511066,000,0,NONE,0,0,0,0,0,0,0.0,0
2712,-89.5183257192,40.6330360907,000,0,NONE,0,0,0,0,0,0,0.0,1
2713,-111.905114748,40.6347461057,100,1,S,131394,131035,131035,131035,131394,850000,125136.98630136986,1
2714,-74.0218467425,40.6407670938,000,0,NONE,0,0,0,0,0,0,0.0,0
2715,-74.2058967162,40.6410910728,000,0,NONE,0,0,0,0,0,0,0.0,1
2716,-73.2635157241,40.6393990982,000,0,NONE,0,0,0,0,0,0,0.0,0
2717,-74.6453217105,40.6424140718,010,2,M,345870,344925,344925,344925,345870,1750000,250273.97260273973,1
2718,-74.2302777343,40.6405421086,000,0,NONE,0,0,0,0,0,0,0.0,0
2719,-87.0154160288,40.6452200384,010,2,M,345870,344925,344925,344925,345870,1750000,250273.97260273973,1
2720,-76.1499772136,40.6431831162,000,0,NONE,0,0,0,0,0,0,0.0,0
2721,-95.7457942747,40.6478347956,010,2,M,345870,344925,344925,344925,345870,1750000,250273.97260273973,1
2722,-74.4770743523,40.6496806191,000,0,NONE,0,0,0,0,0,0,0.0,1
2723,-75.0171222349,40.6494288215,000,0,NONE,0,0,0,0,0,0,0.0,1
2724,-73.5679407198,40.6585960742,000,0,NONE,0,0,0,0,0,0,0.0,0
2725,-85.5007575771,40.6592479874,001,3,L,696864,694960,694960,694960,696864,3200000,450493.15068493155,1
2726,-80.0908225371,40.6607931945,001,3,L,696864,694960,694960,694960,696864,3200000,450493.15068493155,1
2727,-74.1810927261,40.6660930926,000,0,NONE,0,0,0,0,0,0,0.0,1
2728,-73.8016977104,40.6662730811,000,0,NONE,0,0,0,0,0,0,0.0,0
2729,-73.7908437413,40.6448350827,000,0,NONE,0,0,0,0,0,0,0.0,0
2730,-80.5939167283,40.6664621114,000,0,NONE,0,0,0,0,0,0,0.0,0
2731,-73.7400657092,40.6664711101,000,0,NONE,0,0,0,0,0,0,0.0,0
2732,-73.5143727424,40.6714120843,000,0,NONE,0,0,0,0,0,0,0.0,0
2733,-118.068118286,40.6791870157,100,1,S,131394,131035,131035,131035,131394,850000,125136.98630136986,1
2734,-74.0037027404,40.6797100937,000,0,NONE,0,0,0,0,0,0,0.0,0
2735,-74.1926667329,40.6814831045,000,0,NONE,0,0,0,0,0,0,0.0,0
2736,-80.3341928451,40.6833110539,100,1,S,131394,131035,131035,131035,131394,850000,125136.98630136986,1
2737,-73.7260797324,40.6864780758,000,0,NONE,0,0,0,0,0,0,0.0,0
2738,-73.574960727,40.6906900974,000,0,NONE,0,0,0,0,0,0,0.0,0
2739,-99.3869247109,40.6899431034,000,0,NONE,0,0,0,0,0,0,0.0,1
2740,-98.9160266807,40.6903318713,001,3,L,696864,694960,694960,694960,696864,3200000,450493.15068493155,1
2741,-73.5193497147,40.698601089,000,0,NONE,0,0,0,0,0,0,0.0,0
2742,-116.796983734,40.6154375364,000,0,NONE,0,0,0,0,0,0,0.0,1
2743,-116.433240991,40.6618766212,000,0,NONE,0,0,0,0,0,0,0.0,1
2744,-73.4903157455,40.7012560855,000,0,NONE,0,0,0,0,0,0,0.0,0
2745,-74.2459377289,40.7056300957,001,3,L,696864,694960,694960,694960,696864,3200000,450493.15068493155,1
2746,-111.796727707,40.7063500911,000,0,NONE,0,0,0,0,0,0,0.0,0
2747,-74.1516807395,40.7065390791,100,1,S,131394,131035,131035,131035,131394,850000,125136.98630136986,1
2748,-74.0158527107,40.7073401116,000,0,NONE,0,0,0,0,0,0,0.0,0
2749,-80.6858067444,40.7081051037,000,0,NONE,0,0,0,0,0,0,0.0,0
2750,-74.1607347415,40.7095450945,000,0,NONE,0,0,0,0,0,0,0.0,1
2751,-111.791363718,40.7111830729,100,1,S,131394,131035,131035,131035,131394,850000,125136.98630136986,1
2752,-73.4822157236,40.7113901014,000,0,NONE,0,0,0,0,0,0,0.0,0
2753,-74.3236167417,40.7116960813,100,1,S,131394,131035,131035,131035,131394,850000,125136.98630136986,1
2754,-111.813665745,40.714387075,000,0,NONE,0,0,0,0,0,0,0.0,1
2755,-73.8259617366,40.7153051003,000,0,NONE,0,0,0,0,0,0,0.0,0
2756,-88.0278798246,40.7159081227,100,1,S,131394,131035,131035,131035,131394,850000,125136.98630136986,1
2757,-88.7397963214,40.7164631204,100,1,S,131394,131035,131035,131035,131394,850000,125136.98630136986,1
2758,-112.514846724,40.7055760995,000,0,NONE,0,0,0,0,0,0,0.0,1
2759,-112.23623211,40.7173577291,100,1,S,131394,131035,131035,131035,131394,850000,125136.98630136986,1
2760,-75.6241527378,40.7174290885,000,0,NONE,0,0,0,0,0,0,0.0,1
2761,-111.903683714,40.7178701016,100,1,S,131394,131035,131035,131035,131394,850000,125136.98630136986,1
2762,-74.3352087475,40.7209480709,000,0,NONE,0,0,0,0,0,0,0.0,0
2763,-78.1852827126,40.721758102,001,3,L,696864,694960,694960,694960,696864,3200000,450493.15068493155,1
2764,-74.5449031905,40.7232114891,000,0,NONE,0,0,0,0,0,0,0.0,1
2765,-73.7247387353,40.724404099,000,0,NONE,0,0,0,0,0,0,0.0,0
2766,-74.0110287284,40.7259520831,000,0,NONE,0,0,0,0,0,0,0.0,0
2767,-116.063146389,40.7262760405,010,2,M,345870,344925,344925,344925,345870,1750000,250273.97260273973,1
2768,-73.756220714,40.7259520831,000,0,NONE,0,0,0,0,0,0,0.0,0
2769,-73.2866817366,40.7263930963,000,0,NONE,0,0,0,0,0,0,0.0,0
2770,-74.0503677448,40.7309740935,000,0,NONE,0,0,0,0,0,0,0.0,0
2771,-111.497828732,40.7314691037,100,1,S,131394,131035,131035,131035,131394,850000,125136.98630136986,1
2772,-113.567135403,40.733280609,010,2,M,345870,344925,344925,344925,345870,1750000,250273.97260273973,1
2773,-113.201267554,40.726660194,000,0,NONE,0,0,0,0,0,0,0.0,1
2774,-73.9218747449,40.7337010852,000,0,NONE,0,0,0,0,0,0,0.0,0
2775,-74.1235471553,40.7350808233,000,0,NONE,0,0,0,0,0,0,0.0,1
2776,-73.2871767468,40.7360051043,000,0,NONE,0,0,0,0,0,0,0.0,0
2777,-74.3695977478,40.7395780829,000,0,NONE,0,0,0,0,0,0,0.0,0
2778,-73.8455727273,40.7397760704,000,0,NONE,0,0,0,0,0,0,0.0,0
2779,-113.932981737,40.7408877296,010,2,M,345870,344925,344925,344925,345870,1750000,250273.97260273973,1
2780,-73.9546527231,40.741513084,000,0,NONE,0,0,0,0,0,0,0.0,0
2781,-89.6676357149,40.742494104,000,0,NONE,0,0,0,0,0,0,0.0,1
2782,-73.8377247305,40.7432860947,000,0,NONE,0,0,0,0,0,0,0.0,0
2783,-73.7323977441,40.7438081035,000,0,NONE,0,0,0,0,0,0,0.0,0
2784,-73.7715207316,40.7441320824,000,0,NONE,0,0,0,0,0,0,0.0,0
2785,-73.2782217385,40.7456080705,000,0,NONE,0,0,0,0,0,0,0.0,0
2786,-73.1784657266,40.7459860879,000,0,NONE,0,0,0,0,0,0,0.0,0
2787,-73.1644257114,40.7164120704,000,0,NONE,0,0,0,0,0,0,0.0,0
2788,-74.1207117278,40.7469221113,001,3,L,696864,694960,694960,694960,696864,3200000,450493.15068493155,1
2789,-73.9751997372,40.7445280989,000,0,NONE,0,0,0,0,0,0,0.0,0
2790,-111.643833004,40.7469526783,000,0,NONE,0,0,0,0,0,0,0.0,1
2791,-86.1278007474,40.7513140791,001,3,L,696864,694960,694960,694960,696864,3200000,450493.15068493155,1
2792,-73.7444757183,40.7538250852,000,0,NONE,0,0,0,0,0,0,0.0,0
2793,-74.1676827121,40.7481820722,000,0,NONE,0,0,0,0,0,0,0.0,0
2794,-74.1185157443,40.7538610823,000,0,NONE,0,0,0,0,0,0,0.0,1
2795,-73.898717731,40.7541311074,000,0,NONE,0,0,0,0,0,0,0.0,0
2796,-73.615433712,40.7558410801,000,0,NONE,0,0,0,0,0,0,0.0,0
2797,-73.6187097093,40.7558860777,000,0,NONE,0,0,0,0,0,0,0.0,0
2798,-80.2244943262,40.7566726958,100,1,S,131394,131035,131035,131035,131394,850000,125136.98630136986,1
2799,-73.6211757178,40.7567951025,000,0,NONE,0,0,0,0,0,0,0.0,0
2800,-83.233403668,40.7572688798,001,3,L,696864,694960,694960,694960,696864,3200000,450493.15068493155,1
2801,-73.8523047113,40.7582080948,000,0,NONE,0,0,0,0,0,0,0.0,0
2802,-74.2088577349,40.7592881096,000,0,NONE,0,0,0,0,0,0,0.0,1
2803,-74.0098587203,40.7625731064,000,0,NONE,0,0,0,0,0,0,0.0,0
2804,-74.002784716,40.7601520954,000,0,NONE,0,0,0,0,0,0,0.0,0
2805,-111.914744712,40.7636440793,100,1,S,131394,131035,131035,131035,131394,850000,125136.98630136986,1
2806,-73.8399297144,40.7644631099,000,0,NONE,0,0,0,0,0,0,0.0,0
2807,-111.95096972,40.7653450948,000,0,NONE,0,0,0,0,0,0,0.0,1
2808,-73.904531733,40.7681620808,000,0,NONE,0,0,0,0,0,0,0.0,0
2809,-122.314514725,40.7696561101,000,0,NONE,0,0,0,0,0,0,0.0,1
2810,-86.1283137144,40.7707360826,000,0,NONE,0,0,0,0,0,0,0.0,1
2811,-73.5665907232,40.7710241058,000,0,NONE,0,0,0,0,0,0,0.0,0
2812,-73.0467057281,40.7720950787,000,0,NONE,0,0,0,0,0,0,0.0,0
2813,-73.0424937065,40.750738075,000,0,NONE,0,0,0,0,0,0,0.0,0
2814,-76.2240387214,40.7729231088,001,3,L,696864,694960,694960,694960,696864,3200000,450493.15068493155,1
2815,-74.0458677414,40.7775491036,000,0,NONE,0,0,0,0,0,0,0.0,0
2816,-73.0158447097,40.7791330849,000,0,NONE,0,0,0,0,0,0,0.0,0
2817,-74.0566587156,40.7803480906,000,0,NONE,0,0,0,0,0,0,0.0,0
2818,-99.8483279202,40.7816793022,000,0,NONE,0,0,0,0,0,0,0.0,1
2819,-82.4125647078,40.7823910841,010,2,M,345870,344925,344925,344925,345870,1750000,250273.97260273973,1
2820,-73.6229487294,40.7832100733,000,0,NONE,0,0,0,0,0,0,0.0,0
2821,-73.5555927205,40.782778101,000,0,NONE,0,0,0,0,0,0,0.0,0
2822,-81.5110797149,40.7612861064,000,0,NONE,0,0,0,0,0,0,0.0,0
2823,-81.3847377432,40.7851000768,010,2,M,345870,344925,344925,344925,345870,1750000,250273.97260273973,1
2824,-82.1652149591,40.7852387433,000,0,NONE,0,0,0,0,0,0,0.0,0
2825,-74.0497221386,40.7877703168,000,0,NONE,0,0,0,0,0,0,0.0,0
2826,-73.790636712,40.7882500827,000,0,NONE,0,0,0,0,0,0,0.0,0
2827,-102.895284166,40.7888225731,100,1,S,131394,131035,131035,131035,131394,850000,125136.98630136986,1
2828,-73.8222087273,40.7901220881,000,0,NONE,0,0,0,0,0,0,0.0,0
2829,-80.1253906519,40.7916281431,000,0,NONE,0,0,0,0,0,0,0.0,1
2830,-117.128164655,40.7916831268,100,1,S,131394,131035,131035,131035,131394,850000,125136.98630136986,1
2831,-73.4873547267,40.795018107,000,0,NONE,0,0,0,0,0,0,0.0,0
2832,-73.475951709,40.7975651102,000,0,NONE,0,0,0,0,0,0,0.0,0
2833,-124.175066723,40.7987116541,000,0,NONE,0,0,0,0,0,0,0.0,0
2834,-81.7136064704,40.7989157777,000,0,NONE,0,0,0,0,0,0,0.0,0
2835,-81.516200719,40.7609170876,000,0,NONE,0,0,0,0,0,0,0.0,0
2836,-73.4888487147,40.7994730705,000,0,NONE,0,0,0,0,0,0,0.0,0
2837,-81.9196347327,40.7939740903,000,0,NONE,0,0,0,0,0,0,0.0,0
2838,-73.9160697425,40.8031270861,000,0,NONE,0,0,0,0,0,0,0.0,0
2839,-74.071157743,40.8037030902,000,0,NONE,0,0,0,0,0,0,0.0,1
2840,-72.8706567403,40.8041711028,000,0,NONE,0,0,0,0,0,0,0.0,0
2841,-72.8707557341,40.7431691028,000,0,NONE,0,0,0,0,0,0,0.0,0
2842,-73.2810477232,40.8049630935,000,0,NONE,0,0,0,0,0,0,0.0,0
2843,-112.861605768,40.8066869715,000,0,NONE,0,0,0,0,0,0,0.0,1
2844,-98.4605983917,40.8073027077,001,3,L,696864,694960,694960,694960,696864,3200000,450493.15068493155,1
2845,-89.054532486,40.8073572956,010,2,M,345870,344925,344925,344925,345870,1750000,250273.97260273973,1
2846,-74.4485817183,40.8103900775,000,0,NONE,0,0,0,0,0,0,0.0,1
2847,-104.974663207,40.8153325528,010,2,M,345870,344925,344925,344925,345870,1750000,250273.97260273973,1
2848,-73.0545447245,40.8204251005,000,0,NONE,0,0,0,0,0,0,0.0,0
2849,-73.8151077244,40.8207850767,000,0,NONE,0,0,0,0,0,0,0.0,0
2850,-97.0373397374,40.8211090979,000,0,NONE,0,0,0,0,0,0,0.0,1
2851,-96.866373252,40.8205494543,000,0,NONE,0,0,0,0,0,0,0.0,1
2852,-97.9887287942,40.8220641635,100,1,S,131394,131035,131035,131035,131394,850000,125136.98630136986,1
2853,-97.5130564899,40.8219801012,010,2,M,345870,344925,344925,344925,345870,1750000,250273.97260273973,1
2854,-73.8873147133,40.8224770935,000,0,NONE,0,0,0,0,0,0,0.0,0
2855,-74.1245997281,40.8233140818,000,0,NONE,0,0,0,0,0,0,0.0,0
2856,-73.0203987083,40.8234850699,000,0,NONE,0,0,0,0,0,0,0.0,0
2857,-83.9878167325,40.8249880987,100,1,S,131394,131035,131035,131035,131394,850000,125136.98630136986,1
2858,-81.3968337164,40.828300095,000,0,NONE,0,0,0,0,0,0,0.0,1
2859,-111.39127345,40.8286496713,000,0,NONE,0,0,0,0,0,0,0.0,1
2860,-73.8372117221,40.8288581009,000,0,NONE,0,0,0,0,0,0,0.0,0
2861,-84.15827862,40.8329141441,010,2,M,345870,344925,344925,344925,345870,1750000,250273.97260273973,1
2862,-80.3676747128,40.8338350723,010,2,M,345870,344925,344925,344925,345870,1750000,250273.97260273973,1
2863,-74.0203797118,40.8353381012,000,0,NONE,0,0,0,0,0,0,0.0,1
2864,-111.915959718,40.8354730921,100,1,S,131394,131035,131035,131035,131394,850000,125136.98630136986,1
2865,-73.8818247326,40.8357880725,000,0,NONE,0,0,0,0,0,0,0.0,0
2866,-73.8737067117,40.8363460775,000,0,NONE,0,0,0,0,0,0,0.0,0
2867,-73.8247377315,40.8363460775,000,0,NONE,0,0,0,0,0,0,0.0,0
2868,-73.8771987378,40.8367690925,000,0,NONE,0,0,0,0,0,0,0.0,0
2869,-73.8809337059,40.8375160865,000,0,NONE,0,0,0,0,0,0,0.0,0
2870,-73.3171111605,40.8399221525,000,0,NONE,0,0,0,0,0,0,0.0,0
2871,-122.328239719,40.8400720893,100,1,S,131394,131035,131035,131035,131394,850000,125136.98630136986,1
2872,-72.890609709,40.8440410843,000,0,NONE,0,0,0,0,0,0,0.0,0
2873,-73.9269957068,40.8451030991,000,0,NONE,0,0,0,0,0,0,0.0,1
2874,-77.9807766194,40.8454177467,000,0,NONE,0,0,0,0,0,0,0.0,1
2875,-74.0162307282,40.845985084,001,3,L,696864,694960,694960,694960,696864,3200000,450493.15068493155,1
2876,-74.005052737,40.8431141018,000,0,NONE,0,0,0,0,0,0,0.0,1
2877,-74.1759447235,40.8534821033,001,3,L,696864,694960,694960,694960,696864,3200000,450493.15068493155,1
2878,-73.9634367424,40.853887077,100,1,S,131394,131035,131035,131035,131394,850000,125136.98630136986,1
2879,-72.6880607618,40.8554434348,000,0,NONE,0,0,0,0,0,0,0.0,0
2880,-73.9751547405,40.858630106,100,1,S,131394,131035,131035,131035,131394,850000,125136.98630136986,1
2881,-74.3668257171,40.8589000879,000,0,NONE,0,0,0,0,0,0,0.0,0
2882,-84.3213567335,40.8593231029,000,0,NONE,0,0,0,0,0,0,0.0,1
2883,-73.0687827272,40.8607630937,000,0,NONE,0,0,0,0,0,0,0.0,0
2884,-73.8276267127,40.8607900923,000,0,NONE,0,0,0,0,0,0,0.0,0
2885,-96.7160937385,40.8624100708,100,1,S,131394,131035,131035,131035,131394,850000,125136.98630136986,1
2886,-96.7071207312,40.816636094,000,0,NONE,0,0,0,0,0,0,0.0,0
2887,-74.4165417336,40.8642280791,001,3,L,696864,694960,694960,694960,696864,3200000,450493.15068493155,1
2888,-74.0106957076,40.8647950845,000,0,NONE,0,0,0,0,0,0,0.0,0
2889,-73.024106721,40.8679540899,000,0,NONE,0,0,0,0,0,0,0.0,0
2890,-76.0337816819,40.8694958696,001,3,L,696864,694960,694960,694960,696864,3200000,450493.15068493155,1
2891,-90.0437458886,40.8702206513,100,1,S,131394,131035,131035,131035,131394,850000,125136.98630136986,1
2892,-87.4352914365,40.872278596,000,0,NONE,0,0,0,0,0,0,0.0,1
2893,-115.72328372,40.8738130894,001,3,L,696864,694960,694960,694960,696864,3200000,450493.15068493155,1
2894,-74.1680157319,40.8756400972,000,0,NONE,0,0,0,0,0,0,0.0,0
2895,-74.1664587069,40.875721092,000,0,NONE,0,0,0,0,0,0,0.0,1
2896,-114.243991343,40.8766943023,100,1,S,131394,131035,131035,131035,131394,850000,125136.98630136986,1
2897,-93.801603872,40.881062885,000,0,NONE,0,0,0,0,0,0,0.0,1
2898,-84.5751819697,40.8854878724,100,1,S,131394,131035,131035,131035,131394,850000,125136.98630136986,1
2899,-81.6164259261,40.8855188108,000,0,NONE,0,0,0,0,0,0,0.0,0
2900,-74.1321777421,40.8860980921,000,0,NONE,0,0,0,0,0,0,0.0,0
2901,-73.8152427163,40.8867100942,000,0,NONE,0,0,0,0,0,0,0.0,0
2902,-87.2008507021,40.88778089,001,3,L,696864,694960,694960,694960,696864,3200000,450493.15068493155,1
2903,-74.1310797283,40.8898061039,000,0,NONE,0,0,0,0,0,0,0.0,1
2904,-75.6458838343,40.8900357107,001,3,L,696864,694960,694960,694960,696864,3200000,450493.15068493155,1
2905,-72.5011167168,40.8901480819,000,0,NONE,0,0,0,0,0,0,0.0,0
2906,-73.8159897094,40.8919300921,000,0,NONE,0,0,0,0,0,0,0.0,0
2907,-72.8834817076,40.8958990881,000,0,NONE,0,0,0,0,0,0,0.0,0
2908,-80.7224997224,40.9004530867,000,0,NONE,0,0,0,0,0,0,0.0,1
2909,-74.1093627485,40.9032700728,010,2,M,345870,344925,344925,344925,345870,1750000,250273.97260273973,1
2910,-81.1680717385,40.9036840883,001,3,L,696864,694960,694960,694960,696864,3200000,450493.15068493155,1
2911,-102.512561732,40.9040081086,000,0,NONE,0,0,0,0,0,0,0.0,1
2912,-80.4951708376,40.904387395,001,3,L,696864,694960,694960,694960,696864,3200000,450493.15068493155,1
2913,-82.1500893192,40.9082085901,000,0,NONE,0,0,0,0,0,0,0.0,1
2914,-74.1740727181,40.9083640792,000,0,NONE,0,0,0,0,0,0,0.0,0
2915,-83.8232157177,40.9147180881,010,2,M,345870,344925,344925,344925,345870,1750000,250273.97260273973,1
2916,-96.4707853529,40.9181987531,000,0,NONE,0,0,0,0,0,0,0.0,1
2917,-80.1329007455,40.9184350994,000,0,NONE,0,0,0,0,0,0,0.0,1
2918,-72.880466735,40.9208020719,000,0,NONE,0,0,0,0,0,0,0.0,0
2919,-72.719726722,40.9226740763,000,0,NONE,0,0,0,0,0,0,0.0,0
2920,-80.8407417136,40.9240510715,000,0,NONE,0,0,0,0,0,0,0.0,1
2921,-74.7882359096,40.9259634951,010,2,M,345870,344925,344925,344925,345870,1750000,250273.97260273973,1
2922,-80.8667337107,40.9254911046,100,1,S,131394,131035,131035,131035,131394,850000,125136.98630136986,1
2923,-73.1201007241,40.9264090867,000,0,NONE,0,0,0,0,0,0,0.0,0
2924,-73.8400107091,40.9278850756,100,1,S,131394,131035,131035,131035,131394,850000,125136.98630136986,1
2925,-117.805066793,40.9284537448,100,1,S,131394,131035,131035,131035,131394,850000,125136.98630136986,1
2926,-95.7986575019,40.9296035524,000,0,NONE,0,0,0,0,0,0,0.0,1
2927,-81.4347654449,40.931053398,000,0,NONE,0,0,0,0,0,0,0.0,1
2928,-73.8566067271,40.9314580965,000,0,NONE,0,0,0,0,0,0,0.0,1
2929,-102.322189113,40.9315417335,010,2,M,345870,344925,344925,344925,345870,1750000,250273.97260273973,1
2930,-73.0090407295,40.9332131091,000,0,NONE,0,0,0,0,0,0,0.0,0
2931,-73.8075117123,40.9350580737,100,1,S,131394,131035,131035,131035,131394,850000,125136.98630136986,1
2932,-81.1128297433,40.9372720984,000,0,NONE,0,0,0,0,0,0,0.0,1
2933,-72.657284732,40.9402150759,000,0,NONE,0,0,0,0,0,0,0.0,0
2934,-83.4002517081,40.9405120986,001,3,L,696864,694960,694960,694960,696864,3200000,450493.15068493155,1
2935,-117.481973716,40.9442831061,100,1,S,131394,131035,131035,131035,131394,850000,125136.98630136986,1
2936,-80.6375577173,40.9542100935,100,1,S,131394,131035,131035,131035,131394,850000,125136.98630136986,1
2937,-77.7688977393,40.9562800856,010,2,M,345870,344925,344925,344925,345870,1750000,250273.97260273973,1
2938,-73.8514587244,40.9568650901,000,0,NONE,0,0,0,0,0,0,0.0,0
2939,-80.6428497113,40.9583050809,000,0,NONE,0,0,0,0,0,0,0.0,1
2940,-85.2914667381,40.9602310825,010,2,M,345870,344925,344925,344925,345870,1750000,250273.97260273973,1
2941,-85.1218430124,40.9657277011,001,3,L,696864,694960,694960,694960,696864,3200000,450493.15068493155,1
2942,-100.28717124,40.9696103181,000,0,NONE,0,0,0,0,0,0,0.0,1
2943,-111.438743734,40.970392096,010,2,M,345870,344925,344925,344925,345870,1750000,250273.97260273973,1
2944,-88.5531132156,40.9742778004,100,1,S,131394,131035,131035,131035,131394,850000,125136.98630136986,1
2945,-73.9119996079,40.9859735906,000,0,NONE,0,0,0,0,0,0,0.0,0
2946,-73.6703427278,40.9874290858,000,0,NONE,0,0,0,0,0,0,0.0,0
2947,-73.8394257469,40.9890221089,000,0,NONE,0,0,0,0,0,0,0.0,0
2948,-80.3896977149,40.992586088,000,0,NONE,0,0,0,0,0,0,0.0,0
2949,-75.1419147431,40.9929821044,000,0,NONE,0,0,0,0,0,0,0.0,1
2950,-75.1441647236,40.9896611096,000,0,NONE,0,0,0,0,0,0,0.0,0
2951,-83.6523237322,40.995637101,001,3,L,696864,694960,694960,694960,696864,3200000,450493.15068493155,1
2952,-124.112689672,40.9983513835,000,0,NONE,0,0,0,0,0,0,0.0,0
2953,-87.9060189561,40.9988326215,100,1,S,131394,131035,131035,131035,131394,850000,125136.98630136986,1
2954,-77.6062871096,40.9995738859,000,0,NONE,0,0,0,0,0,0,0.0,1
2955,-84.807833707,41.0000291102,000,0,NONE,0,0,0,0,0,0,0.0,1
2956,-75.2794433763,41.0025532562,010,2,M,345870,344925,344925,344925,345870,1750000,250273.97260273973,1
2957,-122.409418701,41.0066292176,100,1,S,131394,131035,131035,131035,131394,850000,125136.98630136986,1
2958,-73.7171787203,41.0141950754,100,1,S,131394,131035,131035,131035,131394,850000,125136.98630136986,1
2959,-111.940458737,41.0149161465,010,2,M,345870,344925,344925,344925,345870,1750000,250273.97260273973,1
2960,-74.2967166991,41.0176496565,001,3,L,696864,694960,694960,694960,696864,3200000,450493.15068493155,1
2961,-73.715360712,41.0187670731,010,2,M,345870,344925,344925,344925,345870,1750000,250273.97260273973,1
2962,-81.5007837086,41.0241851009,010,2,M,345870,344925,344925,344925,345870,1750000,250273.97260273973,1
2963,-78.1536254776,40.9866947633,001,3,L,696864,694960,694960,694960,696864,3200000,450493.15068493155,1
2964,-81.5017737291,41.0252650733,100,1,S,131394,131035,131035,131035,131394,850000,125136.98630136986,1
2965,-73.7318127396,41.0260301077,100,1,S,131394,131035,131035,131035,131394,850000,125136.98630136986,1
2966,-102.154910737,41.0263630862,100,1,S,131394,131035,131035,131035,131394,850000,125136.98630136986,1
2967,-83.672987739,41.028172095,010,2,M,345870,344925,344925,344925,345870,1750000,250273.97260273973,1
2968,-80.3901117304,41.0285050735,000,0,NONE,0,0,0,0,0,0,0.0,0
2969,-81.8904207335,41.0305211107,001,3,L,696864,694960,694960,694960,696864,3200000,450493.15068493155,1
2970,-73.7239557442,41.0309350839,000,0,NONE,0,0,0,0,0,0,0.0,0
2971,-80.7397527392,41.0323660752,000,0,NONE,0,0,0,0,0,0,0.0,1
2972,-115.375103479,41.0337649734,010,2,M,345870,344925,344925,344925,345870,1750000,250273.97260273973,1
2973,-81.5689947461,41.035498083,000,0,NONE,0,0,0,0,0,0,0.0,1
2974,-81.5656467113,41.0354620849,000,0,NONE,0,0,0,0,0,0,0.0,1
2975,-73.6756797185,41.0364251068,001,3,L,696864,694960,694960,694960,696864,3200000,450493.15068493155,1
2976,-76.5690571753,41.0029247212,000,0,NONE,0,0,0,0,0,0,0.0,1
2977,-76.2884806858,41.0109929062,010,2,M,345870,344925,344925,344925,345870,1750000,250273.97260273973,1
2978,-81.6628917172,41.0396741065,000,0,NONE,0,0,0,0,0,0,0.0,1
2979,-90.3344548984,41.039784903,001,3,L,696864,694960,694960,694960,696864,3200000,450493.15068493155,1
2980,-73.5452575785,41.0465202135,000,0,NONE,0,0,0,0,0,0,0.0,0
2981,-76.0131237221,41.0465500818,000,0,NONE,0,0,0,0,0,0,0.0,1
2982,-86.2247143891,41.0470392303,001,3,L,696864,694960,694960,694960,696864,3200000,450493.15068493155,1
2983,-76.8401157484,41.0494391044,001,3,L,696864,694960,694960,694960,696864,3200000,450493.15068493155,1
2984,-73.8099237246,41.054317083,001,3,L,696864,694960,694960,694960,696864,3200000,450493.15068493155,1
2985,-77.436725733,41.0545331109,100,1,S,131394,131035,131035,131035,131394,850000,125136.98630136986,1
2986,-80.1251337515,41.0555738325,000,0,NONE,0,0,0,0,0,0,0.0,1
2987,-73.8353127191,41.0565131087,000,0,NONE,0,0,0,0,0,0,0.0,1
2988,-73.8226407409,41.0588710816,000,0,NONE,0,0,0,0,0,0,0.0,1
2989,-84.9782937203,41.0596270751,100,1,S,131394,131035,131035,131035,131394,850000,125136.98630136986,1
2990,-81.5662137159,41.0599510964,000,0,NONE,0,0,0,0,0,0,0.0,1
2991,-84.9810837077,41.0606170947,100,1,S,131394,131035,131035,131035,131394,850000,125136.98630136986,1
2992,-75.853135474,41.0539693439,100,1,S,131394,131035,131035,131035,131394,850000,125136.98630136986,1
2993,-81.5055087394,41.0616881099,010,2,M,345870,344925,344925,344925,345870,1750000,250273.97260273973,1
2994,-84.9895707466,41.0629390705,000,0,NONE,0,0,0,0,0,0,0.0,1
2995,-74.057018734,41.066152073,001,3,L,696864,694960,694960,694960,696864,3200000,450493.15068493155,1
2996,-75.6941367446,41.0683480987,100,1,S,131394,131035,131035,131035,131394,850000,125136.98630136986,1
2997,-77.1413711529,41.0431117785,000,0,NONE,0,0,0,0,0,0,0.0,1
2998,-85.0380807147,41.0698870833,100,1,S,131394,131035,131035,131035,131394,850000,125136.98630136986,1
2999,-75.3949587453,41.0706430759,010,2,M,345870,344925,344925,344925,345870,1750000,250273.97260273973,1
3000,-96.2853184335,41.0718523673,100,1,S,131394,131035,131035,131035,131394,850000,125136.98630136986,1
3001,-111.722917628,41.0771249863,000,0,NONE,0,0,0,0,0,0,0.0,1
3002,-114.590106532,41.0743306839,010,2,M,345870,344925,344925,344925,345870,1750000,250273.97260273973,1
3003,-75.5454535152,41.0765445999,001,3,L,696864,694960,694960,694960,696864,3200000,450493.15068493155,1
3004,-80.6350022353,41.0799253133,000,0,NONE,0,0,0,0,0,0,0.0,1
3005,-89.0724520866,41.0892059562,000,0,NONE,0,0,0,0,0,0,0.0,1
3006,-74.0394327378,41.0977150878,000,0,NONE,0,0,0,0,0,0,0.0,1
3007,-73.5735793134,41.1011094907,010,2,M,345870,344925,344925,344925,345870,1750000,250273.97260273973,1
3008,-73.9923807174,41.1017110814,001,3,L,696864,694960,694960,694960,696864,3200000,450493.15068493155,1
3009,-73.4202687429,41.106841085,000,0,NONE,0,0,0,0,0,0,0.0,0
3010,-100.73976153,41.1075075402,000,0,NONE,0,0,0,0,0,0,0.0,1
3011,-80.8378797309,41.1093520911,010,2,M,345870,344925,344925,344925,345870,1750000,250273.97260273973,1
3012,-81.1786352868,41.1057662117,100,1,S,131394,131035,131035,131035,131394,850000,125136.98630136986,1
3013,-102.600398309,41.1134090138,000,0,NONE,0,0,0,0,0,0,0.0,0
3014,-104.850815725,41.1137351008,100,1,S,131394,131035,131035,131035,131394,850000,125136.98630136986,1
3015,-78.5445157888,41.1143967941,000,0,NONE,0,0,0,0,0,0,0.0,1
3016,-105.227029407,41.1045505747,000,0,NONE,0,0,0,0,0,0,0.0,1
3017,-114.980280366,41.1176508002,001,3,L,696864,694960,694960,694960,696864,3200000,450493.15068493155,1
3018,-85.1813787227,41.1177940901,000,0,NONE,0,0,0,0,0,0,0.0,1
3019,-101.688289306,41.1191713704,000,0,NONE,0,0,0,0,0,0,0.0,1
3020,-85.1866167197,41.1223480897,001,3,L,696864,694960,694960,694960,696864,3200000,450493.15068493155,1
3021,-74.1644877086,41.1232210751,010,2,M,345870,344925,344925,344925,345870,1750000,250273.97260273973,1
3022,-81.653036725,41.1232660727,000,0,NONE,0,0,0,0,0,0,0.0,0
3023,-80.7501657374,41.1244540798,000,0,NONE,0,0,0,0,0,0,0.0,1
3024,-80.7483477291,41.1249850872,000,0,NONE,0,0,0,0,0,0,0.0,1
3025,-80.7463947298,41.1272621077,100,1,S,131394,131035,131035,131035,131394,850000,125136.98630136986,1
3026,-101.215750313,41.1359091008,100,1,S,131394,131035,131035,131035,131394,850000,125136.98630136986,1
3027,-103.053814575,41.1370261784,000,0,NONE,0,0,0,0,0,0,0.0,0
3028,-73.4312127062,41.1415271081,001,3,L,696864,694960,694960,694960,696864,3200000,450493.15068493155,1
3029,-87.4541053319,41.1450233377,000,0,NONE,0,0,0,0,0,0,0.0,1
3030,-80.6744217257,41.1499961065,000,0,NONE,0,0,0,0,0,0,0.0,1
3031,-78.9608847469,41.1397180993,010,2,M,345870,344925,344925,344925,345870,1750000,250273.97260273973,1
3032,-104.399296208,41.1577453641,000,0,NONE,0,0,0,0,0,0,0.0,0
3033,-81.7856067132,41.1619570879,001,3,L,696864,694960,694960,694960,696864,3200000,450493.15068493155,1
3034,-85.103528721,41.171182079,000,0,NONE,0,0,0,0,0,0,0.0,1
3035,-73.1918667412,41.171434105,000,0,NONE,0,0,0,0,0,0,0.0,0
3036,-87.2767487739,41.1725853946,100,1,S,131394,131035,131035,131035,131394,850000,125136.98630136986,1
3037,-85.5529069909,41.1753961519,010,2,M,345870,344925,344925,344925,345870,1750000,250273.97260273973,1
3038,-80.443409725,41.1846190916,010,2,M,345870,344925,344925,344925,345870,1750000,250273.97260273973,1
3039,-122.288684717,41.1849250715,001,3,L,696864,694960,694960,694960,696864,3200000,450493.15068493155,1
3040,-80.3015544992,41.1839715473,000,0,NONE,0,0,0,0,0,0,0.0,1
3041,-112.008497735,41.1874990733,000,0,NONE,0,0,0,0,0,0,0.0,1
3042,-77.302573117,41.189715823,001,3,L,696864,694960,694960,694960,696864,3200000,450493.15068493155,1
3043,-79.3569335325,41.178284465,000,0,NONE,0,0,0,0,0,0,0.0,1
3044,-73.8060665099,41.19056983,000,0,NONE,0,0,0,0,0,0,0.0,0
3045,-103.952262308,41.192281605,000,0,NONE,0,0,0,0,0,0,0.0,0
3046,-73.2911186498,41.1929186434,010,2,M,345870,344925,344925,344925,345870,1750000,250273.97260273973,1
3047,-88.3151915078,41.1957843169,100,1,S,131394,131035,131035,131035,131394,850000,125136.98630136986,1
3048,-80.1598287246,41.1979661099,100,1,S,131394,131035,131035,131035,131394,850000,125136.98630136986,1
3049,-79.7501366265,41.1748604608,100,1,S,131394,131035,131035,131035,131394,850000,125136.98630136986,1
3050,-111.108621407,41.2005069465,000,0,NONE,0,0,0,0,0,0,0.0,1
3051,-74.0330624621,41.2077301771,000,0,NONE,0,0,0,0,0,0,0.0,0
3052,-75.8860190632,41.2143776545,000,0,NONE,0,0,0,0,0,0,0.0,1
3053,-75.804074887,41.214403117,100,1,S,131394,131035,131035,131035,131394,850000,125136.98630136986,1
3054,-75.4836575693,41.2214926571,000,0,NONE,0,0,0,0,0,0,0.0,0
3055,-103.496377317,41.2210291141,000,0,NONE,0,0,0,0,0,0,0.0,0
3056,-124.092464735,41.2237150815,000,0,NONE,0,0,0,0,0,0,0.0,0
3057,-96.0871557461,41.2246511049,000,0,NONE,0,0,0,0,0,0,0.0,1
3058,-73.6829456984,41.2265982468,000,0,NONE,0,0,0,0,0,0,0.0,0
3059,-95.9524257303,41.2262980819,010,2,M,345870,344925,344925,344925,345870,1750000,250273.97260273973,1
3060,-80.7088557227,41.2281160902,000,0,NONE,0,0,0,0,0,0,0.0,1
3061,-81.6276027329,41.2286200999,100,1,S,131394,131035,131035,131035,131394,850000,125136.98630136986,1
3062,-95.8390707162,41.228809088,000,0,NONE,0,0,0,0,0,0,0.0,1
3063,-95.8937817454,41.2321300828,001,3,L,696864,694960,694960,694960,696864,3200000,450493.15068493155,1
3064,-77.0397537215,41.2318601001,010,2,M,345870,344925,344925,344925,345870,1750000,250273.97260273973,1
3065,-93.7806102187,41.2325785064,001,3,L,696864,694960,694960,694960,696864,3200000,450493.15068493155,1
3066,-73.1536077395,41.2367560767,001,3,L,696864,694960,694960,694960,696864,3200000,450493.15068493155,1
3067,-73.0556215403,41.2373895124,000,0,NONE,0,0,0,0,0,0,0.0,0
3068,-76.8127378655,41.2392471296,000,0,NONE,0,0,0,0,0,0,0.0,1
3069,-81.0740951568,41.2429415139,010,2,M,345870,344925,344925,344925,345870,1750000,250273.97260273973,1
3070,-81.5855189424,41.252899894,100,1,S,131394,131035,131035,131035,131394,850000,125136.98630136986,1
3071,-81.3714267229,41.2558810998,100,1,S,131394,131035,131035,131035,131394,850000,125136.98630136986,1
3072,-81.3632367067,41.2562140774,000,0,NONE,0,0,0,0,0,0,0.0,1
3073,-81.5013507141,41.2585540945,001,3,L,696864,694960,694960,694960,696864,3200000,450493.15068493155,1
3074,-95.9076687284,41.2618120937,000,0,NONE,0,0,0,0,0,0,0.0,1
3075,-87.8441883576,41.2676482108,000,0,NONE,0,0,0,0,0,0,0.0,1
3076,-85.910979259,41.269346147,100,1,S,131394,131035,131035,131035,131394,850000,125136.98630136986,1
3077,-80.777660722,41.2740880968,000,0,NONE,0,0,0,0,0,0,0.0,0
3078,-81.6361950994,41.2751704417,000,0,NONE,0,0,0,0,0,0,0.0,1
3079,-83.6413996969,41.2768318438,000,0,NONE,0,0,0,0,0,0,0.0,1
3080,-80.8762917225,41.2629551032,000,0,NONE,0,0,0,0,0,0,0.0,0
3081,-105.518858706,41.2829531117,000,0,NONE,0,0,0,0,0,0,0.0,1
3082,-72.916070741,41.2994770922,000,0,NONE,0,0,0,0,0,0,0.0,0
3083,-72.9137397234,41.3015200857,000,0,NONE,0,0,0,0,0,0,0.0,0
3084,-72.6372113774,41.2886500785,000,0,NONE,0,0,0,0,0,0,0.0,0
3085,-81.5174157247,41.30374311,100,1,S,131394,131035,131035,131035,131394,850000,125136.98630136986,1
3086,-74.028164711,41.3066770879,000,0,NONE,0,0,0,0,0,0,0.0,0
3087,-74.1279927182,41.3072530929,001,3,L,696864,694960,694960,694960,696864,3200000,450493.15068493155,1
3088,-110.735151515,41.3088370742,000,0,NONE,0,0,0,0,0,0,0.0,1
3089,-74.1223767461,41.311069098,001,3,L,696864,694960,694960,694960,696864,3200000,450493.15068493155,1
3090,-72.3589077229,41.3161901021,000,0,NONE,0,0,0,0,0,0,0.0,0
3091,-74.1336087335,41.3163970892,010,2,M,345870,344925,344925,344925,345870,1750000,250273.97260273973,1
3092,-73.8172587112,41.3323811041,000,0,NONE,0,0,0,0,0,0,0.0,0
3093,-81.8167557134,41.3327050831,010,2,M,345870,344925,344925,344925,345870,1750000,250273.97260273973,1
3094,-96.0366373923,41.3375435049,000,0,NONE,0,0,0,0,0,0,0.0,1
3095,-86.2736907132,41.3500390955,000,0,NONE,0,0,0,0,0,0,0.0,1
3096,-81.5126438391,41.3521811053,000,0,NONE,0,0,0,0,0,0,0.0,1
3097,-95.699571199,41.352705973,010,2,M,345870,344925,344925,344925,345870,1750000,250273.97260273973,1
3098,-81.0394845752,41.3538905969,000,0,NONE,0,0,0,0,0,0,0.0,0
3099,-95.9002707452,41.3543140705,100,1,S,131394,131035,131035,131035,131394,850000,125136.98630136986,1
3100,-75.7149631456,41.3557115648,010,2,M,345870,344925,344925,344925,345870,1750000,250273.97260273973,1
3101,-72.9481286464,41.3558977335,001,3,L,696864,694960,694960,694960,696864,3200000,450493.15068493155,1
3102,-81.5144547482,41.3569691093,100,1,S,131394,131035,131035,131035,131394,850000,125136.98630136986,1
3103,-110.33127204,41.3589125443,010,2,M,345870,344925,344925,344925,345870,1750000,250273.97260273973,1
3104,-89.0592807346,41.367868076,100,1,S,131394,131035,131035,131035,131394,850000,125136.98630136986,1
3105,-75.1828846251,41.3596061059,000,0,NONE,0,0,0,0,0,0,0.0,1
3106,-74.7688299985,41.3419428526,000,0,NONE,0,0,0,0,0,0,0.0,1
3107,-89.2230101894,41.3683114543,010,2,M,345870,344925,344925,344925,345870,1750000,250273.97260273973,1
3108,-75.5740407471,41.3730070791,000,0,NONE,0,0,0,0,0,0,0.0,1
3109,-72.192758724,41.3752751001,000,0,NONE,0,0,0,0,0,0,0.0,0
3110,-72.0186452194,41.3624913271,000,0,NONE,0,0,0,0,0,0,0.0,0
3111,-88.7624646365,41.3752481015,001,3,L,696864,694960,694960,694960,696864,3200000,450493.15068493155,1
3112,-88.4641720432,41.3781769416,000,0,NONE,0,0,0,0,0,0,0.0,1
3113,-81.9953517467,41.3791091042,000,0,NONE,0,0,0,0,0,0,0.0,1
3114,-82.0091847326,41.3794240837,100,1,S,131394,131035,131035,131035,131394,850000,125136.98630136986,1
3115,-80.1585237247,41.3796851092,100,1,S,131394,131035,131035,131035,131394,850000,125136.98630136986,1
3116,-73.0776595476,41.3859282505,000,0,NONE,0,0,0,0,0,0,0.0,0
3117,-82.6091958254,41.3229669236,001,3,L,696864,694960,694960,694960,696864,3200000,450493.15068493155,1
3118,-82.1778627357,41.3866600774,010,2,M,345870,344925,344925,344925,345870,1750000,250273.97260273973,1
3119,-83.045576174,41.3868982539,001,3,L,696864,694960,694960,694960,696864,3200000,450493.15068493155,1
3120,-81.2164467156,41.3872360824,000,0,NONE,0,0,0,0,0,0,0.0,0
3121,-104.872314005,41.3874955458,001,3,L,696864,694960,694960,694960,696864,3200000,450493.15068493155,1
3122,-82.1616717337,41.3892250797,100,1,S,131394,131035,131035,131035,131394,850000,125136.98630136986,1
3123,-73.5980097476,41.3906741114,000,0,NONE,0,0,0,0,0,0,0.0,1
3124,-81.3672484969,41.3909329624,000,0,NONE,0,0,0,0,0,0,0.0,0
3125,-86.6231245308,41.3933937485,100,1,S,131394,131035,131035,131035,131394,850000,125136.98630136986,1
3126,-71.8434777336,41.3940041058,000,0,NONE,0,0,0,0,0,0,0.0,0
3127,-71.8078107319,41.3572570902,000,0,NONE,0,0,0,0,0,0,0.0,0
3128,-71.5919052066,41.3952793418,000,0,NONE,0,0,0,0,0,0,0.0,0
3129,-74.3393487316,41.3975320877,000,0,NONE,0,0,0,0,0,0,0.0,1
3130,-81.5084697159,41.3987740911,000,0,NONE,0,0,0,0,0,0,0.0,1
3131,-89.3829837425,41.4003040762,000,0,NONE,0,0,0,0,0,0,0.0,1
3132,-89.3282007181,41.2568800767,000,0,NONE,0,0,0,0,0,0,0.0,0
3133,-89.7004150277,41.3870753816,001,3,L,696864,694960,694960,694960,696864,3200000,450493.15068493155,1
3134,-72.8372976193,41.4036150076,000,0,NONE,0,0,0,0,0,0,0.0,0
3135,-81.6470517341,41.4070900995,000,0,NONE,0,0,0,0,0,0,0.0,0
3136,-74.0789022512,41.4077329412,000,0,NONE,0,0,0,0,0,0,0.0,1
3137,-71.8557717358,41.411356075,000,0,NONE,0,0,0,0,0,0,0.0,0
3138,-122.38166503,41.41350288,001,3,L,696864,694960,694960,694960,696864,3200000,450493.15068493155,1
3139,-105.847976741,41.4147942084,000,0,NONE,0,0,0,0,0,0,0.0,1
3140,-90.0147910723,41.4084510418,000,0,NONE,0,0,0,0,0,0,0.0,1
3141,-73.4542257287,41.3962000902,000,0,NONE,0,0,0,0,0,0,0.0,0
3142,-73.4204876055,41.4176785653,100,1,S,131394,131035,131035,131035,131394,850000,125136.98630136986,1
3143,-81.6888657162,41.420644104,000,0,NONE,0,0,0,0,0,0,0.0,0
3144,-87.4700247342,41.4207340983,010,2,M,345870,344925,344925,344925,345870,1750000,250273.97260273973,1
3145,-81.8187447107,41.4207700955,000,0,NONE,0,0,0,0,0,0,0.0,0
3146,-73.419728736,41.4209950816,000,0,NONE,0,0,0,0,0,0,0.0,0
3147,-81.5320587425,41.4241090894,000,0,NONE,0,0,0,0,0,0,0.0,0
3148,-81.5791017221,41.4242170827,000,0,NONE,0,0,0,0,0,0,0.0,0
3149,-75.6099777316,41.4248740824,000,0,NONE,0,0,0,0,0,0,0.0,1
3150,-81.5873367349,41.4272950933,000,0,NONE,0,0,0,0,0,0,0.0,0
3151,-81.5071467169,41.4287440837,000,0,NONE,0,0,0,0,0,0,0.0,1
3152,-73.8099687608,41.4336560062,000,0,NONE,0,0,0,0,0,0,0.0,0
3153,-90.3299367332,41.4404710804,010,2,M,345870,344925,344925,344925,345870,1750000,250273.97260273973,1
3154,-86.9731666858,41.4411095711,001,3,L,696864,694960,694960,694960,696864,3200000,450493.15068493155,1
3155,-74.370128713,41.4477160736,000,0,NONE,0,0,0,0,0,0,0.0,1
3156,-73.2384762214,41.4549426209,010,2,M,345870,344925,344925,344925,345870,1750000,250273.97260273973,1
3157,-81.6945897238,41.4610090958,000,0,NONE,0,0,0,0,0,0,0.0,0
3158,-85.0541804894,41.4617237133,010,2,M,345870,344925,344925,344925,345870,1750000,250273.97260273973,1
3159,-112.054849283,41.4623464254,100,1,S,131394,131035,131035,131035,131394,850000,125136.98630136986,1
3160,-90.4952487438,41.4578500895,100,1,S,131394,131035,131035,131035,131394,850000,125136.98630136986,1
3161,-72.5380310746,41.463265743,000,0,NONE,0,0,0,0,0,0,0.0,0
3162,-81.9480556646,41.4681922822,000,0,NONE,0,0,0,0,0,0,0.0,1
3163,-87.3239817362,41.4712061074,100,1,S,131394,131035,131035,131035,131394,850000,125136.98630136986,1
3164,-81.6989547354,41.4740770896,100,1,S,131394,131035,131035,131035,131394,850000,125136.98630136986,1
3165,-81.6931587325,41.4741580843,100,1,S,131394,131035,131035,131035,131394,850000,125136.98630136986,1
3166,-81.6934557129,41.4774790792,000,0,NONE,0,0,0,0,0,0,0.0,1
3167,-90.6308645497,41.4780433813,010,2,M,345870,344925,344925,344925,345870,1750000,250273.97260273973,1
3168,-81.6615417206,41.4797830982,000,0,NONE,0,0,0,0,0,0,0.0,0
3169,-81.6487617077,41.4798370944,000,0,NONE,0,0,0,0,0,0,0.0,0
3170,-75.6802677184,41.4824560938,100,1,S,131394,131035,131035,131035,131394,850000,125136.98630136986,1
3171,-88.1974407371,41.4862990965,100,1,S,131394,131035,131035,131035,131394,850000,125136.98630136986,1
3172,-86.2990081684,41.4866295848,000,0,NONE,0,0,0,0,0,0,0.0,1
3173,-71.9776232882,41.4875680984,000,0,NONE,0,0,0,0,0,0,0.0,0
3174,-95.9009187454,41.4935530893,010,2,M,345870,344925,344925,344925,345870,1750000,250273.97260273973,1
3175,-73.6665009599,41.4949754696,010,2,M,345870,344925,344925,344925,345870,1750000,250273.97260273973,1
3176,-81.6779487092,41.4958931055,000,0,NONE,0,0,0,0,0,0,0.0,1
3177,-94.6715504673,41.4931581808,000,0,NONE,0,0,0,0,0,0,0.0,1
3178,-94.2157150003,41.4981462175,100,1,S,131394,131035,131035,131035,131394,850000,125136.98630136986,1
3179,-95.1280421236,41.4981381308,010,2,M,345870,344925,344925,344925,345870,1750000,250273.97260273973,1
3180,-95.5850007377,41.498854082,010,2,M,345870,344925,344925,344925,345870,1750000,250273.97260273973,1
3181,-95.7435872314,41.498535266,000,0,NONE,0,0,0,0,0,0,0.0,1
3182,-74.2250712146,41.5043310593,000,0,NONE,0,0,0,0,0,0,0.0,1
3183,-74.0736763124,41.5148837636,010,2,M,345870,344925,344925,344925,345870,1750000,250273.97260273973,1
3184,-72.7715757271,41.5222540792,001,3,L,696864,694960,694960,694960,696864,3200000,450493.15068493155,1
3185,-71.2980957093,41.5240000922,000,0,NONE,0,0,0,0,0,0,0.0,0
3186,-71.3154027233,41.5076561002,000,0,NONE,0,0,0,0,0,0,0.0,0
3187,-109.955802109,41.5241804953,000,0,NONE,0,0,0,0,0,0,0.0,1
3188,-83.4634767325,41.5258810971,001,3,L,696864,694960,694960,694960,696864,3200000,450493.15068493155,1
3189,-83.6209497467,41.5289231097,001,3,L,696864,694960,694960,694960,696864,3200000,450493.15068493155,1
3190,-73.9224760128,41.5299433285,000,0,NONE,0,0,0,0,0,0,0.0,1
3191,-71.4661167127,41.5300840769,000,0,NONE,0,0,0,0,0,0,0.0,0
3192,-72.7694247404,41.5326220806,000,0,NONE,0,0,0,0,0,0,0.0,1
3193,-80.7134547765,41.5357706377,000,0,NONE,0,0,0,0,0,0,0.0,1
3194,-90.3413217096,41.5358170841,100,1,S,131394,131035,131035,131035,131394,850000,125136.98630136986,1
3195,-72.7614057132,41.5379140738,001,3,L,696864,694960,694960,694960,696864,3200000,450493.15068493155,1
3196,-72.7469247262,41.527492077,000,0,NONE,0,0,0,0,0,0,0.0,0
3197,-87.9600207314,41.5384540807,010,2,M,345870,344925,344925,344925,345870,1750000,250273.97260273973,1
3198,-71.4685377245,41.5389490909,000,0,NONE,0,0,0,0,0,0,0.0,0
3199,-73.7714307373,41.5390660837,000,0,NONE,0,0,0,0,0,0,0.0,1
3200,-72.7704507157,41.5401460976,000,0,NONE,0,0,0,0,0,0,0.0,1
3201,-72.1088067394,41.5462660794,100,1,S,131394,131035,131035,131035,131394,850000,125136.98630136986,1
3202,-71.6728861612,41.5508379494,000,0,NONE,0,0,0,0,0,0,0.0,0
3203,-73.0526187238,41.5514770778,100,1,S,131394,131035,131035,131035,131394,850000,125136.98630136986,1
3204,-72.94430372,41.5430980745,000,0,NONE,0,0,0,0,0,0,0.0,1
3205,-73.0554537079,41.5568231103,000,0,NONE,0,0,0,0,0,0,0.0,0
3206,-72.9176367233,41.5588841028,000,0,NONE,0,0,0,0,0,0,0.0,1
3207,-73.056470726,41.5596040983,000,0,NONE,0,0,0,0,0,0,0.0,0
3208,-109.547240723,41.5645450725,001,3,L,696864,694960,694960,694960,696864,3200000,450493.15068493155,1
3209,-87.7432377339,41.5652921078,000,0,NONE,0,0,0,0,0,0,0.0,1
3210,-83.581156168,41.5691646192,010,2,M,345870,344925,344925,344925,345870,1750000,250273.97260273973,1
3211,-87.3005187423,41.5691891077,000,0,NONE,0,0,0,0,0,0,0.0,1
3212,-74.5014029823,41.573991688,000,0,NONE,0,0,0,0,0,0,0.0,1
3213,-87.4796007441,41.5741570805,001,3,L,696864,694960,694960,694960,696864,3200000,450493.15068493155,1
3214,-87.5819487146,41.5779730856,000,0,NONE,0,0,0,0,0,0,0.0,1
3215,-87.6785457202,41.5809881005,100,1,S,131394,131035,131035,131035,131394,850000,125136.98630136986,1
3216,-71.502602745,41.5814560699,000,0,NONE,0,0,0,0,0,0,0.0,0
3217,-72.381422423,41.5851546901,010,2,M,345870,344925,344925,344925,345870,1750000,250273.97260273973,1
3218,-106.178821452,41.5873503759,100,1,S,131394,131035,131035,131035,131394,850000,125136.98630136986,1
3219,-87.224153729,41.5899521083,010,2,M,345870,344925,344925,344925,345870,1750000,250273.97260273973,1
3220,-86.9182978661,41.5870685257,001,3,L,696864,694960,694960,694960,696864,3200000,450493.15068493155,1
3221,-81.448673722,41.590609108,100,1,S,131394,131035,131035,131035,131394,850000,125136.98630136986,1
3222,-83.6917956108,41.5918778599,010,2,M,345870,344925,344925,344925,345870,1750000,250273.97260273973,1
3223,-93.7773147205,41.5921660908,000,0,NONE,0,0,0,0,0,0,0.0,1
3224,-81.4469277089,41.5945331055,001,3,L,696864,694960,694960,694960,696864,3200000,450493.15068493155,1
3225,-90.5251197427,41.5962700768,100,1,S,131394,131035,131035,131035,131394,850000,125136.98630136986,1
3226,-87.3061977111,41.5989250733,100,1,S,131394,131035,131035,131035,131394,850000,125136.98630136986,1
3227,-95.9640476268,41.6019046127,001,3,L,696864,694960,694960,694960,696864,3200000,450493.15068493155,1
3228,-71.2591347104,41.6022911071,000,0,NONE,0,0,0,0,0,0,0.0,0
3229,-84.1405925427,41.5933911806,001,3,L,696864,694960,694960,694960,696864,3200000,450493.15068493155,1
3230,-90.6772197268,41.6028130737,001,3,L,696864,694960,694960,694960,696864,3200000,450493.15068493155,1
3231,-80.1649435045,41.6054034449,100,1,S,131394,131035,131035,131035,131394,850000,125136.98630136986,1
3232,-81.4948887128,41.6054050736,000,0,NONE,0,0,0,0,0,0,0.0,1
3233,-71.9489586004,41.6070519895,010,2,M,345870,344925,344925,344925,345870,1750000,250273.97260273973,1
3234,-71.4916137428,41.6137570792,000,0,NONE,0,0,0,0,0,0,0.0,0
3235,-109.119461571,41.6160765495,000,0,NONE,0,0,0,0,0,0,0.0,1
3236,-84.5879147619,41.6172052463,100,1,S,131394,131035,131035,131035,131394,850000,125136.98630136986,1
3237,-87.687627264,41.6181468662,000,0,NONE,0,0,0,0,0,0,0.0,1
3238,-72.6905937176,41.6238640975,001,3,L,696864,694960,694960,694960,696864,3200000,450493.15068493155,1
3239,-86.2512627374,41.6243141101,100,1,S,131394,131035,131035,131035,131394,850000,125136.98630136986,1
3240,-88.1637776875,41.6275422212,010,2,M,345870,344925,344925,344925,345870,1750000,250273.97260273973,1
3241,-87.5014253845,41.6311692644,000,0,NONE,0,0,0,0,0,0,0.0,1
3242,-90.9976237426,41.633617844,001,3,L,696864,694960,694960,694960,696864,3200000,450493.15068493155,1
3243,-122.531819731,41.6422600824,100,1,S,131394,131035,131035,131035,131394,850000,125136.98630136986,1
3244,-89.0603755171,41.6453444648,000,0,NONE,0,0,0,0,0,0,0.0,1
3245,-108.671952234,41.6472979397,000,0,NONE,0,0,0,0,0,0,0.0,1
3246,-108.198036625,41.6417315239,000,0,NONE,0,0,0,0,0,0,0.0,1
3247,-93.5756067132,41.6520340799,000,0,NONE,0,0,0,0,0,0,0.0,1
3248,-104.843498736,41.6535731068,100,1,S,131394,131035,131035,131035,131394,850000,125136.98630136986,1
3249,-86.8719763244,41.6595497799,000,0,NONE,0,0,0,0,0,0,0.0,1
3250,-73.0783317395,41.6603860855,000,0,NONE,0,0,0,0,0,0,0.0,0
3251,-91.3186825845,41.6636918792,100,1,S,131394,131035,131035,131035,131394,850000,125136.98630136986,1
3252,-74.6940747474,41.6638600704,100,1,S,131394,131035,131035,131035,131394,850000,125136.98630136986,1
3253,-71.4993177482,41.6665241087,000,0,NONE,0,0,0,0,0,0,0.0,0
3254,-71.4898677297,41.6668300886,000,0,NONE,0,0,0,0,0,0,0.0,0
3255,-72.7730067185,41.6680180958,000,0,NONE,0,0,0,0,0,0,0.0,0
3256,-72.825926737,41.6689720759,000,0,NONE,0,0,0,0,0,0,0.0,1
3257,-81.2470737071,41.6703220725,000,0,NONE,0,0,0,0,0,0,0.0,1
3258,-73.7885487218,41.6703851105,000,0,NONE,0,0,0,0,0,0,0.0,0
3259,-73.0656057228,41.67409308,000,0,NONE,0,0,0,0,0,0,0.0,0
3260,-83.5738437292,41.6776751004,001,3,L,696864,694960,694960,694960,696864,3200000,450493.15068493155,1
3261,-70.818914647,41.6782018702,000,0,NONE,0,0,0,0,0,0,0.0,0
3262,-70.953530708,41.6523131045,000,0,NONE,0,0,0,0,0,0,0.0,0
3263,-71.1253497174,41.6811310871,000,0,NONE,0,0,0,0,0,0,0.0,0
3264,-83.6948577088,41.6846951085,010,2,M,345870,344925,344925,344925,345870,1750000,250273.97260273973,1
3265,-71.1367527352,41.6850730837,000,0,NONE,0,0,0,0,0,0,0.0,0
3266,-75.6855611612,41.6870092152,001,3,L,696864,694960,694960,694960,696864,3200000,450493.15068493155,1
3267,-83.51543373,41.6902390854,001,3,L,696864,694960,694960,694960,696864,3200000,450493.15068493155,1
3268,-91.6383567232,41.6944511069,100,1,S,131394,131035,131035,131035,131394,850000,125136.98630136986,1
3269,-87.7845840659,41.6947329185,100,1,S,131394,131035,131035,131035,131394,850000,125136.98630136986,1
3270,-92.124491831,41.6939711909,001,3,L,696864,694960,694960,694960,696864,3200000,450493.15068493155,1
3271,-93.0960840227,41.6809248699,100,1,S,131394,131035,131035,131035,131394,850000,125136.98630136986,1
3272,-92.6113983288,41.6957455956,010,2,M,345870,344925,344925,344925,345870,1750000,250273.97260273973,1
3273,-86.6338040538,41.6989488494,100,1,S,131394,131035,131035,131035,131394,850000,125136.98630136986,1
3274,-112.190036746,41.7030190983,000,0,NONE,0,0,0,0,0,0,0.0,1
3275,-90.0581011234,41.7030806047,000,0,NONE,0,0,0,0,0,0,0.0,1
3276,-71.1602247285,41.7033520767,000,0,NONE,0,0,0,0,0,0,0.0,0
3277,-88.0329747133,41.7033970743,000,0,NONE,0,0,0,0,0,0,0.0,1
3278,-88.029662718,41.7050800908,010,2,M,345870,344925,344925,344925,345870,1750000,250273.97260273973,1
3279,-86.3400117471,41.7056470962,100,1,S,131394,131035,131035,131035,131394,850000,125136.98630136986,1
3280,-96.0435147148,41.7064030897,000,0,NONE,0,0,0,0,0,0,0.0,1
3281,-72.6449187337,41.7075011026,010,2,M,345870,344925,344925,344925,345870,1750000,250273.97260273973,1
3282,-112.206110713,41.7106421089,100,1,S,131394,131035,131035,131035,131394,850000,125136.98630136986,1
3283,-71.4725067196,41.713801073,000,0,NONE,0,0,0,0,0,0,0.0,0
3284,-87.6247257177,41.715340099,100,1,S,131394,131035,131035,131035,131394,850000,125136.98630136986,1
3285,-81.2823177361,41.7220450853,000,0,NONE,0,0,0,0,0,0,0.0,0
3286,-72.7709097279,41.7231520977,000,0,NONE,0,0,0,0,0,0,0.0,0
3287,-71.4807057344,41.7239800855,000,0,NONE,0,0,0,0,0,0,0.0,0
3288,-72.6118617318,41.7271660894,001,3,L,696864,694960,694960,694960,696864,3200000,450493.15068493155,1
3289,-72.7720077408,41.7272830822,000,0,NONE,0,0,0,0,0,0,0.0,1
3290,-107.733224471,41.7272908848,000,0,NONE,0,0,0,0,0,0,0.0,1
3291,-86.3392917094,41.7304330881,100,1,S,131394,131035,131035,131035,131394,850000,125136.98630136986,1
3292,-85.891573973,41.730165243,001,3,L,696864,694960,694960,694960,696864,3200000,450493.15068493155,1
3293,-85.0004427147,41.7358510736,001,3,L,696864,694960,694960,694960,696864,3200000,450493.15068493155,1
3294,-74.0654568453,41.736624727,010,2,M,345870,344925,344925,344925,345870,1750000,250273.97260273973,1
3295,-71.1218667331,41.7458051009,000,0,NONE,0,0,0,0,0,0,0.0,0
3296,-106.887144059,41.7431906602,001,3,L,696864,694960,694960,694960,696864,3200000,450493.15068493155,1
3297,-106.503266323,41.7516925676,000,0,NONE,0,0,0,0,0,0,0.0,1
3298,-85.4444647618,41.7535988083,010,2,M,345870,344925,344925,344925,345870,1750000,250273.97260273973,1
3299,-87.8920077228,41.7608080958,001,3,L,696864,694960,694960,694960,696864,3200000,450493.15068493155,1
3300,-81.0092229351,41.7639241154,001,3,L,696864,694960,694960,694960,696864,3200000,450493.15068493155,1
3301,-71.8718187473,41.7649300818,100,1,S,131394,131035,131035,131035,131394,850000,125136.98630136986,1
3302,-72.667220719,41.7655600829,010,2,M,345870,344925,344925,344925,345870,1750000,250273.97260273973,1
3303,-89.7117033252,41.7513925537,001,3,L,696864,694960,694960,694960,696864,3200000,450493.15068493155,1
3304,-122.584729041,41.7690925651,000,0,NONE,0,0,0,0,0,0,0.0,1
3305,-72.6678237216,41.7693670885,010,2,M,345870,344925,344925,344925,345870,1750000,250273.97260273973,1
3306,-72.6727690135,41.7696151782,000,0,NONE,0,0,0,0,0,0,0.0,1
3307,-72.6741417324,41.7621940905,000,0,NONE,0,0,0,0,0,0,0.0,0
3308,-72.4690047369,41.7725350934,000,0,NONE,0,0,0,0,0,0,0.0,0
3309,-72.4685097275,41.7728860709,000,0,NONE,0,0,0,0,0,0,0.0,0
3310,-72.5851767369,41.773849092,001,3,L,696864,694960,694960,694960,696864,3200000,450493.15068493155,1
3311,-87.6272007257,41.7751630914,010,2,M,345870,344925,344925,344925,345870,1750000,250273.97260273973,1
3312,-71.2793998122,41.7786555007,000,0,NONE,0,0,0,0,0,0,0.0,0
3313,-70.9617407889,41.7799007217,000,0,NONE,0,0,0,0,0,0,0.0,0
3314,-70.543490744,41.780833102,000,0,NONE,0,0,0,0,0,0,0.0,0
3315,-70.5921537443,41.7516910981,000,0,NONE,0,0,0,0,0,0,0.0,0
3316,-70.2520187674,41.6867773736,000,0,NONE,0,0,0,0,0,0,0.0,0
3317,-71.4245097176,41.7818140807,000,0,NONE,0,0,0,0,0,0,0.0,0
3318,-72.5676267388,41.7833351085,001,3,L,696864,694960,694960,694960,696864,3200000,450493.15068493155,1
3319,-70.7319417272,41.7837310827,000,0,NONE,0,0,0,0,0,0,0.0,0
3320,-70.7292147355,41.7829300925,000,0,NONE,0,0,0,0,0,0,0.0,0
3321,-72.4541817305,41.7860890979,000,0,NONE,0,0,0,0,0,0,0.0,0
3322,-71.4338607424,41.7864220764,000,0,NONE,0,0,0,0,0,0,0.0,0
3323,-107.266118728,41.7833621062,000,0,NONE,0,0,0,0,0,0,0.0,1
3324,-73.1086811804,41.7918959376,000,0,NONE,0,0,0,0,0,0,0.0,0
3325,-71.7944007178,41.7939820914,000,0,NONE,0,0,0,0,0,0,0.0,0
3326,-69.9846717071,41.7990041018,000,0,NONE,0,0,0,0,0,0,0.0,0
3327,-88.0488327368,41.8096690837,001,3,L,696864,694960,694960,694960,696864,3200000,450493.15068493155,1
3328,-72.8311377354,41.8098220736,000,0,NONE,0,0,0,0,0,0,0.0,0
3329,-88.3815715166,41.7947706682,100,1,S,131394,131035,131035,131035,131394,850000,125136.98630136986,1
3330,-71.4399357276,41.8137370725,000,0,NONE,0,0,0,0,0,0,0.0,0
3331,-71.4146547254,41.8160680901,000,0,NONE,0,0,0,0,0,0,0.0,0
3332,-72.8673357454,41.8167340884,000,0,NONE,0,0,0,0,0,0,0.0,0
3333,-80.175234212,41.8185863555,000,0,NONE,0,0,0,0,0,0,0.0,1
3334,-72.6644937272,41.8185970943,100,1,S,131394,131035,131035,131035,131394,850000,125136.98630136986,1
3335,-71.5125117343,41.8202350718,000,0,NONE,0,0,0,0,0,0,0.0,0
3336,-89.3677759144,41.822886212,000,0,NONE,0,0,0,0,0,0,0.0,1
3337,-71.4190647337,41.8260400742,000,0,NONE,0,0,0,0,0,0,0.0,0
3338,-80.7653667198,41.8279660758,001,3,L,696864,694960,694960,694960,696864,3200000,450493.15068493155,1
3339,-71.5158597277,41.8284790841,000,0,NONE,0,0,0,0,0,0,0.0,0
3340,-71.6564931813,41.829594998,000,0,NONE,0,0,0,0,0,0,0.0,0
3341,-71.4152487294,41.8363990762,000,0,NONE,0,0,0,0,0,0,0.0,0
3342,-83.4229151885,41.8397604335,010,2,M,345870,344925,344925,344925,345870,1750000,250273.97260273973,1
3343,-87.9194937079,41.844634089,010,2,M,345870,344925,344925,344925,345870,1750000,250273.97260273973,1
3344,-87.6430677065,41.8477120996,010,2,M,345870,344925,344925,344925,345870,1750000,250273.97260273973,1
3345,-87.6131427115,41.8491880886,000,0,NONE,0,0,0,0,0,0,0.0,0
3346,-87.9334527284,41.8529500966,100,1,S,131394,131035,131035,131035,131394,850000,125136.98630136986,1
3347,-70.8784653274,41.8604060834,000,0,NONE,0,0,0,0,0,0,0.0,0
3348,-87.9168027142,41.8693390861,100,1,S,131394,131035,131035,131035,131394,850000,125136.98630136986,1
3349,-71.0555007438,41.8721290736,000,0,NONE,0,0,0,0,0,0,0.0,0
3350,-87.9069927195,41.8736321024,000,0,NONE,0,0,0,0,0,0,0.0,0
3351,-87.6457047463,41.8757830892,100,1,S,131394,131035,131035,131035,131394,850000,125136.98630136986,1
3352,-87.9190257384,41.8777180894,100,1,S,131394,131035,131035,131035,131394,850000,125136.98630136986,1
3353,-86.6015421183,41.8810186859,001,3,L,696864,694960,694960,694960,696864,3200000,450493.15068493155,1
3354,-75.726825627,41.8893215561,000,0,NONE,0,0,0,0,0,0,0.0,1
3355,-112.541479213,41.8973129786,100,1,S,131394,131035,131035,131035,131394,850000,125136.98630136986,1
3356,-104.905722606,41.8993868278,010,2,M,345870,344925,344925,344925,345870,1750000,250273.97260273973,1
3357,-88.6876993822,41.9007724394,100,1,S,131394,131035,131035,131035,131394,850000,125136.98630136986,1
3358,-87.9199617196,41.9038000817,100,1,S,131394,131035,131035,131035,131394,850000,125136.98630136986,1
3359,-72.2770552029,41.9047033599,001,3,L,696864,694960,694960,694960,696864,3200000,450493.15068493155,1
3360,-89.0202387409,41.9050330855,001,3,L,696864,694960,694960,694960,696864,3200000,450493.15068493155,1
3361,-73.0552197232,41.9156440712,000,0,NONE,0,0,0,0,0,0,0.0,0
3362,-93.5702936229,41.9189206414,000,0,NONE,0,0,0,0,0,0,0.0,1
3363,-74.8472678161,41.9261887751,001,3,L,696864,694960,694960,694960,696864,3200000,450493.15068493155,1
3364,-73.7539177229,41.9408770082,000,0,NONE,0,0,0,0,0,0,0.0,0
3365,-70.6708195688,41.941318185,000,0,NONE,0,0,0,0,0,0,0.0,0
3366,-71.4758817107,41.9430041063,000,0,NONE,0,0,0,0,0,0,0.0,0
3367,-80.4503681385,41.943192507,010,2,M,345870,344925,344925,344925,345870,1750000,250273.97260273973,1
3368,-74.0273907194,41.9432470905,000,0,NONE,0,0,0,0,0,0,0.0,0
3369,-74.0113167102,41.9326811024,000,0,NONE,0,0,0,0,0,0,0.0,0
3370,-74.0277507387,41.9445070928,000,0,NONE,0,0,0,0,0,0,0.0,0
3371,-71.0212827324,41.9452000906,000,0,NONE,0,0,0,0,0,0,0.0,0
3372,-74.0267877168,41.948206106,010,2,M,345870,344925,344925,344925,345870,1750000,250273.97260273973,1
3373,-83.6695175709,41.951351698,100,1,S,131394,131035,131035,131035,131394,850000,125136.98630136986,1
3374,-72.5969995168,41.9552049593,010,2,M,345870,344925,344925,344925,345870,1750000,250273.97260273973,1
3375,-71.3042157335,41.9554420998,000,0,NONE,0,0,0,0,0,0,0.0,0
3376,-88.0266477453,41.9591501116,010,2,M,345870,344925,344925,344925,345870,1750000,250273.97260273973,1
3377,-87.7430487459,41.9604911087,010,2,M,345870,344925,344925,344925,345870,1750000,250273.97260273973,1
3378,-122.597852893,41.962637526,000,0,NONE,0,0,0,0,0,0,0.0,1
3379,-96.1016010472,41.9682259519,000,0,NONE,0,0,0,0,0,0,0.0,1
3380,-71.861550719,41.9764731469,000,0,NONE,0,0,0,0,0,0,0.0,1
3381,-87.9016107313,41.9802190921,000,0,NONE,0,0,0,0,0,0,0.0,0
3382,-87.8698137317,41.9836660784,100,1,S,131394,131035,131035,131035,131394,850000,125136.98630136986,1
3383,-87.8521287417,41.9841070925,100,1,S,131394,131035,131035,131035,131394,850000,125136.98630136986,1
3384,-87.8675637089,41.9904341028,010,2,M,345870,344925,344925,344925,345870,1750000,250273.97260273973,1
3385,-83.3267667179,41.9926030886,010,2,M,345870,344925,344925,344925,345870,1750000,250273.97260273973,1
3386,-75.1597796766,41.9955128684,001,3,L,696864,694960,694960,694960,696864,3200000,450493.15068493155,1
3387,-71.5942167331,42.0175409723,000,0,NONE,0,0,0,0,0,0,0.0,0
3388,-84.9743234059,42.0182143037,000,0,NONE,0,0,0,0,0,0,0.0,1
3389,-71.2565157119,42.0262180964,000,0,NONE,0,0,0,0,0,0,0.0,0
3390,-80.1225597425,42.0316990776,000,0,NONE,0,0,0,0,0,0,0.0,1
3391,-112.214256887,42.0449700519,100,1,S,131394,131035,131035,131035,131394,850000,125136.98630136986,1
3392,-75.4149837101,42.0511750773,001,3,L,696864,694960,694960,694960,696864,3200000,450493.15068493155,1
3393,-91.698390586,42.0546697834,100,1,S,131394,131035,131035,131035,131394,850000,125136.98630136986,1
3394,-88.0281597314,42.0578081107,010,2,M,345870,344925,344925,344925,345870,1750000,250273.97260273973,1
3395,-112.896565438,42.0623222208,010,2,M,345870,344925,344925,344925,345870,1750000,250273.97260273973,1
3396,-71.0622485783,42.0703406616,000,0,NONE,0,0,0,0,0,0,0.0,0
3397,-75.6054138521,42.055984916,000,0,NONE,0,0,0,0,0,0,0.0,1
3398,-88.3459480115,42.0854618382,100,1,S,131394,131035,131035,131035,131394,850000,125136.98630136986,1
3399,-87.7596286373,42.0887164784,000,0,NONE,0,0,0,0,0,0,0.0,1
3400,-76.2739835884,42.0888755819,000,0,NONE,0,0,0,0,0,0,0.0,1
3401,-76.5776158866,42.0007931191,100,1,S,131394,131035,131035,131035,131394,850000,125136.98630136986,1
3402,-89.0219797115,42.0960913949,000,0,NONE,0,0,0,0,0,0,0.0,1
3403,-78.6310527154,42.0882190742,000,0,NONE,0,0,0,0,0,0,0.0,1
3404,-78.6263097287,42.0967871077,000,0,NONE,0,0,0,0,0,0,0.0,1
3405,-75.817553737,42.0979750726,001,3,L,696864,694960,694960,694960,696864,3200000,450493.15068493155,1
3406,-71.446169462,42.1029064709,000,0,NONE,0,0,0,0,0,0,0.0,0
3407,-71.7043827485,42.104185091,000,0,NONE,0,0,0,0,0,0,0.0,0
3408,-72.6002967237,42.1055440871,001,3,L,696864,694960,694960,694960,696864,3200000,450493.15068493155,1
3409,-83.3778029437,42.1070174041,001,3,L,696864,694960,694960,694960,696864,3200000,450493.15068493155,1
3410,-80.1223797118,42.1084151107,000,0,NONE,0,0,0,0,0,0,0.0,0
3411,-78.5236557369,42.1020161052,100,1,S,131394,131035,131035,131035,131394,850000,125136.98630136986,1
3412,-70.776239716,42.1141570751,000,0,NONE,0,0,0,0,0,0,0.0,0
3413,-75.9085077306,42.1152460884,000,0,NONE,0,0,0,0,0,0,0.0,1
3414,-75.969212708,42.1201061102,000,0,NONE,0,0,0,0,0,0,0.0,1
3415,-72.0591357205,42.1301140924,001,3,L,696864,694960,694960,694960,696864,3200000,450493.15068493155,1
3416,-72.6093327267,42.1302940809,000,0,NONE,0,0,0,0,0,0,0.0,1
3417,-71.2225677256,42.1312211048,000,0,NONE,0,0,0,0,0,0,0.0,0
3418,-72.6100977197,42.1331561059,100,1,S,131394,131035,131035,131035,131394,850000,125136.98630136986,1
3419,-86.3680107415,42.1347400872,100,1,S,131394,131035,131035,131035,131394,850000,125136.98630136986,1
3420,-79.1887737394,42.1275400915,000,0,NONE,0,0,0,0,0,0,0.0,1
3421,-79.1135157385,42.1393930796,100,1,S,131394,131035,131035,131035,131394,850000,125136.98630136986,1
3422,-75.901307735,42.14068908,000,0,NONE,0,0,0,0,0,0,0.0,1
3423,-87.8760597473,42.1490860824,000,0,NONE,0,0,0,0,0,0,0.0,1
3424,-78.7080567303,42.1487441044,100,1,S,131394,131035,131035,131035,131394,850000,125136.98630136986,1
3425,-87.8732501609,42.1509164374,010,2,M,345870,344925,344925,344925,345870,1750000,250273.97260273973,1
3426,-122.643050714,42.151201072,100,1,S,131394,131035,131035,131035,131394,850000,125136.98630136986,1
3427,-87.8742237399,42.1528300922,010,2,M,345870,344925,344925,344925,345870,1750000,250273.97260273973,1
3428,-72.6480417419,42.1531901106,100,1,S,131394,131035,131035,131035,131394,850000,125136.98630136986,1
3429,-72.7313097292,42.1443790937,010,2,M,345870,344925,344925,344925,345870,1750000,250273.97260273973,1
3430,-88.014794714,42.1536040839,000,0,NONE,0,0,0,0,0,0,0.0,0
3431,-78.922813736,42.1128061009,000,0,NONE,0,0,0,0,0,0,0.0,1
3432,-78.7514367361,42.1536670805,100,1,S,131394,131035,131035,131035,131394,850000,125136.98630136986,1
3433,-79.8863547416,42.1559441009,100,1,S,131394,131035,131035,131035,131394,850000,125136.98630136986,1
3434,-79.7621277181,42.1312481033,000,0,NONE,0,0,0,0,0,0,0.0,1
3435,-79.4740105571,42.1568407115,000,0,NONE,0,0,0,0,0,0,0.0,1
3436,-72.6103441646,42.1580270018,010,2,M,345870,344925,344925,344925,345870,1750000,250273.97260273973,1
3437,-87.874259738,42.1583380719,010,2,M,345870,344925,344925,344925,345870,1750000,250273.97260273973,1
3438,-76.8419161507,42.1612066323,010,2,M,345870,344925,344925,344925,345870,1750000,250273.97260273973,1
3439,-72.5470707252,42.161965089,010,2,M,345870,344925,344925,344925,345870,1750000,250273.97260273973,1
3440,-83.2430487189,42.1660060793,000,0,NONE,0,0,0,0,0,0,0.0,0
3441,-83.2657557193,42.138637087,000,0,NONE,0,0,0,0,0,0,0.0,0
3442,-70.902717113,42.1693853619,000,0,NONE,0,0,0,0,0,0,0.0,0
3443,-72.2991696948,42.1702523192,010,2,M,345870,344925,344925,344925,345870,1750000,250273.97260273973,1
3444,-93.5708302285,42.1796303137,010,2,M,345870,344925,344925,344925,345870,1750000,250273.97260273973,1
3445,-73.6584571959,42.1831547811,000,0,NONE,0,0,0,0,0,0,0.0,0
3446,-77.1548727467,42.1873000873,100,1,S,131394,131035,131035,131035,131394,850000,125136.98630136986,1
3447,-88.6496125468,42.1889506446,010,2,M,345870,344925,344925,344925,345870,1750000,250273.97260273973,1
3448,-105.00585641,42.1956071601,000,0,NONE,0,0,0,0,0,0,0.0,1
3449,-71.8456557189,42.1957240882,000,0,NONE,0,0,0,0,0,0,0.0,1
3450,-86.0071422383,42.1902881541,010,2,M,345870,344925,344925,344925,345870,1750000,250273.97260273973,1
3451,-72.6383577387,42.2002510892,100,1,S,131394,131035,131035,131035,131394,850000,125136.98630136986,1
3452,-72.6206817069,42.2024110755,000,0,NONE,0,0,0,0,0,0,0.0,1
3453,-71.0803677304,42.2025101107,000,0,NONE,0,0,0,0,0,0,0.0,0
3454,-71.1401637243,42.2074960825,000,0,NONE,0,0,0,0,0,0,0.0,0
3455,-96.2412275712,42.2097933611,100,1,S,131394,131035,131035,131035,131394,850000,125136.98630136986,1
3456,-71.7817287405,42.2100340862,000,0,NONE,0,0,0,0,0,0,0.0,0
3457,-75.5168994988,42.2128362406,000,0,NONE,0,0,0,0,0,0,0.0,1
3458,-83.4128337344,42.2223640864,100,1,S,131394,131035,131035,131035,131394,850000,125136.98630136986,1
3459,-71.0257917353,42.2251090763,000,0,NONE,0,0,0,0,0,0,0.0,0
3460,-83.6856417173,42.225406099,010,2,M,345870,344925,344925,344925,345870,1750000,250273.97260273973,1
3461,-78.1652585249,42.2023893866,000,0,NONE,0,0,0,0,0,0,0.0,1
3462,-71.0201307234,42.2271250722,000,0,NONE,0,0,0,0,0,0,0.0,0
3463,-71.181680726,42.2282950803,000,0,NONE,0,0,0,0,0,0,0.0,0
3464,-71.023226733,42.2304551088,000,0,NONE,0,0,0,0,0,0,0.0,0
3465,-79.7802644043,42.2333373514,000,0,NONE,0,0,0,0,0,0,0.0,1
3466,-73.9003893081,42.2369703445,001,3,L,696864,694960,694960,694960,696864,3200000,450493.15068493155,1
3467,-85.6376067213,42.2380150815,100,1,S,131394,131035,131035,131035,131394,850000,125136.98630136986,1
3468,-73.0075537374,42.2372024227,000,0,NONE,0,0,0,0,0,0,0.0,1
3469,-88.9602987143,42.2486711053,001,3,L,696864,694960,694960,694960,696864,3200000,450493.15068493155,1
3470,-83.185457708,42.252298081,000,0,NONE,0,0,0,0,0,0,0.0,0
3471,-83.6838957465,42.2544130697,100,1,S,131394,131035,131035,131035,131394,850000,125136.98630136986,1
3472,-88.0303197177,42.2648981054,000,0,NONE,0,0,0,0,0,0,0.0,0
3473,-71.5644417333,42.2666620752,000,0,NONE,0,0,0,0,0,0,0.0,0
3474,-83.2240137323,42.2671570854,000,0,NONE,0,0,0,0,0,0,0.0,0
3475,-85.6538067228,42.2686240739,100,1,S,131394,131035,131035,131035,131394,850000,125136.98630136986,1
3476,-71.7946617433,42.2717560817,100,1,S,131394,131035,131035,131035,131394,850000,125136.98630136986,1
3477,-84.7161076076,42.2636001552,001,3,L,696864,694960,694960,694960,696864,3200000,450493.15068493155,1
3478,-84.4268997066,42.2719631101,010,2,M,345870,344925,344925,344925,345870,1750000,250273.97260273973,1
3479,-85.4107789063,42.276856727,100,1,S,131394,131035,131035,131035,131394,850000,125136.98630136986,1
3480,-83.441768709,42.2796040776,100,1,S,131394,131035,131035,131035,131394,850000,125136.98630136986,1
3481,-85.1787057272,42.2682280997,001,3,L,696864,694960,694960,694960,696864,3200000,450493.15068493155,1
3482,-72.6161727463,42.2843471065,100,1,S,131394,131035,131035,131035,131394,850000,125136.98630136986,1
3483,-71.0428107251,42.2855711108,000,0,NONE,0,0,0,0,0,0,0.0,0
3484,-71.7973617366,42.2872720849,100,1,S,131394,131035,131035,131035,131394,850000,125136.98630136986,1
3485,-83.8050987141,42.2878570894,010,2,M,345870,344925,344925,344925,345870,1750000,250273.97260273973,1
3486,-71.5661697473,42.2887750715,000,0,NONE,0,0,0,0,0,0,0.0,0
3487,-77.2192317397,42.289036097,100,1,S,131394,131035,131035,131035,131394,850000,125136.98630136986,1
3488,-71.4787347361,42.2967760996,000,0,NONE,0,0,0,0,0,0,0.0,0
3489,-84.9967887413,42.2972981084,001,3,L,696864,694960,694960,694960,696864,3200000,450493.15068493155,1
3490,-84.1164348469,42.2976156842,000,0,NONE,0,0,0,0,0,0,0.0,1
3491,-83.7470217348,42.3003310801,000,0,NONE,0,0,0,0,0,0,0.0,1
3492,-73.2899082954,42.2974730454,000,0,NONE,0,0,0,0,0,0,0.0,1
3493,-91.9743990483,42.3068609262,000,0,NONE,0,0,0,0,0,0,0.0,1
3494,-71.1213267261,42.308737082,000,0,NONE,0,0,0,0,0,0,0.0,0
3495,-83.2149597303,42.3105550902,000,0,NONE,0,0,0,0,0,0,0.0,0
3496,-85.1804067436,42.3159190795,000,0,NONE,0,0,0,0,0,0,0.0,0
3497,-71.2337277169,42.3165850778,000,0,NONE,0,0,0,0,0,0,0.0,0
3498,-113.198737145,42.3180937562,010,2,M,345870,344925,344925,344925,345870,1750000,250273.97260273973,1
3499,-77.7784672714,42.3168839082,000,0,NONE,0,0,0,0,0,0,0.0,1
3500,-83.0825607311,42.3207071051,000,0,NONE,0,0,0,0,0,0,0.0,0
3501,-83.7407847187,42.3222550893,010,2,M,345870,344925,344925,344925,345870,1750000,250273.97260273973,1
3502,-83.6935527098,42.3235240912,000,0,NONE,0,0,0,0,0,0,0.0,1
3503,-122.867338118,42.3244485016,000,0,NONE,0,0,0,0,0,0,0.0,1
3504,-83.6380497322,42.3255760842,000,0,NONE,0,0,0,0,0,0,0.0,0
3505,-83.6168097204,42.3192310749,000,0,NONE,0,0,0,0,0,0,0.0,0
3506,-71.1128217305,42.3320110877,000,0,NONE,0,0,0,0,0,0,0.0,0
3507,-83.0644797256,42.3350980979,000,0,NONE,0,0,0,0,0,0,0.0,0
3508,-83.0385957208,42.3308410797,000,0,NONE,0,0,0,0,0,0,0.0,0
3509,-88.0404087369,42.3378610868,000,0,NONE,0,0,0,0,0,0,0.0,0
3510,-71.2617897069,42.3409390975,000,0,NONE,0,0,0,0,0,0,0.0,0
3511,-83.043392746,42.3438910744,000,0,NONE,0,0,0,0,0,0,0.0,0
3512,-87.9232557168,42.3452951095,010,2,M,345870,344925,344925,344925,345870,1750000,250273.97260273973,1
3513,-83.0370927342,42.3455290951,000,0,NONE,0,0,0,0,0,0,0.0,0
3514,-71.0608827321,42.3461320977,000,0,NONE,0,0,0,0,0,0,0.0,0
3515,-71.0607657392,42.3463390839,000,0,NONE,0,0,0,0,0,0,0.0,0
3516,-71.0786487159,42.3479951027,000,0,NONE,0,0,0,0,0,0,0.0,0
3517,-71.0450877465,42.3479141079,000,0,NONE,0,0,0,0,0,0,0.0,0
3518,-83.0993277381,42.3499301038,000,0,NONE,0,0,0,0,0,0,0.0,0
3519,-71.1106707438,42.3502000866,000,0,NONE,0,0,0,0,0,0,0.0,0
3520,-71.1105897067,42.3540970864,000,0,NONE,0,0,0,0,0,0,0.0,0
3521,-83.076458706,42.3583811032,000,0,NONE,0,0,0,0,0,0,0.0,0
3522,-71.5900017168,42.3631060909,001,3,L,696864,694960,694960,694960,696864,3200000,450493.15068493155,1
3523,-83.0688357376,42.3635021073,000,0,NONE,0,0,0,0,0,0,0.0,0
3524,-83.0579187306,42.3683890854,000,0,NONE,0,0,0,0,0,0,0.0,0
3525,-71.030534722,42.3745451067,000,0,NONE,0,0,0,0,0,0,0.0,0
3526,-112.209936666,42.3751117092,100,1,S,131394,131035,131035,131035,131394,850000,125136.98630136986,1
3527,-83.2170927181,42.378622095,000,0,NONE,0,0,0,0,0,0,0.0,0
3528,-83.176097726,42.383455076,000,0,NONE,0,0,0,0,0,0,0.0,0
3529,-75.1826417929,42.3834915444,100,1,S,131394,131035,131035,131035,131394,850000,125136.98630136986,1
3530,-83.4293217168,42.384031081,000,0,NONE,0,0,0,0,0,0,0.0,0
3531,-83.4364677163,42.3860110787,010,2,M,345870,344925,344925,344925,345870,1750000,250273.97260273973,1
3532,-71.1437277456,42.3881351092,000,0,NONE,0,0,0,0,0,0,0.0,0
3533,-77.3863347187,42.3898360834,000,0,NONE,0,0,0,0,0,0,0.0,1
3534,-83.5486167242,42.3670570878,000,0,NONE,0,0,0,0,0,0,0.0,0
3535,-88.975764423,42.3915584623,001,3,L,696864,694960,694960,694960,696864,3200000,450493.15068493155,1
3536,-83.4339477116,42.3926260708,100,1,S,131394,131035,131035,131035,131394,850000,125136.98630136986,1
3537,-83.1106407202,42.3978371115,000,0,NONE,0,0,0,0,0,0,0.0,0
3538,-71.1420897259,42.3978010721,000,0,NONE,0,0,0,0,0,0,0.0,0
3539,-71.1414057285,42.3979721024,000,0,NONE,0,0,0,0,0,0,0.0,0
3540,-83.2184607137,42.4005731019,000,0,NONE,0,0,0,0,0,0,0.0,0
3541,-71.1359157478,42.4009150799,000,0,NONE,0,0,0,0,0,0,0.0,0
3542,-83.0955567306,42.4031561032,000,0,NONE,0,0,0,0,0,0,0.0,0
3543,-71.0995197089,42.4061800754,000,0,NONE,0,0,0,0,0,0,0.0,0
3544,-71.0011587334,42.4088440705,000,0,NONE,0,0,0,0,0,0,0.0,0
3545,-83.0795367175,42.4090421003,000,0,NONE,0,0,0,0,0,0,0.0,0
3546,-71.0014377148,42.4096271039,000,0,NONE,0,0,0,0,0,0,0.0,0
3547,-71.7947553205,42.4140747434,000,0,NONE,0,0,0,0,0,0,0.0,0
3548,-79.4119695838,42.4149829246,100,1,S,131394,131035,131035,131035,131394,850000,125136.98630136986,1
3549,-73.548833738,42.4211830702,000,0,NONE,0,0,0,0,0,0,0.0,1
3550,-71.0050377342,42.4216330829,000,0,NONE,0,0,0,0,0,0,0.0,0
3551,-76.0199072147,42.4262144479,001,3,L,696864,694960,694960,694960,696864,3200000,450493.15068493155,1
3552,-71.2586217443,42.4279870917,000,0,NONE,0,0,0,0,0,0,0.0,0
3553,-86.2522991593,42.4281560429,100,1,S,131394,131035,131035,131035,131394,850000,125136.98630136986,1
3554,-71.0166027414,42.4292290959,000,0,NONE,0,0,0,0,0,0,0.0,0
3555,-123.111722175,42.4257876819,100,1,S,131394,131035,131035,131035,131394,850000,125136.98630136986,1
3556,-83.3205477432,42.4416850876,000,0,NONE,0,0,0,0,0,0,0.0,0
3557,-83.219873706,42.4441870933,000,0,NONE,0,0,0,0,0,0,0.0,0
3558,-83.2034577188,42.4444750751,000,0,NONE,0,0,0,0,0,0,0.0,0
3559,-93.4152493555,42.4448081669,000,0,NONE,0,0,0,0,0,0,0.0,1
3560,-93.2611917343,42.4408480994,001,3,L,696864,694960,694960,694960,696864,3200000,450493.15068493155,1
3561,-72.6193695367,42.4460072015,000,0,NONE,0,0,0,0,0,0,0.0,0
3562,-82.9177167321,42.446167091,000,0,NONE,0,0,0,0,0,0,0.0,0
3563,-96.3750747181,42.4463740781,000,0,NONE,0,0,0,0,0,0,0.0,1
3564,-83.1251487471,42.4464640724,000,0,NONE,0,0,0,0,0,0,0.0,0
3565,-83.0949897251,42.4467880936,000,0,NONE,0,0,0,0,0,0,0.0,0
3566,-93.5693067428,42.4487770909,000,0,NONE,0,0,0,0,0,0,0.0,1
3567,-96.4358517321,42.4493350959,000,0,NONE,0,0,0,0,0,0,0.0,0
3568,-92.8971510102,42.4520336457,100,1,S,131394,131035,131035,131035,131394,850000,125136.98630136986,1
3569,-83.2194507342,42.4573810794,000,0,NONE,0,0,0,0,0,0,0.0,0
3570,-83.2204137138,42.458002081,000,0,NONE,0,0,0,0,0,0,0.0,0
3571,-92.3123217416,42.4545460952,100,1,S,131394,131035,131035,131035,131394,850000,125136.98630136986,1
3572,-71.386963837,42.4638138985,001,3,L,696864,694960,694960,694960,696864,3200000,450493.15068493155,1
3573,-92.5331457293,42.4642930942,000,0,NONE,0,0,0,0,0,0,0.0,1
3574,-83.4320937475,42.4725191075,000,0,NONE,0,0,0,0,0,0,0.0,1
3575,-83.1456327232,42.4750480703,000,0,NONE,0,0,0,0,0,0,0.0,0
3576,-83.1118197278,42.4765061016,000,0,NONE,0,0,0,0,0,0,0.0,0
3577,-71.2200297219,42.4766140949,000,0,NONE,0,0,0,0,0,0,0.0,0
3578,-83.4331287224,42.4769290743,100,1,S,131394,131035,131035,131035,131394,850000,125136.98630136986,1
3579,-83.4284025971,42.4778914559,000,0,NONE,0,0,0,0,0,0,0.0,0
3580,-92.3224917132,42.4781890767,000,0,NONE,0,0,0,0,0,0,0.0,0
3581,-83.4338757164,42.4797281036,000,0,NONE,0,0,0,0,0,0,0.0,0
3582,-83.4383307222,42.4811320964,010,2,M,345870,344925,344925,344925,345870,1750000,250273.97260273973,1
3583,-84.4437951592,42.482479038,000,0,NONE,0,0,0,0,0,0,0.0,0
3584,-73.6736817217,42.4825360892,000,0,NONE,0,0,0,0,0,0,0.0,0
3585,-73.6700997436,42.4826170839,010,2,M,345870,344925,344925,344925,345870,1750000,250273.97260273973,1
3586,-83.4434157283,42.4829321056,100,1,S,131394,131035,131035,131035,131394,850000,125136.98630136986,1
3587,-83.434865736,42.4834180741,000,0,NONE,0,0,0,0,0,0,0.0,0
3588,-83.4496887423,42.4843360993,000,0,NONE,0,0,0,0,0,0,0.0,1
3589,-83.4319137167,42.4848311087,000,0,NONE,0,0,0,0,0,0,0.0,0
3590,-123.360291889,42.485551936,000,0,NONE,0,0,0,0,0,0,0.0,1
3591,-83.2749447122,42.4863700933,000,0,NONE,0,0,0,0,0,0,0.0,0
3592,-82.9172397209,42.4952261087,000,0,NONE,0,0,0,0,0,0,0.0,0
3593,-71.1185727358,42.5022910712,000,0,NONE,0,0,0,0,0,0,0.0,0
3594,-84.8464249595,42.5084216893,010,2,M,345870,344925,344925,344925,345870,1750000,250273.97260273973,1
3595,-105.028466735,42.5097520924,000,0,NONE,0,0,0,0,0,0,0.0,1
3596,-73.786532726,42.5138830769,000,0,NONE,0,0,0,0,0,0,0.0,0
3597,-83.6017142572,42.5147961235,100,1,S,131394,131035,131035,131035,131394,850000,125136.98630136986,1
3598,-73.7893407125,42.5155120972,100,1,S,131394,131035,131035,131035,131394,850000,125136.98630136986,1
3599,-71.0013747191,42.5165560716,000,0,NONE,0,0,0,0,0,0,0.0,0
3600,-71.5082457166,42.5210380759,010,2,M,345870,344925,344925,344925,345870,1750000,250273.97260273973,1
3601,-70.9707927243,42.5229460785,000,0,NONE,0,0,0,0,0,0,0.0,0
3602,-83.7547887368,42.5241250861,001,3,L,696864,694960,694960,694960,696864,3200000,450493.15068493155,1
3603,-71.7308607141,42.526528098,000,0,NONE,0,0,0,0,0,0,0.0,0
3604,-88.9751577188,42.5275720724,001,3,L,696864,694960,694960,694960,696864,3200000,450493.15068493155,1
3605,-74.8226397424,42.5410720807,000,0,NONE,0,0,0,0,0,0,0.0,1
3606,-77.6732634364,42.5322134789,010,2,M,345870,344925,344925,344925,345870,1750000,250273.97260273973,1
3607,-71.9001857605,42.5443778555,000,0,NONE,0,0,0,0,0,0,0.0,0
3608,-85.6619941759,42.5593643217,100,1,S,131394,131035,131035,131035,131394,850000,125136.98630136986,1
3609,-72.0725187361,42.5702140846,000,0,NONE,0,0,0,0,0,0,0.0,0
3610,-83.1589692707,42.5704729419,000,0,NONE,0,0,0,0,0,0,0.0,0
3611,-113.518004731,42.5706011016,010,2,M,345870,344925,344925,344925,345870,1750000,250273.97260273973,1
3612,-113.929948051,42.5763076057,000,0,NONE,0,0,0,0,0,0,0.0,1
3613,-72.2848557272,42.5594140695,000,0,NONE,0,0,0,0,0,0,0.0,0
3614,-70.816418361,42.5876408253,000,0,NONE,0,0,0,0,0,0,0.0,0
3615,-79.0491940835,42.5928201234,010,2,M,345870,344925,344925,344925,345870,1750000,250273.97260273973,1
3616,-114.337508123,42.5984417514,001,3,L,696864,694960,694960,694960,696864,3200000,450493.15068493155,1
3617,-72.3995133346,42.5998933048,000,0,NONE,0,0,0,0,0,0,0.0,0
3618,-83.2639287114,42.6034600754,000,0,NONE,0,0,0,0,0,0,0.0,0
3619,-71.3256267334,42.6073120777,001,3,L,696864,694960,694960,694960,696864,3200000,450493.15068493155,1
3620,-72.5024937119,42.6036761034,000,0,NONE,0,0,0,0,0,0,0.0,0
3621,-113.135978005,42.6185960684,100,1,S,131394,131035,131035,131035,131394,850000,125136.98630136986,1
3622,-72.5905947215,42.6194440904,000,0,NONE,0,0,0,0,0,0,0.0,0
3623,-88.6381102781,42.6140138786,010,2,M,345870,344925,344925,344925,345870,1750000,250273.97260273973,1
3624,-70.6488717275,42.6194530899,000,0,NONE,0,0,0,0,0,0,0.0,0
3625,-96.604089553,42.6262664284,000,0,NONE,0,0,0,0,0,0,0.0,1
3626,-82.8500097467,42.6292270874,000,0,NONE,0,0,0,0,0,0,0.0,0
3627,-83.2885347148,42.6295061119,000,0,NONE,0,0,0,0,0,0,0.0,0
3628,-83.0523728858,42.6248727616,000,0,NONE,0,0,0,0,0,0,0.0,0
3629,-82.8606027324,42.6299110856,000,0,NONE,0,0,0,0,0,0,0.0,0
3630,-73.7818077374,42.6331330867,100,1,S,131394,131035,131035,131035,131394,850000,125136.98630136986,1
3631,-83.749163722,42.6333400738,000,0,NONE,0,0,0,0,0,0,0.0,1
3632,-73.7642307417,42.6328631039,000,0,NONE,0,0,0,0,0,0,0.0,0
3633,-73.7542497158,42.6370300866,000,0,NONE,0,0,0,0,0,0,0.0,0
3634,-83.2957977062,42.6382270932,000,0,NONE,0,0,0,0,0,0,0.0,0
3635,-83.2886787475,42.6396580846,000,0,NONE,0,0,0,0,0,0,0.0,0
3636,-83.2383057313,42.641530089,000,0,NONE,0,0,0,0,0,0,0.0,0
3637,-83.2915587293,42.6425741057,000,0,NONE,0,0,0,0,0,0,0.0,0
3638,-73.7491287107,42.6458771024,000,0,NONE,0,0,0,0,0,0,0.0,0
3639,-87.9531023341,42.6461375443,010,2,M,345870,344925,344925,344925,345870,1750000,250273.97260273973,1
3640,-84.1101355465,42.6494555184,001,3,L,696864,694960,694960,694960,696864,3200000,450493.15068493155,1
3641,-74.5697333112,42.6375613107,000,0,NONE,0,0,0,0,0,0,0.0,1
3642,-83.520945164,42.6488852286,000,0,NONE,0,0,0,0,0,0,0.0,0
3643,-83.2773027274,42.6556780976,000,0,NONE,0,0,0,0,0,0,0.0,0
3644,-71.1941997133,42.6641650941,100,1,S,131394,131035,131035,131035,131394,850000,125136.98630136986,1
3645,-83.3301867066,42.6662080885,000,0,NONE,0,0,0,0,0,0,0.0,0
3646,-73.7328117173,42.6673780966,000,0,NONE,0,0,0,0,0,0,0.0,1
3647,-84.4953447288,42.6748480751,010,2,M,345870,344925,344925,344925,345870,1750000,250273.97260273973,1
3648,-83.2440387385,42.6843160926,000,0,NONE,0,0,0,0,0,0,0.0,0
3649,-76.1610853778,42.6867547464,100,1,S,131394,131035,131035,131035,131394,850000,125136.98630136986,1
3650,-73.7983573972,42.6874570801,000,0,NONE,0,0,0,0,0,0,0.0,1
3651,-84.6683967429,42.6913001026,000,0,NONE,0,0,0,0,0,0,0.0,1
3652,-70.9718122902,42.6916080449,000,0,NONE,0,0,0,0,0,0,0.0,0
3653,-73.8387147087,42.6951971016,001,3,L,696864,694960,694960,694960,696864,3200000,450493.15068493155,1
3654,-73.8461307332,42.7004081009,000,0,NONE,0,0,0,0,0,0,0.0,1
3655,-112.2226097,42.7099199801,000,0,NONE,0,0,0,0,0,0,0.0,1
3656,-73.8248997209,42.7107491038,000,0,NONE,0,0,0,0,0,0,0.0,1
3657,-74.2930480515,42.7110293083,001,3,L,696864,694960,694960,694960,696864,3200000,450493.15068493155,1
3658,-72.5665400996,42.7151160489,000,0,NONE,0,0,0,0,0,0,0.0,0
3659,-84.669008746,42.7195600793,000,0,NONE,0,0,0,0,0,0,0.0,1
3660,-84.5071077235,42.7239880866,000,0,NONE,0,0,0,0,0,0,0.0,1
3661,-123.372455714,42.7246360868,010,2,M,345870,344925,344925,344925,345870,1750000,250273.97260273973,1
3662,-93.4181675143,42.725190919,001,3,L,696864,694960,694960,694960,696864,3200000,450493.15068493155,1
3663,-86.1507615067,42.7273730763,100,1,S,131394,131035,131035,131035,131394,850000,125136.98630136986,1
3664,-73.699303316,42.7294867898,100,1,S,131394,131035,131035,131035,131394,850000,125136.98630136986,1
3665,-73.6949757297,42.7282901024,000,0,NONE,0,0,0,0,0,0,0.0,0
3666,-105.341054142,42.7320477964,100,1,S,131394,131035,131035,131035,131394,850000,125136.98630136986,1
3667,-71.2038207208,42.7321691032,000,0,NONE,0,0,0,0,0,0,0.0,0
3668,-71.4844788526,42.7392278658,000,0,NONE,0,0,0,0,0,0,0.0,0
3669,-83.4521637081,42.7405751051,000,0,NONE,0,0,0,0,0,0,0.0,0
3670,-71.1409287173,42.7417721117,100,1,S,131394,131035,131035,131035,131394,850000,125136.98630136986,1
3671,-73.7690907212,42.7530670948,000,0,NONE,0,0,0,0,0,0,0.0,1
3672,-73.9336737369,42.7542011048,000,0,NONE,0,0,0,0,0,0,0.0,1
3673,-73.7630697322,42.7620670997,010,2,M,345870,344925,344925,344925,345870,1750000,250273.97260273973,1
3674,-73.7010417154,42.7436080768,000,0,NONE,0,0,0,0,0,0,0.0,0
3675,-89.0052442671,42.7637163259,010,2,M,345870,344925,344925,344925,345870,1750000,250273.97260273973,1
3676,-114.703601732,42.7662610809,000,0,NONE,0,0,0,0,0,0,0.0,1
3677,-73.6967037438,42.7740640801,000,0,NONE,0,0,0,0,0,0,0.0,0
3678,-77.8034572826,42.7763354312,100,1,S,131394,131035,131035,131035,131394,850000,125136.98630136986,1
3679,-84.670097717,42.7776640986,000,0,NONE,0,0,0,0,0,0,0.0,1
3680,-73.9232877372,42.7820201106,000,0,NONE,0,0,0,0,0,0,0.0,1
3681,-73.9099947151,42.7856650845,000,0,NONE,0,0,0,0,0,0,0.0,1
3682,-84.6598017117,42.787978103,100,1,S,131394,131035,131035,131035,131394,850000,125136.98630136986,1
3683,-84.6761367464,42.7893820967,000,0,NONE,0,0,0,0,0,0,0.0,1
3684,-74.0160417401,42.7899131041,000,0,NONE,0,0,0,0,0,0,0.0,1
3685,-83.7364872409,42.7932055176,000,0,NONE,0,0,0,0,0,0,0.0,1
3686,-84.6891147459,42.7969150709,100,1,S,131394,131035,131035,131035,131394,850000,125136.98630136986,1
3687,-82.6479111683,42.7994952897,000,0,NONE,0,0,0,0,0,0,0.0,0
3688,-112.807228735,42.8058764904,000,0,NONE,0,0,0,0,0,0,0.0,1
3689,-84.5117427179,42.8076250917,100,1,S,131394,131035,131035,131035,131394,850000,125136.98630136986,1
3690,-71.0302693366,42.8082916297,010,2,M,345870,344925,344925,344925,345870,1750000,250273.97260273973,1
3691,-84.5430357085,42.8175070816,000,0,NONE,0,0,0,0,0,0,0.0,1
3692,-105.718873639,42.8207002099,010,2,M,345870,344925,344925,344925,345870,1750000,250273.97260273973,1
3693,-88.358477127,42.8220850625,000,0,NONE,0,0,0,0,0,0,0.0,1
3694,-83.5711409877,42.8231216238,000,0,NONE,0,0,0,0,0,0,0.0,0
3695,-72.5670777324,42.8353091057,000,0,NONE,0,0,0,0,0,0,0.0,0
3696,-74.0144217185,42.8406190979,100,1,S,131394,131035,131035,131035,131394,850000,125136.98630136986,1
3697,-106.119681809,42.8389624487,000,0,NONE,0,0,0,0,0,0,0.0,1
3698,-71.3062849521,42.8423928937,000,0,NONE,0,0,0,0,0,0,0.0,0
3699,-96.7961538548,42.8478270229,000,0,NONE,0,0,0,0,0,0,0.0,1
3700,-85.6786287118,42.8500060784,000,0,NONE,0,0,0,0,0,0,0.0,1
3701,-85.8522657305,42.8511130908,100,1,S,131394,131035,131035,131035,131394,850000,125136.98630136986,1
3702,-70.8967047314,42.8562520949,010,2,M,345870,344925,344925,344925,345870,1750000,250273.97260273973,1
3703,-70.8930417163,42.8627950908,010,2,M,345870,344925,344925,344925,345870,1750000,250273.97260273973,1
3704,-78.787886729,42.875089093,000,0,NONE,0,0,0,0,0,0,0.0,1
3705,-84.1224688275,42.8786271311,001,3,L,696864,694960,694960,694960,696864,3200000,450493.15068493155,1
3706,-85.0811149779,42.8790302154,001,3,L,696864,694960,694960,694960,696864,3200000,450493.15068493155,1
3707,-85.4885577079,42.8882740796,000,0,NONE,0,0,0,0,0,0,0.0,1
3708,-123.244797578,42.8969934277,000,0,NONE,0,0,0,0,0,0,0.0,1
3709,-112.440335716,42.9085961084,000,0,NONE,0,0,0,0,0,0,0.0,1
3710,-112.440794728,42.9122500818,100,1,S,131394,131035,131035,131035,131394,850000,125136.98630136986,1
3711,-112.449929725,42.9126101011,100,1,S,131394,131035,131035,131035,131394,850000,125136.98630136986,1
3712,-83.6796207292,42.9215020714,000,0,NONE,0,0,0,0,0,0,0.0,0
3713,-115.031047635,42.9380335369,100,1,S,131394,131035,131035,131035,131394,850000,125136.98630136986,1
3714,-74.4201001486,42.9291241135,000,0,NONE,0,0,0,0,0,0,0.0,1
3715,-71.4724167254,42.9496180999,000,0,NONE,0,0,0,0,0,0,0.0,0
3716,-78.763424717,42.9496360989,000,0,NONE,0,0,0,0,0,0,0.0,1
3717,-83.7210027391,42.9506710738,000,0,NONE,0,0,0,0,0,0,0.0,1
3718,-71.4093357338,42.9598601091,000,0,NONE,0,0,0,0,0,0,0.0,0
3719,-71.4155277108,42.9614170918,000,0,NONE,0,0,0,0,0,0,0.0,0
3720,-87.9364947418,42.9622090825,001,3,L,696864,694960,694960,694960,696864,3200000,450493.15068493155,1
3721,-88.0363587462,42.9623440743,000,0,NONE,0,0,0,0,0,0,0.0,1
3722,-71.4130977427,42.9666730878,000,0,NONE,0,0,0,0,0,0,0.0,0
3723,-85.6785387185,42.9705430891,000,0,NONE,0,0,0,0,0,0,0.0,1
3724,-89.1127649698,42.9721789091,100,1,S,131394,131035,131035,131035,131394,850000,125136.98630136986,1
3725,-85.6782327377,42.9729641009,010,2,M,345870,344925,344925,344925,345870,1750000,250273.97260273973,1
3726,-115.398266029,42.9474484387,000,0,NONE,0,0,0,0,0,0,0.0,1
3727,-82.4779767161,42.9754481084,000,0,NONE,0,0,0,0,0,0,0.0,0
3728,-85.6036767331,42.9772300764,000,0,NONE,0,0,0,0,0,0,0.0,1
3729,-73.8026265023,42.9799338423,000,0,NONE,0,0,0,0,0,0,0.0,1
3730,-83.7333417388,42.9848260895,000,0,NONE,0,0,0,0,0,0,0.0,1
3731,-78.9143997311,42.9869770762,000,0,NONE,0,0,0,0,0,0,0.0,0
3732,-82.8765547873,42.9884680793,000,0,NONE,0,0,0,0,0,0,0.0,0
3733,-82.4416977122,42.9972190845,000,0,NONE,0,0,0,0,0,0,0.0,0
3734,-78.8078577389,42.9973540763,000,0,NONE,0,0,0,0,0,0,0.0,0
3735,-82.4232567296,42.9989830966,000,0,NONE,0,0,0,0,0,0,0.0,0
3736,-82.4413647337,43.0012330771,000,0,NONE,0,0,0,0,0,0,0.0,0
3737,-82.4390517161,43.0015121008,000,0,NONE,0,0,0,0,0,0,0.0,0
3738,-82.4422737172,43.0054810959,000,0,NONE,0,0,0,0,0,0,0.0,0
3739,-76.1341287444,43.0065340698,000,0,NONE,0,0,0,0,0,0,0.0,1
3740,-77.4392727362,43.0088830864,001,3,L,696864,694960,694960,694960,696864,3200000,450493.15068493155,1
3741,-77.0427588232,42.9624082994,010,2,M,345870,344925,344925,344925,345870,1750000,250273.97260273973,1
3742,-78.3672723071,43.0096055927,001,3,L,696864,694960,694960,694960,696864,3200000,450493.15068493155,1
3743,-83.679530735,43.0101340892,000,0,NONE,0,0,0,0,0,0,0.0,0
3744,-83.2793487193,43.0134049811,000,0,NONE,0,0,0,0,0,0,0.0,0
3745,-74.799280677,43.0147695566,010,2,M,345870,344925,344925,344925,345870,1750000,250273.97260273973,1
3746,-85.682462716,43.0162270725,000,0,NONE,0,0,0,0,0,0,0.0,0
3747,-85.668593732,43.0205380879,000,0,NONE,0,0,0,0,0,0,0.0,0
3748,-88.0339377352,43.0271800776,000,0,NONE,0,0,0,0,0,0,0.0,1
3749,-77.9647287068,43.0288450959,100,1,S,131394,131035,131035,131035,131394,850000,125136.98630136986,1
3750,-76.6544633889,43.0306482043,000,0,NONE,0,0,0,0,0,0,0.0,1
3751,-87.9228237445,43.0319861032,010,2,M,345870,344925,344925,344925,345870,1750000,250273.97260273973,1
3752,-93.341938661,43.0341659294,000,0,NONE,0,0,0,0,0,0,0.0,1
3753,-87.9264957169,43.0352800995,000,0,NONE,0,0,0,0,0,0,0.0,1
3754,-87.9238587194,43.035307098,000,0,NONE,0,0,0,0,0,0,0.0,1
3755,-87.9014577413,43.0357661102,000,0,NONE,0,0,0,0,0,0,0.0,0
3756,-87.8932947237,43.0018630783,000,0,NONE,0,0,0,0,0,0,0.0,0
3757,-77.8063214111,43.038130016,010,2,M,345870,344925,344925,344925,345870,1750000,250273.97260273973,1
3758,-106.334994466,43.0388408446,000,0,NONE,0,0,0,0,0,0,0.0,0
3759,-78.7343187102,43.047511106,000,0,NONE,0,0,0,0,0,0,0.0,0
3760,-77.6481087449,43.0477810887,100,1,S,131394,131035,131035,131035,131394,850000,125136.98630136986,1
3761,-71.4714987424,43.049752087,000,0,NONE,0,0,0,0,0,0,0.0,0
3762,-76.1445147441,43.0509220951,100,1,S,131394,131035,131035,131035,131394,850000,125136.98630136986,1
3763,-123.335003957,43.0565271071,000,0,NONE,0,0,0,0,0,0,0.0,1
3764,-76.0522827077,43.056925085,000,0,NONE,0,0,0,0,0,0,0.0,1
3765,-85.9598574302,43.0579395005,000,0,NONE,0,0,0,0,0,0,0.0,0
3766,-88.4481828032,43.0625406237,001,3,L,696864,694960,694960,694960,696864,3200000,450493.15068493155,1
3767,-72.4640261422,43.0794952904,000,0,NONE,0,0,0,0,0,0,0.0,0
3768,-88.8652708188,43.0871566176,001,3,L,696864,694960,694960,694960,696864,3200000,450493.15068493155,1
3769,-76.1640267409,43.0932040889,000,0,NONE,0,0,0,0,0,0,0.0,1
3770,-76.0535697077,43.0947790707,001,3,L,696864,694960,694960,694960,696864,3200000,450493.15068493155,1
3771,-70.7602299058,43.0960227027,100,1,S,131394,131035,131035,131035,131394,850000,125136.98630136986,1
3772,-83.7630507473,43.0962641005,000,0,NONE,0,0,0,0,0,0,0.0,1
3773,-77.8240656421,43.0939324498,000,0,NONE,0,0,0,0,0,0,0.0,0
3774,-89.2858197305,43.1041660935,000,0,NONE,0,0,0,0,0,0,0.0,1
3775,-89.2827327203,43.104004104,010,2,M,345870,344925,344925,344925,345870,1750000,250273.97260273973,1
3776,-89.2857207367,43.108684095,000,0,NONE,0,0,0,0,0,0,0.0,1
3777,-77.5997697227,43.1102410778,000,0,NONE,0,0,0,0,0,0,0.0,0
3778,-76.2646377392,43.1115370782,100,1,S,131394,131035,131035,131035,131394,850000,125136.98630136986,1
3779,-75.2055897378,43.1119060961,000,0,NONE,0,0,0,0,0,0,0.0,1
3780,-75.2920707266,43.0803520808,000,0,NONE,0,0,0,0,0,0,0.0,0
3781,-75.6274667548,43.121180459,000,0,NONE,0,0,0,0,0,0,0.0,1
3782,-77.6478027227,43.1221841033,000,0,NONE,0,0,0,0,0,0,0.0,0
3783,-89.2904727238,43.1243260906,100,1,S,131394,131035,131035,131035,131394,850000,125136.98630136986,1
3784,-76.1130867202,43.141642104,000,0,NONE,0,0,0,0,0,0,0.0,0
3785,-77.5443567394,43.1422631057,000,0,NONE,0,0,0,0,0,0,0.0,0
3786,-77.5512327147,43.1439730793,000,0,NONE,0,0,0,0,0,0,0.0,0
3787,-77.6075727219,43.1511370769,000,0,NONE,0,0,0,0,0,0,0.0,0
3788,-88.0545567445,43.1512180717,100,1,S,131394,131035,131035,131035,131394,850000,125136.98630136986,1
3789,-77.6110755147,43.151299365,000,0,NONE,0,0,0,0,0,0,0.0,0
3790,-79.0444947113,43.1528650919,000,0,NONE,0,0,0,0,0,0,0.0,0
3791,-89.3064117421,43.153819072,001,3,L,696864,694960,694960,694960,696864,3200000,450493.15068493155,1
3792,-77.6119107349,43.1544580727,000,0,NONE,0,0,0,0,0,0,0.0,0
3793,-77.6206857133,43.1562490824,000,0,NONE,0,0,0,0,0,0,0.0,0
3794,-77.6808237274,43.1576260776,000,0,NONE,0,0,0,0,0,0,0.0,0
3795,-115.694908748,43.1588130064,000,0,NONE,0,0,0,0,0,0,0.0,1
3796,-96.7958585957,43.1679568552,010,2,M,345870,344925,344925,344925,345870,1750000,250273.97260273973,1
3797,-71.5301517267,43.1704690862,000,0,NONE,0,0,0,0,0,0,0.0,0
3798,-86.2067037231,43.1716030971,000,0,NONE,0,0,0,0,0,0,0.0,0
3799,-84.563336088,43.1770689957,010,2,M,345870,344925,344925,344925,345870,1750000,250273.97260273973,1
3800,-73.7094900276,43.1786728035,000,0,NONE,0,0,0,0,0,0,0.0,0
3801,-88.1208507386,43.1917630942,000,0,NONE,0,0,0,0,0,0,0.0,1
3802,-88.1223987218,43.1926990753,000,0,NONE,0,0,0,0,0,0,0.0,1
3803,-77.5474617063,43.197271073,000,0,NONE,0,0,0,0,0,0,0.0,0
3804,-112.35926663,43.2039886409,000,0,NONE,0,0,0,0,0,0,0.0,1
3805,-77.6760717403,43.2067390905,000,0,NONE,0,0,0,0,0,0,0.0,0
3806,-71.5336707082,43.2165400866,000,0,NONE,0,0,0,0,0,0,0.0,0
3807,-76.2703750452,43.2190486492,000,0,NONE,0,0,0,0,0,0,0.0,0
3808,-87.9212127233,43.2249280894,010,2,M,345870,344925,344925,344925,345870,1750000,250273.97260273973,1
3809,-71.4652797254,43.2330551098,000,0,NONE,0,0,0,0,0,0,0.0,0
3810,-71.7563347637,43.2612871203,000,0,NONE,0,0,0,0,0,0,0.0,0
3811,-83.8012151196,43.2752925071,100,1,S,131394,131035,131035,131035,131394,850000,125136.98630136986,1
3812,-123.354716729,43.2883870984,010,2,M,345870,344925,344925,344925,345870,1750000,250273.97260273973,1
3813,-71.5736127272,43.2930040937,000,0,NONE,0,0,0,0,0,0,0.0,0
3814,-85.5424050156,43.2993993949,000,0,NONE,0,0,0,0,0,0,0.0,0
3815,-89.4321757933,43.3077329482,000,0,NONE,0,0,0,0,0,0,0.0,1
3816,-70.6148756698,43.307862063,001,3,L,696864,694960,694960,694960,696864,3200000,450493.15068493155,1
3817,-76.4125167446,43.3183660905,000,0,NONE,0,0,0,0,0,0,0.0,0
3818,-93.3490383769,43.3641437096,001,3,L,696864,694960,694960,694960,696864,3200000,450493.15068493155,1
3819,-72.4248005573,43.3691305501,000,0,NONE,0,0,0,0,0,0,0.0,0
3820,-115.99493272,43.3832822738,000,0,NONE,0,0,0,0,0,0,0.0,1
3821,-73.7062527138,43.386649081,000,0,NONE,0,0,0,0,0,0,0.0,0
3822,-71.9759217295,43.3894030704,000,0,NONE,0,0,0,0,0,0,0.0,0
3823,-73.7121027129,43.4030831095,000,0,NONE,0,0,0,0,0,0,0.0,0
3824,-106.383785714,43.4167721049,000,0,NONE,0,0,0,0,0,0,0.0,0
3825,-88.3342561963,43.4205504986,001,3,L,696864,694960,694960,694960,696864,3200000,450493.15068493155,1
3826,-112.14095973,43.4249890774,100,1,S,131394,131035,131035,131035,131394,850000,125136.98630136986,1
3827,-86.3271214405,43.4252103205,000,0,NONE,0,0,0,0,0,0,0.0,0
3828,-83.890931745,43.4336651043,000,0,NONE,0,0,0,0,0,0,0.0,1
3829,-73.7358537299,43.4555350741,000,0,NONE,0,0,0,0,0,0,0.0,0
3830,-76.1196786554,43.4568778644,000,0,NONE,0,0,0,0,0,0,0.0,0
3831,-73.7430447269,43.4629420991,000,0,NONE,0,0,0,0,0,0,0.0,0
3832,-84.6779075133,43.4840060668,001,3,L,696864,694960,694960,694960,696864,3200000,450493.15068493155,1
3833,-96.7946727353,43.4877010924,000,0,NONE,0,0,0,0,0,0,0.0,1
3834,-89.493278744,43.4883130955,100,1,S,131394,131035,131035,131035,131394,850000,125136.98630136986,1
3835,-83.929658717,43.4976370794,100,1,S,131394,131035,131035,131035,131394,850000,125136.98630136986,1
3836,-71.6158752984,43.5052194902,000,0,NONE,0,0,0,0,0,0,0.0,0
3837,-87.8222705969,43.5230160051,000,0,NONE,0,0,0,0,0,0,0.0,1
3838,-70.4526897403,43.5274000849,001,3,L,696864,694960,694960,694960,696864,3200000,450493.15068493155,1
3839,-70.4087247301,43.5078610895,000,0,NONE,0,0,0,0,0,0,0.0,0
3840,-72.1395912292,43.5476212431,000,0,NONE,0,0,0,0,0,0,0.0,0
3841,-123.266503685,43.5755740357,100,1,S,131394,131035,131035,131035,131394,850000,125136.98630136986,1
3842,-83.948477717,43.5927490975,010,2,M,345870,344925,344925,344925,345870,1750000,250273.97260273973,1
3843,-116.296304719,43.5968710834,000,0,NONE,0,0,0,0,0,0,0.0,1
3844,-85.4880673094,43.598257463,000,0,NONE,0,0,0,0,0,0,0.0,0
3845,-96.6905877099,43.6064830914,010,2,M,345870,344925,344925,344925,345870,1750000,250273.97260273973,1
3846,-116.596185202,43.6091783767,000,0,NONE,0,0,0,0,0,0,0.0,1
3847,-96.7703457133,43.6126931089,100,1,S,131394,131035,131035,131035,131394,850000,125136.98630136986,1
3848,-106.549965909,43.6136856043,000,0,NONE,0,0,0,0,0,0,0.0,0
3849,-112.079151146,43.6162072647,100,1,S,131394,131035,131035,131035,131394,850000,125136.98630136986,1
3850,-116.233169732,43.6184440728,000,0,NONE,0,0,0,0,0,0,0.0,0
3851,-89.804161274,43.6215437913,100,1,S,131394,131035,131035,131035,131394,850000,125136.98630136986,1
3852,-70.3502607337,43.6260670835,000,0,NONE,0,0,0,0,0,0,0.0,1
3853,-96.2433360236,43.6367920871,100,1,S,131394,131035,131035,131035,131394,850000,125136.98630136986,1
3854,-95.793587135,43.6375960936,010,2,M,345870,344925,344925,344925,345870,1750000,250273.97260273973,1
3855,-95.3416838449,43.6374231315,000,0,NONE,0,0,0,0,0,0,0.0,1
3856,-72.3383427098,43.6399541088,000,0,NONE,0,0,0,0,0,0,0.0,0
3857,-89.469698716,43.6425911063,001,3,L,696864,694960,694960,694960,696864,3200000,450493.15068493155,1
3858,-94.8929989631,43.652275284,000,0,NONE,0,0,0,0,0,0,0.0,1
3859,-84.2206902264,43.6556470384,000,0,NONE,0,0,0,0,0,0,0.0,1
3860,-94.0714066012,43.6546479932,100,1,S,131394,131035,131035,131035,131394,850000,125136.98630136986,1
3861,-93.6933130223,43.6596238791,000,0,NONE,0,0,0,0,0,0,0.0,1
3862,-97.1515754198,43.6665824545,000,0,NONE,0,0,0,0,0,0,0.0,1
3863,-97.549516324,43.6647174234,100,1,S,131394,131035,131035,131035,131394,850000,125136.98630136986,1
3864,-94.4476347228,43.6789421054,010,2,M,345870,344925,344925,344925,345870,1750000,250273.97260273973,1
3865,-93.3211317187,43.6838110844,010,2,M,345870,344925,344925,344925,345870,1750000,250273.97260273973,1
3866,-92.9742731268,43.6805122902,000,0,NONE,0,0,0,0,0,0,0.0,1
3867,-97.9412367427,43.6950701117,000,0,NONE,0,0,0,0,0,0,0.0,1
3868,-86.3923459392,43.6959620332,000,0,NONE,0,0,0,0,0,0,0.0,0
3869,-98.4140281588,43.6949926972,001,3,L,696864,694960,694960,694960,696864,3200000,450493.15068493155,1
3870,-88.442330411,43.6972371001,000,0,NONE,0,0,0,0,0,0,0.0,1
3871,-70.3045857076,43.7215300791,001,3,L,696864,694960,694960,694960,696864,3200000,450493.15068493155,1
3872,-73.8233371966,43.7258844733,000,0,NONE,0,0,0,0,0,0,0.0,0
3873,-70.2322887253,43.7314661084,000,0,NONE,0,0,0,0,0,0,0.0,0
3874,-84.5006763029,43.7343821916,010,2,M,345870,344925,344925,344925,345870,1750000,250273.97260273973,1
3875,-98.8796310968,43.738112253,000,0,NONE,0,0,0,0,0,0,0.0,1
3876,-71.6596195692,43.7382659156,000,0,NONE,0,0,0,0,0,0,0.0,0
3877,-92.6475357281,43.7563209991,000,0,NONE,0,0,0,0,0,0,0.0,1
3878,-72.2305831031,43.7613819834,000,0,NONE,0,0,0,0,0,0,0.0,0
3879,-76.0534550126,43.7613914317,000,0,NONE,0,0,0,0,0,0,0.0,0
3880,-123.073752077,43.7649022123,000,0,NONE,0,0,0,0,0,0,0.0,1
3881,-99.3392519928,43.7918007872,010,2,M,345870,344925,344925,344925,345870,1750000,250273.97260273973,1
3882,-84.7584687094,43.7998840898,000,0,NONE,0,0,0,0,0,0,0.0,1
3883,-84.7684407367,43.8196751112,010,2,M,345870,344925,344925,344925,345870,1750000,250273.97260273973,1
3884,-72.5563015745,43.8111438311,000,0,NONE,0,0,0,0,0,0,0.0,0
3885,-112.192052587,43.8249331091,000,0,NONE,0,0,0,0,0,0,0.0,1
3886,-106.615993099,43.8283172525,100,1,S,131394,131035,131035,131035,131394,850000,125136.98630136986,1
3887,-90.0941030659,43.8391100092,001,3,L,696864,694960,694960,694960,696864,3200000,450493.15068493155,1
3888,-84.7682517064,43.8433180927,000,0,NONE,0,0,0,0,0,0,0.0,1
3889,-116.764692979,43.8433201017,100,1,S,131394,131035,131035,131035,131394,850000,125136.98630136986,1
3890,-87.7708372279,43.8685214275,001,3,L,696864,694960,694960,694960,696864,3200000,450493.15068493155,1
3891,-94.4291730738,43.8694948852,000,0,NONE,0,0,0,0,0,0,0.0,1
3892,-101.578642714,43.8360720436,000,0,NONE,0,0,0,0,0,0,0.0,1
3893,-101.153607947,43.8749267786,100,1,S,131394,131035,131035,131035,131394,850000,125136.98630136986,1
3894,-99.7922679259,43.8769091803,010,2,M,345870,344925,344925,344925,345870,1750000,250273.97260273973,1
3895,-84.7787727392,43.8787961064,000,0,NONE,0,0,0,0,0,0,0.0,0
3896,-93.2769327839,43.8840838898,001,3,L,696864,694960,694960,694960,696864,3200000,450493.15068493155,1
3897,-102.001950223,43.8869060307,100,1,S,131394,131035,131035,131035,131394,850000,125136.98630136986,1
3898,-96.7587398202,43.8985403118,100,1,S,131394,131035,131035,131035,131394,850000,125136.98630136986,1
3899,-100.726844721,43.8841870942,010,2,M,345870,344925,344925,344925,345870,1750000,250273.97260273973,1
3900,-72.1532487196,43.9041851018,000,0,NONE,0,0,0,0,0,0,0.0,0
3901,-85.516979425,43.9120066351,000,0,NONE,0,0,0,0,0,0,0.0,0
3902,-100.259798258,43.9124380714,010,2,M,345870,344925,344925,344925,345870,1750000,250273.97260273973,1
3903,-84.0197911835,43.915395831,000,0,NONE,0,0,0,0,0,0,0.0,0
3904,-91.4227898763,43.9320892662,100,1,S,131394,131035,131035,131035,131394,850000,125136.98630136986,1
3905,-90.9793572654,43.8876822715,100,1,S,131394,131035,131035,131035,131394,850000,125136.98630136986,1
3906,-69.985626931,43.9362762174,000,0,NONE,0,0,0,0,0,0,0.0,0
3907,-88.5831852273,43.9449420612,000,0,NONE,0,0,0,0,0,0,0.0,1
3908,-92.3578437355,43.9510210942,001,3,L,696864,694960,694960,694960,696864,3200000,450493.15068493155,1
3909,-71.6834667156,43.9525690784,000,0,NONE,0,0,0,0,0,0,0.0,0
3910,-90.5082807405,43.9556740876,000,0,NONE,0,0,0,0,0,0,0.0,1
3911,-91.8817493712,43.9328122438,000,0,NONE,0,0,0,0,0,0,0.0,1
3912,-86.385263716,43.9563400859,000,0,NONE,0,0,0,0,0,0,0.0,0
3913,-89.4975493861,43.9777680093,000,0,NONE,0,0,0,0,0,0,0.0,1
3914,-90.4404567199,43.9832051116,100,1,S,131394,131035,131035,131035,131394,850000,125136.98630136986,1
3915,-70.3099560919,43.9874966405,000,0,NONE,0,0,0,0,0,0,0.0,0
3916,-73.7160648371,44.0055111519,000,0,NONE,0,0,0,0,0,0,0.0,0
3917,-92.4820887157,44.0069470868,000,0,NONE,0,0,0,0,0,0,0.0,1
3918,-90.4927917349,44.0153260901,010,2,M,345870,344925,344925,344925,345870,1750000,250273.97260273973,1
3919,-92.4878487214,44.0307431005,000,0,NONE,0,0,0,0,0,0,0.0,1
3920,-75.9146394657,44.0356303016,000,0,NONE,0,0,0,0,0,0,0.0,0
3921,-116.97550902,44.0476884017,000,0,NONE,0,0,0,0,0,0,0.0,1
3922,-94.3996557198,44.0545480723,000,0,NONE,0,0,0,0,0,0,0.0,1
3923,-112.235936715,44.0577880725,000,0,NONE,0,0,0,0,0,0,0.0,1
3924,-123.04934671,44.0619730955,100,1,S,131394,131035,131035,131035,131394,850000,125136.98630136986,1
3925,-123.101204714,44.0531620777,000,0,NONE,0,0,0,0,0,0,0.0,0
3926,-102.381723535,44.0671476066,000,0,NONE,0,0,0,0,0,0,0.0,1
3927,-93.2446677115,44.0885230995,001,3,L,696864,694960,694960,694960,696864,3200000,450493.15068493155,1
3928,-94.2593347114,44.1000679007,000,0,NONE,0,0,0,0,0,0,0.0,1
3929,-106.63611391,44.1025740648,100,1,S,131394,131035,131035,131035,131394,850000,125136.98630136986,1
3930,-103.232390722,44.1052091108,000,0,NONE,0,0,0,0,0,0,0.0,1
3931,-103.234658744,44.0821510916,000,0,NONE,0,0,0,0,0,0,0.0,0
3932,-102.80450506,44.1035758826,010,2,M,345870,344925,344925,344925,345870,1750000,250273.97260273973,1
3933,-70.0740664985,44.1070028599,000,0,NONE,0,0,0,0,0,0,0.0,0
3934,-72.6105477324,44.1105910991,000,0,NONE,0,0,0,0,0,0,0.0,0
3935,-84.7978371345,44.1190966568,000,0,NONE,0,0,0,0,0,0,0.0,0
3936,-94.118711717,44.1443860954,100,1,S,131394,131035,131035,131035,131394,850000,125136.98630136986,1
3937,-72.093289657,44.1553999172,000,0,NONE,0,0,0,0,0,0,0.0,0
3938,-71.6800696948,44.1919442597,000,0,NONE,0,0,0,0,0,0,0.0,0
3939,-96.7584783747,44.1943933025,000,0,NONE,0,0,0,0,0,0,0.0,1
3940,-87.7325294236,44.2032862216,010,2,M,345870,344925,344925,344925,345870,1750000,250273.97260273973,1
3941,-73.5091167464,44.2046141039,000,0,NONE,0,0,0,0,0,0,0.0,0
3942,-85.4122017354,44.2052711027,000,0,NONE,0,0,0,0,0,0,0.0,0
3943,-84.1928844909,44.2061536425,000,0,NONE,0,0,0,0,0,0,0.0,0
3944,-94.0270809277,44.2140249146,000,0,NONE,0,0,0,0,0,0,0.0,1
3945,-69.8247237271,44.2170250979,000,0,NONE,0,0,0,0,0,0,0.0,0
3946,-88.4725977366,44.2183300979,100,1,S,131394,131035,131035,131035,131394,850000,125136.98630136986,1
3947,-106.274709262,44.1965570372,000,0,NONE,0,0,0,0,0,0,0.0,1
3948,-105.834098293,44.2134182338,000,0,NONE,0,0,0,0,0,0,0.0,1
3949,-103.385267218,44.2295636491,000,0,NONE,0,0,0,0,0,0,0.0,1
3950,-117.176810727,44.2565531023,000,0,NONE,0,0,0,0,0,0,0.0,1
3951,-90.7830117797,44.2691773886,100,1,S,131394,131035,131035,131035,131394,850000,125136.98630136986,1
3952,-92.6807738363,44.2879705853,000,0,NONE,0,0,0,0,0,0,0.0,1
3953,-105.399568431,44.2948115275,000,0,NONE,0,0,0,0,0,0,0.0,1
3954,-75.9752247388,44.296288092,000,0,NONE,0,0,0,0,0,0,0.0,0
3955,-93.3089794991,44.2969370158,000,0,NONE,0,0,0,0,0,0,0.0,1
3956,-104.935874722,44.2652560846,010,2,M,345870,344925,344925,344925,345870,1750000,250273.97260273973,1
3957,-88.353401723,44.2979441108,000,0,NONE,0,0,0,0,0,0,0.0,0
3958,-89.5232400609,44.3020579543,000,0,NONE,0,0,0,0,0,0,0.0,1
3959,-84.5130316676,44.3156633991,000,0,NONE,0,0,0,0,0,0,0.0,0
3960,-71.8308229315,44.3190090966,000,0,NONE,0,0,0,0,0,0,0.0,0
3961,-123.061115777,44.326832845,100,1,S,131394,131035,131035,131035,131394,850000,125136.98630136986,1
3962,-104.55448285,44.3325948004,100,1,S,131394,131035,131035,131035,131394,850000,125136.98630136986,1
3963,-72.7621811419,44.3448477341,000,0,NONE,0,0,0,0,0,0,0.0,0
3964,-75.9834237122,44.3473811037,000,0,NONE,0,0,0,0,0,0,0.0,0
3965,-93.9514377067,44.3494330967,000,0,NONE,0,0,0,0,0,0,0.0,1
3966,-88.1916111958,44.3513689233,000,0,NONE,0,0,0,0,0,0,0.0,0
3967,-84.8079992452,44.3681489066,000,0,NONE,0,0,0,0,0,0,0.0,0
3968,-112.185864987,44.3689342369,000,0,NONE,0,0,0,0,0,0,0.0,1
3969,-106.688993742,44.3714560996,000,0,NONE,0,0,0,0,0,0,0.0,1
3970,-103.501778717,44.3944240832,001,3,L,696864,694960,694960,694960,696864,3200000,450493.15068493155,1
3971,-72.0177717097,44.3965300724,000,0,NONE,0,0,0,0,0,0,0.0,0
3972,-73.0971507395,44.4376870971,000,0,NONE,0,0,0,0,0,0,0.0,0
3973,-87.9575097253,44.4506021009,000,0,NONE,0,0,0,0,0,0,0.0,1
3974,-73.2164277478,44.4473621008,000,0,NONE,0,0,0,0,0,0,0.0,0
3975,-73.1822547332,44.4523750703,000,0,NONE,0,0,0,0,0,0,0.0,0
3976,-117.336013785,44.4636215106,010,2,M,345870,344925,344925,344925,345870,1750000,250273.97260273973,1
3977,-73.4862538918,44.4701957922,000,0,NONE,0,0,0,0,0,0,0.0,0
3978,-73.2176517108,44.4723730779,000,0,NONE,0,0,0,0,0,0,0.0,0
3979,-88.0809087196,44.4847390761,000,0,NONE,0,0,0,0,0,0,0.0,0
3980,-96.7572483566,44.4901962577,100,1,S,131394,131035,131035,131035,131394,850000,125136.98630136986,1
3981,-91.1229587569,44.4952799687,010,2,M,345870,344925,344925,344925,345870,1750000,250273.97260273973,1
3982,-104.223519664,44.5010778125,000,0,NONE,0,0,0,0,0,0,0.0,1
3983,-103.857873757,44.5067059155,001,3,L,696864,694960,694960,694960,696864,3200000,450493.15068493155,1
3984,-93.2911729469,44.5174090872,000,0,NONE,0,0,0,0,0,0,0.0,1
3985,-69.6996548573,44.5189484693,000,0,NONE,0,0,0,0,0,0,0.0,0
3986,-92.9234587782,44.5192243516,010,2,M,345870,344925,344925,344925,345870,1750000,250273.97260273973,1
3987,-73.2549747304,44.5246270981,000,0,NONE,0,0,0,0,0,0,0.0,0
3988,-73.1935407167,44.5251221083,000,0,NONE,0,0,0,0,0,0,0.0,0
3989,-106.807965893,44.5402276412,000,0,NONE,0,0,0,0,0,0,0.0,1
3990,-88.0503447229,44.5642900934,000,0,NONE,0,0,0,0,0,0,0.0,1
3991,-112.401355654,44.5820919836,010,2,M,345870,344925,344925,344925,345870,1750000,250273.97260273973,1
3992,-84.7069617254,44.5840810726,000,0,NONE,0,0,0,0,0,0,0.0,0
3993,-123.06203475,44.5940788529,010,2,M,345870,344925,344925,344925,345870,1750000,250273.97260273973,1
3994,-89.6132449505,44.5943346371,010,2,M,345870,344925,344925,344925,345870,1750000,250273.97260273973,1
3995,-72.0944096628,44.5954843601,000,0,NONE,0,0,0,0,0,0,0.0,0
3996,-93.7895340169,44.6020142386,010,2,M,345870,344925,344925,344925,345870,1750000,250273.97260273973,1
3997,-117.537957765,44.6408861093,000,0,NONE,0,0,0,0,0,0,0.0,1
3998,-88.0503539527,44.6749740958,000,0,NONE,0,0,0,0,0,0,0.0,1
3999,-112.694657548,44.713646219,000,0,NONE,0,0,0,0,0,0,0.0,1
4000,-106.915775723,44.7191081112,000,0,NONE,0,0,0,0,0,0,0.0,1
4001,-73.444142503,44.7255689028,000,0,NONE,0,0,0,0,0,0,0.0,0
4002,-69.4385394217,44.7279361019,000,0,NONE,0,0,0,0,0,0,0.0,0
4003,-93.2827107275,44.7402940836,000,0,NONE,0,0,0,0,0,0,0.0,1
4004,-96.8795877418,44.7426431002,100,1,S,131394,131035,131035,131035,131394,850000,125136.98630136986,1
4005,-117.802661709,44.7455230819,000,0,NONE,0,0,0,0,0,0,0.0,1
4006,-73.0762714745,44.7617483328,000,0,NONE,0,0,0,0,0,0,0.0,0
4007,-91.4220417374,44.767393094,001,3,L,696864,694960,694960,694960,696864,3200000,450493.15068493155,1
4008,-93.2169477417,44.7786790776,010,2,M,345870,344925,344925,344925,345870,1750000,250273.97260273973,1
4009,-88.0461507427,44.7872110717,100,1,S,131394,131035,131035,131035,131394,850000,125136.98630136986,1
4010,-68.8081557475,44.7868240971,000,0,NONE,0,0,0,0,0,0,0.0,0
4011,-68.7232407419,44.7718660988,000,0,NONE,0,0,0,0,0,0,0.0,0
4012,-69.1481832294,44.7874297851,000,0,NONE,0,0,0,0,0,0,0.0,0
4013,-93.4104297357,44.7905501079,000,0,NONE,0,0,0,0,0,0,0.0,1
4014,-93.3998727462,44.7941050875,000,0,NONE,0,0,0,0,0,0,0.0,1
4015,-93.5265477378,44.7985240952,000,0,NONE,0,0,0,0,0,0,0.0,1
4016,-72.214184498,44.8014677319,000,0,NONE,0,0,0,0,0,0,0.0,0
4017,-93.3989007257,44.8080191113,000,0,NONE,0,0,0,0,0,0,0.0,1
4018,-93.0597987064,44.8244710957,000,0,NONE,0,0,0,0,0,0,0.0,1
4019,-123.009404734,44.8480420828,100,1,S,131394,131035,131035,131035,131394,850000,125136.98630136986,1
4020,-93.1453996852,44.8588246313,001,3,L,696864,694960,694960,694960,696864,3200000,450493.15068493155,1
4021,-93.3948057383,44.8593191091,000,0,NONE,0,0,0,0,0,0,0.0,1
4022,-93.3501837283,44.8586531099,000,0,NONE,0,0,0,0,0,0,0.0,1
4023,-93.2983437236,44.8616320854,010,2,M,345870,344925,344925,344925,345870,1750000,250273.97260273973,1
4024,-93.1505341531,44.8618643739,100,1,S,131394,131035,131035,131035,131394,850000,125136.98630136986,1
4025,-93.247367747,44.8619921038,100,1,S,131394,131035,131035,131035,131394,850000,125136.98630136986,1
4026,-93.2094327243,44.8625231112,000,0,NONE,0,0,0,0,0,0,0.0,1
4027,-93.1450017361,44.8628020934,000,0,NONE,0,0,0,0,0,0,0.0,1
4028,-123.009017717,44.8630540772,100,1,S,131394,131035,131035,131035,131394,850000,125136.98630136986,1
4029,-84.6899175168,44.8722045549,000,0,NONE,0,0,0,0,0,0,0.0,0
4030,-93.0602577186,44.8747900734,000,0,NONE,0,0,0,0,0,0,0.0,1
4031,-93.3501117331,44.889703074,000,0,NONE,0,0,0,0,0,0,0.0,0
4032,-93.2954907404,44.8902250828,000,0,NONE,0,0,0,0,0,0,0.0,0
4033,-93.2749617245,44.8904411108,000,0,NONE,0,0,0,0,0,0,0.0,1
4034,-93.3994677312,44.8906390974,000,0,NONE,0,0,0,0,0,0,0.0,0
4035,-93.1847277272,44.8911341077,010,2,M,345870,344925,344925,344925,345870,1750000,250273.97260273973,1
4036,-93.4434507405,44.8912061029,000,0,NONE,0,0,0,0,0,0,0.0,1
4037,-91.4183697228,44.8931861007,100,1,S,131394,131035,131035,131035,131394,850000,125136.98630136986,1
4038,-93.2470167272,44.8955890712,000,0,NONE,0,0,0,0,0,0,0.0,1
4039,-89.6401317317,44.8971370967,000,0,NONE,0,0,0,0,0,0,0.0,1
4040,-93.1979577105,44.8982080696,000,0,NONE,0,0,0,0,0,0,0.0,1
4041,-91.7784500538,44.902152015,100,1,S,131394,131035,131035,131035,131394,850000,125136.98630136986,1
4042,-91.3816047082,44.921491075,100,1,S,131394,131035,131035,131035,131394,850000,125136.98630136986,1
4043,-107.092394787,44.9222461296,000,0,NONE,0,0,0,0,0,0,0.0,1
4044,-92.1712604166,44.9333600818,001,3,L,696864,694960,694960,694960,696864,3200000,450493.15068493155,1
4045,-91.094154622,44.9364835766,100,1,S,131394,131035,131035,131035,131394,850000,125136.98630136986,1
4046,-90.2852654161,44.9459909448,100,1,S,131394,131035,131035,131035,131394,850000,125136.98630136986,1
4047,-89.9724576768,44.9440739095,010,2,M,345870,344925,344925,344925,345870,1750000,250273.97260273973,1
4048,-90.5978307404,44.9408860799,001,3,L,696864,694960,694960,694960,696864,3200000,450493.15068493155,1
4049,-92.958791734,44.948869109,000,0,NONE,0,0,0,0,0,0,0.0,1
4050,-93.0993987475,44.9506510779,000,0,NONE,0,0,0,0,0,0,0.0,0
4051,-90.8003127393,44.9514701085,100,1,S,131394,131035,131035,131035,131394,850000,125136.98630136986,1
4052,-93.0825417462,44.95256808,000,0,NONE,0,0,0,0,0,0,0.0,0
4053,-93.0913887198,44.9548720981,000,0,NONE,0,0,0,0,0,0,0.0,0
4054,-89.6652867415,44.9588140955,000,0,NONE,0,0,0,0,0,0,0.0,1
4055,-92.5636421671,44.9601016531,010,2,M,345870,344925,344925,344925,345870,1750000,250273.97260273973,1
4056,-93.2692107192,44.9645920993,010,2,M,345870,344925,344925,344925,345870,1750000,250273.97260273973,1
4057,-93.2524617112,44.9660230907,000,0,NONE,0,0,0,0,0,0,0.0,0
4058,-93.3410487315,44.9702711094,000,0,NONE,0,0,0,0,0,0,0.0,0
4059,-93.4602537446,44.9711440957,000,0,NONE,0,0,0,0,0,0,0.0,1
4060,-93.4003947127,44.9734030749,000,0,NONE,0,0,0,0,0,0,0.0,0
4061,-93.2870937381,44.9750500942,000,0,NONE,0,0,0,0,0,0,0.0,1
4062,-93.2701467426,44.9829520872,000,0,NONE,0,0,0,0,0,0,0.0,0
4063,-117.902326211,44.9967614623,000,0,NONE,0,0,0,0,0,0,0.0,1
4064,-112.853552727,44.9983241,000,0,NONE,0,0,0,0,0,0,0.0,1
4065,-72.089186707,45.0059741092,000,0,NONE,0,0,0,0,0,0,0.0,0
4066,-73.4523357252,45.0087730962,000,0,NONE,0,0,0,0,0,0,0.0,0
4067,-93.1864827398,45.0100870947,000,0,NONE,0,0,0,0,0,0,0.0,0
4068,-93.0894717177,45.0107350949,000,0,NONE,0,0,0,0,0,0,0.0,0
4069,-73.084865736,45.0155140797,000,0,NONE,0,0,0,0,0,0,0.0,0
4070,-68.6986649755,45.0161857447,000,0,NONE,0,0,0,0,0,0,0.0,0
4071,-97.0542762037,45.0317226239,100,1,S,131394,131035,131035,131035,131394,850000,125136.98630136986,1
4072,-93.0893457263,45.0324520757,100,1,S,131394,131035,131035,131035,131394,850000,125136.98630136986,1
4073,-93.0621207245,45.0375640803,001,3,L,696864,694960,694960,694960,696864,3200000,450493.15068493155,1
4074,-107.335917351,45.0499686766,000,0,NONE,0,0,0,0,0,0,0.0,0
4075,-93.1858167406,45.0669671097,010,2,M,345870,344925,344925,344925,345870,1750000,250273.97260273973,1
4076,-93.2858427344,45.069469074,000,0,NONE,0,0,0,0,0,0,0.0,1
4077,-89.6423881181,45.0773617626,000,0,NONE,0,0,0,0,0,0,0.0,0
4078,-93.4017267103,45.0823120826,000,0,NONE,0,0,0,0,0,0,0.0,1
4079,-122.943069166,45.0899687073,001,3,L,696864,694960,694960,694960,696864,3200000,450493.15068493155,1
4080,-93.4479147458,45.0916091112,100,1,S,131394,131035,131035,131035,131394,850000,125136.98630136986,1
4081,-84.6704127136,45.1462393462,000,0,NONE,0,0,0,0,0,0,0.0,0
4082,-91.5320682248,45.1748967603,000,0,NONE,0,0,0,0,0,0,0.0,0
4083,-89.6604177202,45.2051080734,000,0,NONE,0,0,0,0,0,0,0.0,0
4084,-112.65596015,45.2059802773,000,0,NONE,0,0,0,0,0,0,0.0,1
4085,-93.0289467289,45.2184190937,000,0,NONE,0,0,0,0,0,0,0.0,0
4086,-118.011840829,45.2283525158,000,0,NONE,0,0,0,0,0,0,0.0,1
4087,-93.734587583,45.2745794981,010,2,M,345870,344925,344925,344925,345870,1750000,250273.97260273973,1
4088,-122.769986731,45.27916911,100,1,S,131394,131035,131035,131035,131394,850000,125136.98630136986,1
4089,-122.769392727,45.2845690964,010,2,M,345870,344925,344925,344925,345870,1750000,250273.97260273973,1
4090,-68.6644287844,45.2923980446,000,0,NONE,0,0,0,0,0,0,0.0,0
4091,-107.344679726,45.3097871019,000,0,NONE,0,0,0,0,0,0,0.0,0
4092,-118.227290737,45.3430060942,000,0,NONE,0,0,0,0,0,0,0.0,1
4093,-122.758205737,45.3688451022,000,0,NONE,0,0,0,0,0,0,0.0,1
4094,-122.593337541,45.3698547594,100,1,S,131394,131035,131035,131035,131394,850000,125136.98630136986,1
4095,-91.7578587167,45.3953411091,000,0,NONE,0,0,0,0,0,0,0.0,0
4096,-84.6070077259,45.3971050789,000,0,NONE,0,0,0,0,0,0,0.0,0
4097,-97.0245221994,45.3986931405,000,0,NONE,0,0,0,0,0,0,0.0,1
4098,-94.0532367121,45.4099930851,000,0,NONE,0,0,0,0,0,0,0.0,1
4099,-122.744363709,45.4211980739,000,0,NONE,0,0,0,0,0,0,0.0,1
4100,-92.996023422,45.4633656407,000,0,NONE,0,0,0,0,0,0,0.0,0
4101,-112.714565168,45.4806607728,010,2,M,345870,344925,344925,344925,345870,1750000,250273.97260273973,1
4102,-122.673488718,45.4978691095,010,2,M,345870,344925,344925,344925,345870,1750000,250273.97260273973,1
4103,-122.674046724,45.5016940718,000,0,NONE,0,0,0,0,0,0,0.0,1
4104,-122.674181715,45.5045200987,000,0,NONE,0,0,0,0,0,0,0.0,1
4105,-122.778401732,45.5084170986,000,0,NONE,0,0,0,0,0,0,0.0,0
4106,-122.688680743,45.5148611017,000,0,NONE,0,0,0,0,0,0,0.0,0
4107,-122.665298744,45.5251031108,000,0,NONE,0,0,0,0,0,0,0.0,1
4108,-122.564516715,45.5328791115,010,2,M,345870,344925,344925,344925,345870,1750000,250273.97260273973,1
4109,-122.674955707,45.5441920936,000,0,NONE,0,0,0,0,0,0,0.0,1
4110,-68.55211048,45.5447155395,000,0,NONE,0,0,0,0,0,0,0.0,0
4111,-122.553743741,45.5471260715,100,1,S,131394,131035,131035,131035,131394,850000,125136.98630136986,1
4112,-122.561879717,45.5496910738,001,3,L,696864,694960,694960,694960,696864,3200000,450493.15068493155,1
4113,-122.198787439,45.5503634546,100,1,S,131394,131035,131035,131035,131394,850000,125136.98630136986,1
4114,-118.456830247,45.5689951474,000,0,NONE,0,0,0,0,0,0,0.0,1
4115,-107.462505135,45.5998020239,000,0,NONE,0,0,0,0,0,0,0.0,0
4116,-122.549162742,45.6034570792,010,2,M,345870,344925,344925,344925,345870,1750000,250273.97260273973,1
4117,-94.4373548467,45.6057699988,000,0,NONE,0,0,0,0,0,0,0.0,1
4118,-122.671958733,45.6227080937,000,0,NONE,0,0,0,0,0,0,0.0,1
4119,-121.214183708,45.6283781052,001,3,L,696864,694960,694960,694960,696864,3200000,450493.15068493155,1
4120,-120.869874253,45.6553093515,100,1,S,131394,131035,131035,131035,131394,850000,125136.98630136986,1
4121,-118.715203532,45.656217272,010,2,M,345870,344925,344925,344925,345870,1750000,250273.97260273973,1
4122,-109.176414619,45.6139603648,000,0,NONE,0,0,0,0,0,0,0.0,0
4123,-108.76691141,45.6633604881,000,0,NONE,0,0,0,0,0,0,0.0,0
4124,-110.989346713,45.6685361099,000,0,NONE,0,0,0,0,0,0,0.0,0
4125,-110.619036633,45.6533326399,000,0,NONE,0,0,0,0,0,0,0.0,0
4126,-121.868281894,45.6750223748,000,0,NONE,0,0,0,0,0,0,0.0,1
4127,-84.6974512518,45.6875226652,000,0,NONE,0,0,0,0,0,0,0.0,0
4128,-94.8824282356,45.6968071266,000,0,NONE,0,0,0,0,0,0,0.0,1
4129,-91.8059183034,45.7073641746,000,0,NONE,0,0,0,0,0,0,0.0,0
4130,-109.562081728,45.7047070791,000,0,NONE,0,0,0,0,0,0,0.0,0
4131,-121.52208446,45.7128811197,000,0,NONE,0,0,0,0,0,0,0.0,1
4132,-110.260778742,45.7032466079,000,0,NONE,0,0,0,0,0,0,0.0,0
4133,-92.9922527796,45.7201730108,000,0,NONE,0,0,0,0,0,0,0.0,0
4134,-122.654444733,45.7236881099,010,2,M,345870,344925,344925,344925,345870,1750000,250273.97260273973,1
4135,-119.0482114,45.7295512148,000,0,NONE,0,0,0,0,0,0,0.0,1
4136,-112.725458154,45.7387439166,000,0,NONE,0,0,0,0,0,0,0.0,1
4137,-120.514643937,45.6955959683,000,0,NONE,0,0,0,0,0,0,0.0,1
4138,-107.728039106,45.7437649917,000,0,NONE,0,0,0,0,0,0,0.0,0
4139,-96.9287066354,45.7477320262,000,0,NONE,0,0,0,0,0,0,0.0,1
4140,-120.144377236,45.7568119485,001,3,L,696864,694960,694960,694960,696864,3200000,450493.15068493155,1
4141,-108.062356976,45.7828632784,000,0,NONE,0,0,0,0,0,0,0.0,0
4142,-119.387309714,45.7943020757,100,1,S,131394,131035,131035,131035,131394,850000,125136.98630136986,1
4143,-68.4279057454,45.7951481057,000,0,NONE,0,0,0,0,0,0,0.0,0
4144,-108.394286709,45.8273320799,000,0,NONE,0,0,0,0,0,0,0.0,0
4145,-109.91128886,45.8315142188,000,0,NONE,0,0,0,0,0,0,0.0,0
4146,-119.768669498,45.832076948,100,1,S,131394,131035,131035,131035,131394,850000,125136.98630136986,1
4147,-95.3067557658,45.8343718353,000,0,NONE,0,0,0,0,0,0,0.0,1
4148,-111.337434723,45.8498375898,000,0,NONE,0,0,0,0,0,0,0.0,1
4149,-112.117434332,45.8807600122,100,1,S,131394,131035,131035,131035,131394,850000,125136.98630136986,1
4150,-111.726410426,45.9148142399,000,0,NONE,0,0,0,0,0,0,0.0,1
4151,-122.810103872,45.9649262575,001,3,L,696864,694960,694960,694960,696864,3200000,450493.15068493155,1
4152,-92.9565687097,45.9735191106,000,0,NONE,0,0,0,0,0,0,0.0,0
4153,-112.47970173,45.9801161037,001,3,L,696864,694960,694960,694960,696864,3200000,450493.15068493155,1
4154,-119.323447291,45.9822612682,000,0,NONE,0,0,0,0,0,0,0.0,1
4155,-107.965805862,45.9911091861,000,0,NONE,0,0,0,0,0,0,0.0,0
4156,-84.7377545581,45.9934047884,000,0,NONE,0,0,0,0,0,0,0.0,0
4157,-95.725913732,45.9947950782,000,0,NONE,0,0,0,0,0,0,0.0,1
4158,-91.8307805119,45.9955139657,000,0,NONE,0,0,0,0,0,0,0.0,0
4159,-112.571492711,46.0050010893,001,3,L,696864,694960,694960,694960,696864,3200000,450493.15068493155,1
4160,-112.539092708,46.0039030765,000,0,NONE,0,0,0,0,0,0,0.0,0
4161,-68.2828935269,46.005656776,000,0,NONE,0,0,0,0,0,0,0.0,0
4162,-112.638074728,46.0078540725,100,1,S,131394,131035,131035,131035,131394,850000,125136.98630136986,1
4163,-96.8358068956,46.0966371297,000,0,NONE,0,0,0,0,0,0,0.0,1
4164,-119.203000645,46.1290556057,000,0,NONE,0,0,0,0,0,0,0.0,1
4165,-107.532630383,46.1357368788,000,0,NONE,0,0,0,0,0,0,0.0,0
4166,-68.0591670528,46.1446336415,000,0,NONE,0,0,0,0,0,0,0.0,0
4167,-67.7811927274,46.1339890994,000,0,NONE,0,0,0,0,0,0,0.0,0
4168,-112.791075813,46.163879931,000,0,NONE,0,0,0,0,0,0,0.0,1
4169,-96.0174794675,46.2071936262,000,0,NONE,0,0,0,0,0,0,0.0,1
4170,-112.349250592,46.2145362346,000,0,NONE,0,0,0,0,0,0,0.0,0
4171,-122.887902138,46.2306158834,001,3,L,696864,694960,694960,694960,696864,3200000,450493.15068493155,1
4172,-84.5485420677,46.2475801756,000,0,NONE,0,0,0,0,0,0,0.0,0
4173,-119.369678721,46.2489370934,000,0,NONE,0,0,0,0,0,0,0.0,1
4174,-92.8253217195,46.2537374424,000,0,NONE,0,0,0,0,0,0,0.0,0
4175,-107.119741496,46.2635773098,000,0,NONE,0,0,0,0,0,0,0.0,0
4176,-106.660184717,46.2667300757,000,0,NONE,0,0,0,0,0,0,0.0,0
4177,-119.727575289,46.2135384565,000,0,NONE,0,0,0,0,0,0,0.0,1
4178,-106.224809861,46.2688920909,000,0,NONE,0,0,0,0,0,0,0.0,0
4179,-112.126478743,46.2437980902,000,0,NONE,0,0,0,0,0,0,0.0,0
4180,-119.226535437,46.271941102,000,0,NONE,0,0,0,0,0,0,0.0,0
4181,-119.083307733,46.2516730846,000,0,NONE,0,0,0,0,0,0,0.0,0
4182,-91.8121268388,46.3105021455,000,0,NONE,0,0,0,0,0,0,0.0,0
4183,-120.071152025,46.323851726,000,0,NONE,0,0,0,0,0,0,0.0,1
4184,-105.815524389,46.3974233299,000,0,NONE,0,0,0,0,0,0,0.0,0
4185,-112.721936719,46.4083721073,100,1,S,131394,131035,131035,131035,131394,850000,125136.98630136986,1
4186,-111.98123841,46.4688769648,000,0,NONE,0,0,0,0,0,0,0.0,0
4187,-120.395144199,46.4715032694,010,2,M,345870,344925,344925,344925,345870,1750000,250273.97260273973,1
4188,-96.2645566182,46.4731328517,100,1,S,131394,131035,131035,131035,131394,850000,125136.98630136986,1
4189,-96.8310970066,46.4754763312,000,0,NONE,0,0,0,0,0,0,0.0,1
4190,-84.3605157191,46.5084520982,000,0,NONE,0,0,0,0,0,0,0.0,0
4191,-92.6693682924,46.510787616,000,0,NONE,0,0,0,0,0,0,0.0,0
4192,-122.876640124,46.5117282241,010,2,M,345870,344925,344925,344925,345870,1750000,250273.97260273973,1
4193,-112.951345002,46.6007580112,010,2,M,345870,344925,344925,344925,345870,1750000,250273.97260273973,1
4194,-91.9038297195,46.6040770833,000,0,NONE,0,0,0,0,0,0,0.0,0
4195,-91.9927137211,46.6618660809,000,0,NONE,0,0,0,0,0,0,0.0,0
4196,-105.482456632,46.6655941529,000,0,NONE,0,0,0,0,0,0,0.0,0
4197,-92.4258060538,46.6996917217,000,0,NONE,0,0,0,0,0,0,0.0,0
4198,-112.012259743,46.704490094,000,0,NONE,0,0,0,0,0,0,0.0,0
4199,-113.274550547,46.7128013631,100,1,S,131394,131035,131035,131035,131394,850000,125136.98630136986,1
4200,-120.414639252,46.7133323237,010,2,M,345870,344925,344925,344925,345870,1750000,250273.97260273973,1
4201,-113.604051432,46.7252413009,000,0,NONE,0,0,0,0,0,0,0.0,1
4202,-92.0977437271,46.7341631053,000,0,NONE,0,0,0,0,0,0,0.0,0
4203,-96.5102815537,46.7359523551,010,2,M,345870,344925,344925,344925,345870,1750000,250273.97260273973,1
4204,-122.986706536,46.7553778462,010,2,M,345870,344925,344925,344925,345870,1750000,250273.97260273973,1
4205,-92.1229797316,46.7650150829,000,0,NONE,0,0,0,0,0,0,0.0,0
4206,-92.0611497438,46.8093130716,000,0,NONE,0,0,0,0,0,0,0.0,0
4207,-100.843898746,46.8228940747,000,0,NONE,0,0,0,0,0,0,0.0,1
4208,-100.828796716,46.8080891087,000,0,NONE,0,0,0,0,0,0,0.0,0
4209,-100.362177474,46.836394083,010,2,M,345870,344925,344925,344925,345870,1750000,250273.97260273973,1
4210,-96.8409507218,46.8475630747,001,3,L,696864,694960,694960,694960,696864,3200000,450493.15068493155,1
4211,-105.109714355,46.8628341467,000,0,NONE,0,0,0,0,0,0,0.0,0
4212,-101.814008594,46.861976698,000,0,NONE,0,0,0,0,0,0,0.0,1
4213,-101.324414146,46.8611843278,100,1,S,131394,131035,131035,131035,131394,850000,125136.98630136986,1
4214,-99.8844663825,46.8673894754,100,1,S,131394,131035,131035,131035,131394,850000,125136.98630136986,1
4215,-102.298807121,46.8698832847,010,2,M,345870,344925,344925,344925,345870,1750000,250273.97260273973,1
4216,-113.89035274,46.8741310768,000,0,NONE,0,0,0,0,0,0,0.0,1
4217,-97.5914328603,46.8760750774,000,0,NONE,0,0,0,0,0,0,0.0,1
4218,-97.211681651,46.8738700935,000,0,NONE,0,0,0,0,0,0,0.0,1
4219,-99.4037277789,46.8764966679,001,3,L,696864,694960,694960,694960,696864,3200000,450493.15068493155,1
4220,-98.9206714165,46.8924388032,100,1,S,131394,131035,131035,131035,131394,850000,125136.98630136986,1
4221,-98.437956871,46.8923920708,000,0,NONE,0,0,0,0,0,0,0.0,1
4222,-102.783191731,46.8958570984,000,0,NONE,0,0,0,0,0,0,0.0,0
4223,-103.293204203,46.8959889471,000,0,NONE,0,0,0,0,0,0,0.0,0
4224,-97.9582017372,46.9168810823,000,0,NONE,0,0,0,0,0,0,0.0,1
4225,-112.124917813,46.9418282462,000,0,NONE,0,0,0,0,0,0,0.0,0
4226,-103.788274496,46.9469588344,000,0,NONE,0,0,0,0,0,0,0.0,0
4227,-120.51087874,46.970449101,001,3,L,696864,694960,694960,694960,696864,3200000,450493.15068493155,1
4228,-120.055893147,46.9402575604,001,3,L,696864,694960,694960,694960,696864,3200000,450493.15068493155,1
4229,-123.814328718,46.9760830722,000,0,NONE,0,0,0,0,0,0,0.0,0
4230,-123.601207539,46.977044308,000,0,NONE,0,0,0,0,0,0,0.0,0
4231,-123.893780742,46.9931651009,000,0,NONE,0,0,0,0,0,0,0.0,0
4232,-114.203866018,47.0019915259,010,2,M,345870,344925,344925,344925,345870,1750000,250273.97260273973,1
4233,-123.38779173,47.0051620804,000,0,NONE,0,0,0,0,0,0,0.0,0
4234,-104.280327021,47.0063039559,000,0,NONE,0,0,0,0,0,0,0.0,0
4235,-122.906075743,47.0213170852,001,3,L,696864,694960,694960,694960,696864,3200000,450493.15068493155,1
4236,-114.53023071,47.0203769492,001,3,L,696864,694960,694960,694960,696864,3200000,450493.15068493155,1
4237,-123.202375595,47.0562134723,000,0,NONE,0,0,0,0,0,0,0.0,0
4238,-123.011204743,47.0565610719,000,0,NONE,0,0,0,0,0,0,0.0,0
4239,-122.689190189,47.076851388,001,3,L,696864,694960,694960,694960,696864,3200000,450493.15068493155,1
4240,-119.239990364,47.0985829,100,1,S,131394,131035,131035,131035,131394,850000,125136.98630136986,1
4241,-118.77868278,47.0861466161,010,2,M,345870,344925,344925,344925,345870,1750000,250273.97260273973,1
4242,-119.701609562,47.1035594541,001,3,L,696864,694960,694960,694960,696864,3200000,450493.15068493155,1
4243,-104.764523724,47.1057370815,000,0,NONE,0,0,0,0,0,0,0.0,0
4244,-96.9586484532,47.1085568761,000,0,NONE,0,0,0,0,0,0,0.0,0
4245,-118.367009902,47.1161731644,010,2,M,345870,344925,344925,344925,345870,1750000,250273.97260273973,1
4246,-111.885413264,47.1326986647,000,0,NONE,0,0,0,0,0,0,0.0,0
4247,-114.80301382,47.1367303929,000,0,NONE,0,0,0,0,0,0,0.0,1
4248,-120.830476285,47.1573877843,000,0,NONE,0,0,0,0,0,0,0.0,1
4249,-122.479709744,47.1631031063,001,3,L,696864,694960,694960,694960,696864,3200000,450493.15068493155,1
4250,-122.296901731,47.161114109,000,0,NONE,0,0,0,0,0,0,0.0,0
4251,-122.277416732,47.2014701013,000,0,NONE,0,0,0,0,0,0,0.0,0
4252,-122.460809707,47.2301620925,000,0,NONE,0,0,0,0,0,0,0.0,1
4253,-122.431928729,47.2334920869,010,2,M,345870,344925,344925,344925,345870,1750000,250273.97260273973,1
4254,-121.188767189,47.2493034977,100,1,S,131394,131035,131035,131035,131394,850000,125136.98630136986,1
4255,-122.516015746,47.2571711087,000,0,NONE,0,0,0,0,0,0,0.0,0
4256,-122.306945711,47.2895350714,001,3,L,696864,694960,694960,694960,696864,3200000,450493.15068493155,1
4257,-115.095569732,47.2957900864,000,0,NONE,0,0,0,0,0,0,0.0,1
4258,-122.515529736,47.2983550887,000,0,NONE,0,0,0,0,0,0,0.0,0
4259,-118.001448619,47.301325107,000,0,NONE,0,0,0,0,0,0,0.0,1
4260,-122.253314738,47.3021980924,000,0,NONE,0,0,0,0,0,0,0.0,0
4261,-111.643512327,47.3246180282,000,0,NONE,0,0,0,0,0,0,0.0,0
4262,-115.390905635,47.3812297359,010,2,M,345870,344925,344925,344925,345870,1750000,250273.97260273973,1
4263,-97.0600076173,47.3845203687,000,0,NONE,0,0,0,0,0,0,0.0,0
4264,-122.616802588,47.3936759968,000,0,NONE,0,0,0,0,0,0,0.0,0
4265,-121.463687163,47.3942419114,000,0,NONE,0,0,0,0,0,0,0.0,1
4266,-122.264213746,47.4619390853,010,2,M,345870,344925,344925,344925,345870,1750000,250273.97260273973,1
4267,-115.695471911,47.4619943837,010,2,M,345870,344925,344925,344925,345870,1750000,250273.97260273973,1
4268,-122.21824174,47.4678160829,010,2,M,345870,344925,344925,344925,345870,1750000,250273.97260273973,1
4269,-111.345161742,47.4849881059,000,0,NONE,0,0,0,0,0,0,0.0,0
4270,-111.334946732,47.4879130843,000,0,NONE,0,0,0,0,0,0,0.0,0
4271,-121.816489011,47.4982303128,000,0,NONE,0,0,0,0,0,0,0.0,1
4272,-116.008610733,47.5100530792,100,1,S,131394,131035,131035,131035,131394,850000,125136.98630136986,1
4273,-117.657833037,47.5286947967,100,1,S,131394,131035,131035,131035,131394,850000,125136.98630136986,1
4274,-122.69992173,47.5272611002,000,0,NONE,0,0,0,0,0,0,0.0,0
4275,-116.44025666,47.573953533,000,0,NONE,0,0,0,0,0,0,0.0,1
4276,-122.17442972,47.5805410958,100,1,S,131394,131035,131035,131035,131394,850000,125136.98630136986,1
4277,-122.320832736,47.5932580707,000,0,NONE,0,0,0,0,0,0,0.0,0
4278,-97.078550716,47.6719990983,000,0,NONE,0,0,0,0,0,0,0.0,0
4279,-117.281687743,47.6738891018,010,2,M,345870,344925,344925,344925,345870,1750000,250273.97260273973,1
4280,-122.689190791,47.67851436,000,0,NONE,0,0,0,0,0,0,0.0,0
4281,-111.629873246,47.681408846,000,0,NONE,0,0,0,0,0,0,0.0,0
4282,-116.839247456,47.7047095905,000,0,NONE,0,0,0,0,0,0,0.0,1
4283,-122.326437966,47.7147181779,000,0,NONE,0,0,0,0,0,0,0.0,0
4284,-122.189204594,47.7217525724,000,0,NONE,0,0,0,0,0,0,0.0,0
4285,-122.514759293,47.8068746739,000,0,NONE,0,0,0,0,0,0,0.0,0
4286,-122.381627708,47.8122370939,000,0,NONE,0,0,0,0,0,0,0.0,0
4287,-122.279216741,47.8208140847,000,0,NONE,0,0,0,0,0,0,0.0,0
4288,-122.261981724,47.8318300855,000,0,NONE,0,0,0,0,0,0,0.0,0
4289,-122.60985872,47.8513420833,000,0,NONE,0,0,0,0,0,0,0.0,0
4290,-111.782860318,47.9920600353,000,0,NONE,0,0,0,0,0,0,0.0,0
4291,-97.1131195925,48.0083240371,000,0,NONE,0,0,0,0,0,0,0.0,0
4292,-122.19290906,48.1750021737,000,0,NONE,0,0,0,0,0,0,0.0,0
4293,-111.936338957,48.3063422806,000,0,NONE,0,0,0,0,0,0,0.0,0
4294,-97.1894155181,48.3294126511,000,0,NONE,0,0,0,0,0,0,0.0,0
4295,-122.335130789,48.4910374458,000,0,NONE,0,0,0,0,0,0,0.0,0
4296,-111.862508734,48.6536407758,000,0,NONE,0,0,0,0,0,0,0.0,0
4297,-97.1881680685,48.6762388637,000,0,NONE,0,0,0,0,0,0,0.0,0
4298,-122.466187219,48.7742425745,000,0,NONE,0,0,0,0,0,0,0.0,0
4299,-122.752067714,48.9979330892,000,0,NONE,0,0,0,0,0,0,0.0,0
4300,-111.959681744,48.9986170866,000,0,NONE,0,0,0,0,0,0,0.0,0
4301,-97.2371757403,49.0006600801,000,0,NONE,0,0,0,0,0,0,0.0,0
