edge_id,u,v,distance_km,weight
0,1,2,13.704585230831617,0.0
1,3,1,14.271748345895041,0.0
2,4,3,10.84405543929101,0.0
3,5,3,14.460488309165184,0.0
4,6,4,6.3591492691710725,0.0
5,5,6,6.575407500448513,0.0
6,6,7,12.203033175222913,0.0
7,7,8,5.22904916673216,0.0
8,7,9,1.9617049152391681,0.0
9,10,7,2.641848313065984,0.0
10,10,11,7.125270508692864,0.0
11,12,6,13.242112933129343,0.0
12,13,5,13.776836562339842,0.0
13,14,10,12.840623541415296,0.0
14,12,14,14.28729212571725,0.0
15,15,14,1.226773145461248,0.0
16,16,13,6.536894229638784,0.0
17,16,12,7.872419325374209,0.0
18,16,17,13.073412294429698,0.0
19,17,15,4.70565622695168,0.0
20,18,17,0.564234760767744,0.0
21,17,18,0.6381568955139841,0.0
22,19,13,14.517340267288322,0.0
23,20,14,19.15179073099776,0.0
24,20,21,3.391380732364416,0.0
25,22,18,12.9853023857568,0.0
26,22,20,4.989918661719552,0.0
27,23,16,20.60054355579264,0.0
28,23,22,13.418331397016832,0.0
29,24,19,14.876568114971905,0.0
30,24,23,9.97503853482893,0.0
31,25,26,39.218866765056006,1116910.39908007
32,27,24,39.19524156294912,1028345.33239254
33,26,27,39.1638421671552,1096754.20802791
34,28,23,9.940340397436417,0.0
35,29,20,13.056278001541633,0.0
36,30,22,12.836344599885312,0.0
37,31,28,12.821341931405568,0.0
38,32,29,12.952063112262913,0.0
39,33,31,11.686363540372225,0.0
40,33,30,12.707173136832768,0.0
41,33,32,4.994607361544064,0.0
42,34,32,11.096768548559233,0.0
43,35,24,32.67601715955456,779217.772200754
44,36,25,41.9312440381824,640421.833771
45,37,33,31.84930154026368,0.0
46,38,34,29.832258514037765,0.0
47,39,35,32.7471482492352,451543.496897215
48,40,39,33.84707272036992,755872.922875661
49,41,36,42.501451756896,658285.858388128
50,42,37,31.605398746099205,0.0
51,43,40,34.69756636507392,1083065.17052021
52,44,38,29.49642982965888,0.0
53,45,41,32.49680487647616,492973.580644093
54,46,45,30.95821571762304,408518.664391542
55,47,42,30.975128490746883,0.0
56,48,47,2.041144965915264,0.0
57,48,44,29.0048413495104,0.0
58,49,43,36.11587759515648,1410481.98969462
59,50,48,19.842199757614083,0.0
60,51,48,16.227717467385602,0.0
61,52,46,32.24265730418304,531857.804776862
62,53,50,20.688279551089924,0.0
63,53,51,16.385285216298243,0.0
64,54,49,36.20298367711872,1607359.57687525
65,55,53,15.896854138720897,0.0
66,56,53,33.22190292676992,0.0
67,57,52,33.2444625822144,640841.723693851
68,58,57,16.41772848089088,0.0
69,59,55,15.95454614061581,0.0
70,60,56,33.02994631292928,0.0
71,61,54,30.377207900540164,1402326.27415016
72,62,57,25.882408117589762,541238.627269539
73,63,58,17.73979490473344,0.0
74,63,64,1.983804114834432,0.0
75,65,63,0.98294439399552,0.0
76,66,67,32.837094646329604,173669.051488663
77,65,68,1.6520969507834882,0.0
78,69,70,12.27901381222349,54991.0756179382
79,71,72,0.42562652292864006,0.0
80,72,69,12.426400562919554,72827.9704940665
81,73,59,31.409220179208962,0.0
82,74,65,18.33798182527872,0.0
83,75,60,31.00385858030208,0.0
84,76,61,30.762270988416,1377257.20564489
85,77,74,17.00671339775232,0.0
86,77,78,13.516379486083585,0.0
87,78,62,26.97518158131456,578444.010861461
88,78,79,24.362478079315203,410549.909721348
89,80,66,32.968482166414084,375602.646282945
90,81,77,12.840503981640193,0.0
91,82,75,30.244231346376964,0.0
92,83,72,36.90036809952768,409074.751296081
93,79,84,25.05988501644672,396473.297879092
94,85,73,31.055513469361923,0.0
95,86,81,12.402705864510722,0.0
96,86,78,20.5848126849024,87418.2536451932
97,84,87,24.703689230795522,351970.211236666
98,87,76,30.98618120784384,1259976.53170649
99,87,88,14.155397153720065,553926.880519855
100,89,80,36.1935135245376,715939.596412214
101,90,83,36.68931774566784,773538.465521022
102,91,82,31.685327041167362,0.0
103,88,91,18.51395173081344,0.0
104,91,92,15.654390970356866,0.0
105,93,86,28.84766150078208,119777.010088352
106,94,85,31.1469907871232,0.0
107,95,88,13.215679250323968,469218.25319637
108,95,96,6.944572004477184,0.0
109,96,91,7.603451729051904,0.0
110,96,97,18.12177399060864,0.0
111,92,97,6.006155048099712,0.0
112,97,98,20.8547733816576,0.0
113,98,94,21.23215323596928,0.0
114,95,99,7.444339944928128,242984.58086923
115,99,96,6.455534062589568,0.0
116,100,87,28.974671717840643,276367.186530833
117,101,99,9.838251750919682,0.0
118,99,102,9.920940270506497,299437.201719173
119,102,103,10.768893464317825,0.0
120,102,101,15.195884025459458,67895.0023839447
121,104,103,1.584353388600576,0.0
122,104,97,12.734046720945793,0.0
123,105,101,18.49164144322176,100260.317698903
124,106,93,28.4375616712704,109892.25326833
125,107,90,37.10175859133569,1227424.12928636
126,108,89,36.07868221132032,1048733.4282311
127,109,104,13.298463506566657,0.0
128,110,94,29.752041921085443,0.0
129,111,100,28.019570198146564,222608.262611153
130,111,105,18.94466838350592,123467.63434187
131,112,102,16.11119483018496,485774.195435149
132,113,109,13.235461839464834,0.0
133,114,111,15.84791512709645,222755.84987349
134,115,112,15.995764010578176,304912.099322322
135,115,116,6.318231128263297,0.0
136,116,113,4.992414435613441,0.0
137,117,106,28.82700584413056,98353.5500478147
138,117,114,15.554734229308032,215446.778395682
139,118,107,37.148401790058244,1678150.40981003
140,119,110,29.756105643432964,0.0
141,120,108,35.79464850939649,1337347.10519613
142,121,115,24.22717969237632,448642.519433019
143,122,117,24.351729190272003,398806.716349242
144,123,118,25.527051749675522,1368840.32571829
145,124,120,34.28956265784193,1482696.79561179
146,125,121,23.2476623964288,417185.672548519
147,125,119,29.084003870423047,0.0
148,126,122,24.70627340273664,378399.81479039
149,127,124,33.325532658570246,1528533.36950691
150,127,128,19.64613979937664,553748.312773381
151,128,123,25.298602278935043,1474283.21506946
152,129,125,22.54485990822912,393531.11431502
153,130,128,10.119726327123074,17104.6441040206
154,127,131,14.455142808695424,240696.621240518
155,131,130,3.3625338060441603,40557.8087803865
156,132,133,5.494447094830849,0.0
157,133,127,10.320406600939776,8795.79040619803
158,134,131,7.879142987578368,0.0
159,133,134,6.355474547799169,0.0
160,135,136,26.131584442360325,0.0
161,137,131,4.262836708703232,32805.1588293486
162,138,133,4.27727919028608,3550.65526839349
163,138,134,7.6216020024165125,0.0
164,130,139,10.570734963347329,109423.02986574
165,139,128,12.856305129364225,392145.164652976
166,140,130,5.255761034304,0.0
167,137,140,2.7072334878336,16100.2522324594
168,141,139,1.98909931847616,12711.5386650585
169,140,142,7.016860936698625,40765.3352686863
170,142,141,1.3902322682350081,0.0
171,139,143,10.36926612545472,359420.475227456
172,144,142,2.9256633389364484,16563.1671277753
173,144,141,3.6525411579317764,23177.2448451466
174,145,132,11.932028722323073,0.0
175,145,138,9.237663338289408,0.0
176,146,126,24.322164881160962,347492.240762678
177,147,138,13.062965437412352,10442.6412992261
178,147,137,10.509147280368001,17065.4142186154
179,148,144,3.576254589464832,42350.173760457
180,149,140,10.565921462114305,0.0
181,147,149,7.909826778906625,0.0
182,149,150,9.112525082812802,0.0
183,150,148,1.6690854097463041,19542.322639749
184,151,129,22.422052670054402,382352.916929354
185,150,152,8.101568511527041,92744.7194615534
186,152,143,13.546079580375938,13963.1925135262
187,153,152,3.58131482888256,39850.1522162981
188,145,154,17.875241753656322,0.0
189,154,147,12.009442100350466,27769.3647701282
190,143,155,37.037491772244486,1311739.60394864
191,156,157,18.21439168952832,0.0
192,157,135,27.09789493036032,0.0
193,158,149,11.002487533069825,0.0
194,158,152,15.82193656999296,14555.061849815
195,154,158,13.470564560390786,10787.0950123948
196,155,159,36.3247432967232,1191198.51192603
197,160,156,19.520536084600323,0.0
198,161,160,1.547857095751296,0.0
199,162,156,9.547859920313089,0.0
200,159,163,36.221123398014726,1009387.07352346
201,164,165,36.02572494453504,565299.538073378
202,162,166,9.631279312212095,0.0
203,166,157,13.282995513972097,0.0
204,163,164,36.05118355960705,782799.353642183
205,167,161,3.452036310657792,0.0
206,168,153,26.049754433767685,267722.152647735
207,166,169,2.638801691298432,0.0
208,170,157,14.170145251337857,0.0
209,169,170,11.311033402905984,0.0
210,171,167,1.57383208654848,0.0
211,172,151,24.18707252244096,405363.079732159
212,160,173,12.882356988868224,0.0
213,173,162,13.272106043902465,0.0
214,174,146,32.898463181717766,438809.342602932
215,173,175,7.827155506659457,0.0
216,175,176,1.1975814413291521,0.0
217,176,162,6.4496621102918406,0.0
218,177,154,19.49738106843648,54434.3790506874
219,178,176,1.34690090312448,0.0
220,178,166,9.065231173202688,0.0
221,165,179,36.147169084435205,387256.96054754
222,178,180,3.6943375516565764,0.0
223,181,178,3.8881548423590404,0.0
224,181,180,2.5720967257032963,27653.8666988864
225,182,170,7.130108259521281,0.0
226,183,181,0.7142660836945921,7519.13888067629
227,184,169,7.5217124198684155,0.0
228,184,182,10.974920968649089,153517.967393532
229,180,184,7.89898630853376,90654.2821886244
230,185,173,5.969663638000128,0.0
231,185,183,8.634693204365185,85489.8898218937
232,179,186,31.2686332142976,216661.055053345
233,187,171,7.624834101080064,0.0
234,187,188,0.12481616619648,1357.35243441111
235,188,185,10.869816736563841,93980.7402091662
236,186,187,31.13331829939584,124515.729103067
237,189,185,2.093784113672064,0.0
238,190,180,4.551788060557056,0.0
239,190,184,9.430896907048322,11091.1931409808
240,191,183,4.492062325821312,0.0
241,191,190,4.00760867434752,4703.53524289242
242,189,191,8.180865811780992,0.0
243,182,192,38.40222950163072,671269.487026103
244,192,193,38.0757944616192,847375.853173001
245,194,188,10.589179720914432,38679.1123818281
246,194,189,13.758340835238911,0.0
247,195,168,26.96407355106432,235288.690935101
248,196,182,14.949028728792575,0.0
249,197,172,24.750549336902402,406422.56673694
250,198,190,15.769500494090112,0.0
251,198,196,13.980711596429952,0.0
252,199,191,15.315578525187073,17895.7105962014
253,199,198,11.704656734749442,0.0
254,194,199,20.6332767919872,128815.631326559
255,200,199,0.060874513451136,569.873016159204
256,201,177,35.473557408791045,77134.8293683373
257,202,203,12.314591707169665,43572.6288653977
258,203,202,7.262739208669824,43572.6288653977
259,204,174,33.510362276413446,411741.322246316
260,205,206,18.564976980126723,0.0
261,205,203,16.98489130466304,113206.150968551
262,207,205,16.15742672886144,122254.208329938
263,208,200,17.20699365141504,192288.232301632
264,193,209,40.847873247244806,1037613.01045458
265,210,195,27.05893514222976,194990.408776287
266,211,201,33.92437263481728,46487.4912357081
267,212,207,26.46886087650816,228824.303544697
268,202,213,23.814185876110084,123274.047643437
269,214,197,24.389292502333443,385944.827548451
270,209,215,38.370519582912,1004911.03688524
271,216,214,5.58415449307584,50463.104742285
272,217,216,0.375538407501312,0.0
273,215,218,24.229585468535042,611729.140158387
274,219,216,15.575900488967807,132916.837799555
275,220,217,2.613854088008064,0.0
276,221,217,4.947046226800128,0.0
277,221,214,8.110660904400385,51287.3521359241
278,222,220,0.9670258864696321,0.0
279,223,212,26.882944958960643,262697.132895635
280,218,224,23.92459881584256,565706.51664401
281,224,225,20.08055335663872,317612.667312339
282,224,225,14.471949989540738,317612.667312339
283,226,227,37.67649107726592,521985.234069
284,225,226,37.672126504151045,613864.835138382
285,228,211,33.96139713850752,23490.4916247034
286,227,229,37.726550430497284,423642.264575182
287,230,231,32.5621418449536,168894.697853553
288,232,204,33.3080294171328,330804.540765639
289,232,230,32.4572802086016,197057.857545906
290,233,207,23.9588669155968,0.0
291,234,222,9.41198981391821,0.0
292,235,220,12.828593038402945,0.0
293,236,235,2.66246651867328,0.0
294,213,237,24.57996854505984,141303.547560129
295,238,236,0.8539907508253441,0.0
296,239,210,27.027683435934723,159176.117590244
297,231,240,32.42403325370881,136879.381629874
298,240,219,17.09606784593664,73080.776579314
299,241,238,2.0315646038476802,0.0
300,242,235,6.5334569363965445,0.0
301,240,242,8.721959707346688,0.0
302,243,234,4.042090506250369,0.0
303,244,221,13.94318115361037,89627.521442816
304,245,241,0.775597753839744,0.0
305,245,243,7.310791484625025,0.0
306,246,245,0.6400113281210881,0.0
307,229,247,28.5191393990976,391977.561826666
308,237,248,28.539970136282882,240903.865332503
309,249,243,3.086662172242176,0.0
310,249,244,3.7610753398225927,24361.8055315984
311,250,232,34.32416788297728,298299.713719401
312,251,242,4.31111277520704,0.0
313,251,252,1.410479917558272,0.0
314,252,246,4.280801783588352,0.0
315,253,237,25.792795144385284,217703.59913439
316,254,208,34.411551367564805,586389.099454679
317,255,232,20.6570307094272,188481.953981974
318,247,256,28.41141612380544,412647.500921363
319,257,250,34.100968961410565,269684.287381186
320,258,229,17.8650966422016,33225.3278180917
321,248,259,28.595462924540165,251776.196233399
322,260,223,28.72744211994624,303336.4466117
323,261,228,34.5967123493376,8350.5957752682
324,262,249,10.937544012185473,70939.6459994609
325,263,260,6.981021293216257,112082.736967085
326,264,265,6.601013714896128,0.0
327,256,263,28.30480490521728,438162.738702003
328,266,257,34.06580703199872,232389.194890782
329,267,262,5.5330882569895685,35797.4209138678
330,264,268,27.11682097673472,236518.314407862
331,269,251,12.193918459138944,0.0
332,269,267,1.292442541644672,8340.96557228439
333,259,264,28.504337763432964,253589.956878995
334,269,240,23.234736483383042,105693.101036526
335,270,263,3.967121084458752,0.0
336,260,271,31.018453318702083,180895.145608045
337,272,253,25.804065428697605,242029.625982365
338,273,233,23.80680598779648,0.0
339,271,273,30.769919138280965,204006.484311593
340,273,272,25.30469586686976,253861.481773277
341,268,274,27.23174650094976,227047.063030996
342,275,266,41.058396476570884,227266.273326331
343,276,277,10.529998284022273,0.0
344,278,279,37.68068472195456,0.971504596484278
345,280,255,20.043193320817924,196944.813563164
346,279,261,38.22751642938624,1156.41749122373
347,281,275,41.203132893584645,184525.463977047
348,282,237,32.471733920186885,42399.151044442
349,283,276,28.01798538054912,94491.9188633001
350,284,239,32.93731182855168,160699.41875172
351,285,278,37.72574506647936,0.0
352,286,269,18.808628410851842,218576.251611859
353,274,287,28.0626609631104,218472.156687743
354,288,281,41.512207923774724,199368.892418738
355,276,289,38.742881824500486,122743.063633014
356,290,283,27.89843703178752,96593.5777314007
357,291,254,34.35802213992192,860687.284043347
358,292,280,25.89737735033856,275003.897439167
359,287,293,10.36272306383424,58768.5531274214
360,293,290,27.726753855398403,96604.5617982727
361,294,258,33.52116379100544,68282.3197211136
362,295,285,37.52083402201728,0.0
363,296,273,25.69312491381504,292606.014904778
364,297,295,37.4132952097344,0.0
365,289,298,37.76598896628096,148195.109932007
366,299,297,37.77570111591937,0.0
367,298,300,37.993531507303686,178717.053177451
368,301,287,15.06606598753344,25212.9755638531
369,301,293,9.10385603753472,3741.33486627473
370,302,288,41.470293766302724,205649.600897252
371,300,303,37.741013975174404,202269.628887101
372,303,302,37.36920632962176,217535.398666965
373,304,286,18.65250453318912,223142.015579566
374,305,282,32.17602837043584,55521.9922151448
375,306,284,32.64292009896192,148173.926817484
376,307,291,31.94991653622912,1021297.58245214
377,308,299,40.656650623015686,102.477611813468
378,309,308,39.484701828000006,5201.87666279526
379,310,292,26.773460739463683,305636.858904272
380,311,309,39.61309197707136,22746.3835271303
381,312,301,23.26976977792896,54006.6816042249
382,313,294,32.29892978742144,74239.3800730558
383,314,296,25.931617721095684,302475.682257365
384,315,311,39.51213666922368,48228.1587869711
385,316,302,25.31624865542784,165684.383889481
386,317,312,21.6233948690496,58392.0552286077
387,318,306,17.4590997869376,83167.4824242206
388,319,315,39.627045890784004,75080.8342957782
389,320,321,37.1817620266752,497186.879371088
390,321,322,37.101193808152324,520821.802521608
391,323,318,16.90923395107584,85149.2082883708
392,324,319,40.172140053872646,98161.7068696018
393,322,324,13.960455100542722,192043.013350081
394,325,307,32.528760928266244,1202344.30345084
395,326,305,32.4962857986624,69165.4138431515
396,327,304,38.48313336493824,465435.436867525
397,328,313,31.882567308387845,81278.2618499797
398,329,310,27.30685682241792,328087.810946088
399,330,320,37.71321241273344,431835.926337937
400,331,317,40.733685929122565,132838.962702994
401,332,316,26.0360918756928,170204.17617979
402,333,330,37.85855484432384,325538.39008473
403,334,332,7.953417504286849,92969.1072924502
404,334,332,14.31964780659072,92969.1072924502
405,335,314,39.464190851374084,446829.172983258
406,336,323,28.402870764660484,151483.985080352
407,324,337,40.07126870550144,438493.393934275
408,338,334,13.097979397299456,84413.8264930956
409,339,333,39.32516556169344,209535.302659508
410,340,328,32.40316181621376,89136.9462197606
411,341,331,41.166171009469444,170985.227740827
412,342,326,32.497646740416,82200.1207337903
413,343,325,34.145278514772485,1357596.98929851
414,337,344,38.02779588947328,343093.412278106
415,345,338,13.473042951760128,87792.3909300261
416,346,327,38.2766084059392,443085.125113771
417,347,329,36.46642810783104,450760.936885608
418,348,340,34.77581532577152,100219.672810522
419,349,336,28.79810455256064,157827.277282529
420,344,350,38.148446799809285,253813.970509632
421,351,339,39.784981117305605,94475.9496231797
422,352,353,36.844777463155204,0.0
423,354,349,9.496086152230657,51561.5410490001
424,355,342,32.26274869264128,92811.6182101468
425,356,335,39.542846316272644,396520.684819322
426,357,343,33.431008179191046,1330377.92269292
427,358,341,42.46703516297088,222945.077779644
428,350,359,38.064440797194244,163145.483594527
429,360,345,34.846363768550404,263846.504270911
430,361,348,35.7745892112576,104771.254245148
431,362,347,35.7087533622336,440581.868038636
432,363,346,38.990250373155845,401780.069432895
433,364,365,1.9236808608652802,0.0
434,366,364,0.567550403697024,0.0
435,364,351,39.836833295846404,105154.082274041
436,359,367,38.36233779067008,95598.5614857946
437,368,354,27.02673738306432,141784.870294973
438,369,355,31.91994723570048,99246.7638954812
439,370,364,23.57829339858432,120494.333084697
440,371,357,32.55264047109888,1203812.90164913
441,372,352,37.61754054905088,0.0
442,373,361,36.08309926514304,105127.507781495
443,374,360,34.524111735463684,311262.519942745
444,367,375,35.98515610208641,62665.0835217219
445,376,356,39.29759376529537,317558.915087331
446,377,358,43.29172167306624,271339.746606701
447,378,379,42.22378247940865,239103.197105255
448,380,368,26.72414913573504,128818.819223692
449,381,362,38.66357520292608,454559.581409435
450,382,383,6.776231903895169,0.0
451,382,384,3.669535547327232,0.0
452,385,363,38.075398402060806,332485.058805621
453,385,382,10.653786266086657,0.0
454,386,370,25.173718874346243,181677.164022422
455,387,369,32.09835845170944,102687.0992107
456,388,382,3.96623800843776,0.0
457,389,373,36.473141534607365,103719.874010565
458,390,371,34.79817902749056,1097601.57058551
459,375,391,36.297296659008005,97022.8391348498
460,392,385,24.822963202498563,99559.7949871701
461,393,380,24.63028022733696,102522.220295046
462,394,372,38.00921660845056,0.0
463,394,378,43.912677721271045,152403.515339438
464,395,374,36.07062094285056,366149.379314154
465,379,396,44.26742295689472,328002.45848329
466,397,398,37.64376379564416,184222.006491349
467,399,392,24.301231178146562,53418.6671169442
468,400,386,24.34386656313216,226891.389979897
469,401,402,38.73333175189632,274524.091554922
470,391,403,35.546925792407045,120365.580325133
471,402,404,37.813227187760646,230667.268881352
472,405,380,25.02977962978944,2581.99596751891
473,406,376,38.17016618456448,228247.449687166
474,406,407,3.204476451234432,11881.9864234947
475,404,397,37.8735085308096,201673.717864683
476,408,406,4.763451257440129,19723.2585212472
477,407,409,34.46278859966976,93408.6569912348
478,398,400,37.948873756273926,160842.038642834
479,410,411,38.7648473262336,329205.099360894
480,412,413,32.89239651810816,31253.0668133418
481,414,377,43.85330726692608,306081.203718218
482,414,415,8.823532031246593,92465.0696791733
483,415,395,20.111501154412803,215595.716764987
484,416,413,1.8241539166287362,1666.74770319574
485,416,414,0.895953759934464,815.948971895147
486,417,399,24.29685556493184,72316.9341154041
487,403,418,41.59972920039552,98529.2394644022
488,409,419,34.42081666674816,119133.344420952
489,419,420,34.33271351571072,143283.299206007
490,421,387,32.443689057120004,102172.762125375
491,422,410,41.83297403345281,359700.799891841
492,423,385,39.1290406664256,319256.847086678
493,411,401,39.17854656625536,312103.138443219
494,420,421,34.22696302257408,162770.174244546
495,424,408,42.264769509895686,164700.270572584
496,396,422,43.66342446985728,363264.292181215
497,425,415,4.898884871117952,57706.2705361826
498,426,424,42.19040317206529,177253.826075661
499,427,414,4.712365350342145,28656.0341076683
500,427,425,10.549500420830977,5211.04861950455
501,428,412,33.39791110250496,33652.6691173121
502,429,390,34.22552377014144,828667.66897286
503,430,431,30.906709950378243,142421.92949159
504,432,425,2.227064368750848,0.0
505,421,433,19.70901337718016,159307.160433854
506,434,417,35.15722917784704,138500.754468227
507,435,436,1.9397863532424962,0.0
508,437,430,31.091136105680643,142556.943301809
509,438,407,15.882334218723457,46649.0541457761
510,439,381,39.191825006104324,409781.891616692
511,408,438,18.8404214682816,52223.4214316413
512,418,440,41.74927448212224,114220.828357782
513,441,393,26.829133629408002,91585.0430800127
514,442,389,37.933554410737926,102562.451795719
515,443,432,5.02885078039872,0.0
516,444,443,10.126400260597633,0.0
517,445,446,1.351875885934464,1400.11400497638
518,446,428,7.692196192407936,7938.59028839987
519,447,394,37.00218097851264,56654.7723869132
520,425,448,36.263683079458566,452211.863938275
521,449,434,35.041457170874885,173059.036336305
522,450,426,42.07603863298176,184761.226054696
523,451,445,25.6649043264768,26733.7514727826
524,452,453,33.909926712456965,579434.991570455
525,433,454,19.78661003856768,158989.481550983
526,454,455,3.06590771957184,2507.63495391475
527,456,435,8.72379477471744,0.0
528,457,442,12.579900962023297,26108.8023695904
529,458,451,25.724785699261442,26629.5308008581
530,459,405,24.627288424654083,4711.1642153436
531,455,460,26.161114343696642,22459.3150386263
532,461,456,5.205334478661504,0.0
533,462,400,31.461150185625602,238114.083069546
534,453,463,35.12766377438208,544830.945391873
535,464,465,11.351305572444288,47656.9872726503
536,466,427,15.67297875837197,100586.447092091
537,467,450,41.68091664620928,182429.659694712
538,465,468,1.57332651113088,6734.70722384742
539,465,468,1.5775976103275522,6734.70722384742
540,468,437,31.607512941312,139511.201500585
541,469,457,35.15300722479744,314936.887782892
542,440,470,41.61666707928576,135423.643362926
543,470,464,41.06160367385473,158433.118927714
544,463,469,34.89301449900289,318194.412246808
545,457,471,9.50051893900032,62833.4799207145
546,471,442,9.047439114062977,4571.2166784482
547,431,472,34.21998910737792,153622.075145966
548,473,452,34.035622980606725,784983.600174096
549,460,474,26.550166206769923,24714.4557940152
550,474,475,1.8036697935168002,1745.37906725472
551,476,449,35.116846279004164,197945.308007084
552,477,435,11.796578744835458,0.0
553,478,403,35.30612282009472,159115.444976228
554,475,458,26.071180789167364,26013.5807084857
555,479,467,41.20361601865344,170147.805675613
556,471,480,14.306015961236737,97895.089620823
557,477,481,8.668841222916864,0.0
558,461,482,11.4762360471264,122525.761122661
559,482,477,4.514565298560768,0.0
560,483,479,41.05860730063488,160216.50046044
561,484,485,1.5199611758622722,0.0
562,482,481,9.669150956881152,0.0
563,457,486,14.9920737256224,0.0
564,486,480,13.824249048415874,0.0
565,448,487,36.66043895272705,446298.724166186
566,472,488,33.54140373800832,140472.892766411
567,489,483,41.14333771726464,200441.197375737
568,480,489,41.55058255442688,252626.088513061
569,490,473,34.49314602569088,818967.21500546
570,491,476,35.477006812346886,210359.136125677
571,492,484,13.010664171428353,0.0
572,493,438,27.68012819852544,168192.56806738
573,494,441,26.81354928928896,69185.3472671536
574,495,447,36.49748773891968,55462.9515152207
575,494,496,9.671891494294657,12482.8734981876
576,496,429,35.549507405491205,578179.296333661
577,497,459,24.94058352496128,7283.32979091992
578,497,498,8.400900386457216,3441.6549464293
579,499,423,40.0238347234176,391535.818338991
580,500,462,31.26753380703744,298698.886949272
581,501,494,23.74052277332736,11091.8211190434
582,498,501,17.3713515123456,7490.57162957834
583,502,498,2.52812547415296,0.0
584,503,497,15.246485062959744,5955.59362243408
585,504,505,40.39984809983232,0.0
586,496,506,10.906575669525889,70505.357570799
587,506,507,0.0016318378010880003,12.0729055002018
588,507,506,0.0019211222131200003,12.0729055002018
589,508,490,34.3670740883712,802332.253057599
590,454,509,38.562432036353286,269687.142928905
591,510,492,13.061226256366465,0.0
592,511,478,34.251594418736644,152815.268642972
593,507,508,34.13347589165184,758036.960526887
594,510,512,5.004434751478272,0.0
595,512,484,23.98582988106624,0.0
596,513,503,10.842510274320384,3985.34114737642
597,488,514,34.427304881925124,128906.473515635
598,515,510,1.972013705025408,0.0
599,516,517,17.297740970737923,0.0
600,518,516,38.14325690681088,0.0
601,516,517,17.83011806535168,0.0
602,519,504,39.38810294998657,0.0
603,513,520,8.831940691102849,21786.0681063134
604,520,503,5.303988746457985,0.0
605,520,521,13.603616121249791,26329.6672168944
606,521,522,2.426023917478656,4156.26249983322
607,521,522,2.3949026678269445,4156.26249983322
608,522,523,0.038005110785664,64.8026103019083
609,523,497,9.12453677903117,3314.85657363622
610,512,524,10.379143866934657,0.0
611,523,525,0.9441955667232,0.0
612,525,502,9.873999151632,0.0
613,514,513,33.30857276385409,107080.505104572
614,526,523,1.0203503781968641,2118.44863898769
615,526,525,1.331490209613696,0.0
616,527,439,39.06826847345664,341011.880061387
617,528,515,7.426721719080577,0.0
618,529,501,9.40658209299072,0.0
619,530,502,8.474060424398976,0.0
620,530,529,14.518920760578434,0.0
621,531,519,39.137952859441924,0.0
622,525,530,9.50715186638976,0.0
623,528,532,4.4599165661698565,0.0
624,532,515,5.224125521995776,0.0
625,529,533,12.288309473290752,0.822785135974061
626,534,526,1.0352058335435521,2127.15823382796
627,535,494,15.411416458686338,17897.4287375039
628,533,536,12.32096632519104,9.81538755108669
629,536,535,0.6910330159560961,4005.88689117372
630,532,537,3.6327241803283203,0.0
631,537,512,7.658053017981697,0.0
632,538,531,38.9181420093312,0.0
633,539,538,38.565735745996804,0.0
634,517,539,38.88785018017152,0.0
635,524,540,4.563244407566593,0.0
636,537,541,2.2776469679969282,0.0
637,541,542,0.001822079964672,0.0
638,541,542,0.017942962498560002,0.0
639,535,543,2.489112920460672,12590.1601019901
640,543,496,14.568768291952512,95079.9930309675
641,542,540,12.296881381783681,0.0
642,544,466,37.068569202677764,218576.964731142
643,545,536,1.239321432374784,7001.59904354344
644,505,546,40.468395210693124,0.0
645,545,547,2.475669641943168,42.4274233186828
646,547,543,2.41808964395328,542.072967772084
647,548,545,1.6588931606058241,8987.56328502851
648,549,530,5.120791450828416,0.0
649,534,549,11.29433227300224,17099.3809200811
650,550,482,31.179773430178564,383992.575198645
651,487,551,38.63417435488512,425139.651233232
652,532,552,6.105151639458432,0.0
653,552,537,5.45164863179904,0.0
654,553,548,5.376439361424384,6328.4964620685
655,554,495,35.09741560672512,112797.050367898
656,543,555,16.1373478128192,174.640840440376
657,555,507,14.605210079539201,219217.502465704
658,556,549,3.1385793602338565,4199.16759938638
659,557,500,34.17150784468608,390526.294803779
660,558,554,30.345727924892163,0.0
661,559,553,4.358363401510273,1834.76295968532
662,520,560,17.3623265525952,5136.51078724158
663,540,561,7.943622843581569,0.0
664,562,559,1.1625450343119361,476.507775026457
665,563,562,12.12724436558976,22111.536984173
666,564,529,9.156487780699777,0.0
667,565,528,11.04840202726656,0.0
668,566,518,39.204411862556164,0.0
669,564,563,2.025425091672576,4197.03050175483
670,567,564,6.085962378435457,13542.4402256894
671,568,534,8.70053769717581,3552.08331911057
672,556,567,8.275687504089984,20762.6667710652
673,569,552,4.556210378544001,0.0
674,568,556,10.512001461608065,15484.5684151133
675,570,541,8.093449847412865,0.0
676,569,570,1.3823478296559362,0.0
677,571,558,30.17976923339136,0.0
678,560,568,5.020581666760704,9783.18324781136
679,572,562,1.1055017203591682,1320.99127948181
680,572,559,1.397792935769472,0.0
681,573,565,6.382042203664512,0.0
682,573,552,5.7527509235328,0.0
683,569,573,5.4252769393152,0.0
684,561,570,13.749495470232194,0.0
685,574,570,1.792292030774784,0.0
686,527,575,13.588490563262209,8555.18704264554
687,575,491,37.49996670444288,215770.538135388
688,540,566,38.68020003222144,0.0
689,569,576,3.4253380307773442,0.0
690,576,574,0.7460010743834881,0.0
691,546,577,40.14376130020608,0.0
692,578,527,12.692378165461633,190582.534105151
693,579,572,3.2537746748770564,3643.02813051173
694,579,553,7.368321217973761,5286.15478307913
695,580,493,27.868576458539525,180938.560958369
696,581,582,11.368102387504898,0.0
697,581,583,13.125577990884482,0.0
698,584,560,6.493324539993984,11188.8952626876
699,581,585,20.13374563592832,0.0
700,586,565,8.560887610264706,0.0
701,586,573,8.871681864025728,0.0
702,587,571,30.583369212168964,0.0
703,588,579,4.140475670808576,7056.23517887111
704,589,567,11.492510554419841,0.0
705,590,547,15.107730609780866,3155.54734861971
706,590,555,18.134279526908163,259605.799040013
707,591,548,15.016017317127554,47171.9400575982
708,591,590,5.42957559369984,74672.7043523351
709,588,591,7.811348986945153,64221.0467433292
710,577,592,39.922395598483206,0.0
711,589,593,4.147966832385024,0.0
712,593,563,10.866914442375553,0.0
713,593,572,16.32894121381248,0.0
714,594,586,4.245541299559296,0.0
715,592,587,30.47558714754048,0.0
716,509,595,37.932010711879684,266476.559240107
717,596,593,1.9926544511047681,0.0
718,596,588,15.065868389058434,0.0
719,597,584,8.193695035439234,15234.6990819919
720,598,578,12.372027778306945,185479.775081186
721,598,575,20.71199035420416,97050.515035771
722,599,576,14.048935338582146,0.0
723,600,511,32.557468535285764,135864.051534275
724,601,499,39.4316254214784,440583.736797167
725,555,602,37.529506487151366,108304.039474831
726,603,588,9.184302153518978,82847.2167690352
727,590,604,10.917350269448834,23802.0942692816
728,605,554,26.57882609673984,128055.642822939
729,606,591,10.450181452119553,0.0
730,606,604,12.361277339465474,0.0
731,603,606,11.367618110145793,0.0
732,607,568,23.373696256669444,19787.0631602391
733,608,594,17.01676576271232,0.0
734,551,609,38.58794657612928,349058.432097341
735,609,550,30.933820975495678,459660.438986803
736,610,544,37.09059399264384,185821.91129402
737,611,580,30.0155006105856,205695.364912838
738,612,604,12.849543893805697,36936.8858825438
739,613,603,18.702048944620802,198087.638773032
740,614,581,35.6739549192576,0.0
741,615,598,25.891096756631043,499517.047282785
742,616,599,22.582699077945602,0.0
743,617,557,37.07930380074624,476866.790448317
744,618,619,36.041579091175684,242062.970689485
745,602,618,37.86146447390208,178402.872394534
746,620,597,27.4413159364608,59819.5001970224
747,619,621,36.40110330599425,314037.987998054
748,595,622,37.670558697319684,268034.478494874
749,623,616,15.402466309291777,0.0
750,624,608,16.880052231313922,0.0
751,625,605,25.922902061168642,158119.046419321
752,622,626,27.34370466841728,197355.084622065
753,624,623,15.247440752582015,0.0
754,627,622,3.5858286654347524,0.0
755,628,607,22.898132175663363,22791.6894289257
756,628,613,17.936902401073922,228308.503697237
757,629,612,12.793530782102401,47995.0419430823
758,630,600,33.04778624522496,122453.617707956
759,621,631,38.75824779273216,392996.110695031
760,632,609,26.71044018027264,560578.355193683
761,633,601,40.61658254404608,492205.298297524
762,633,614,35.0015854801536,0.0
763,634,624,26.275759407532803,0.0
764,635,615,27.389900501694722,515639.216872764
765,636,616,29.262867730525443,0.0
766,626,637,28.869417224524803,208484.481590109
767,637,638,12.196307763661824,47556.7203286903
768,639,620,26.82550837283328,70305.2024532934
769,640,611,30.315880387330562,214885.934405623
770,641,642,9.873249483791232,0.0
771,641,643,20.12188795714944,0.0
772,643,644,20.09601833171328,0.0
773,645,625,26.62309882831104,190870.41759494
774,645,641,7.946193699810433,0.0
775,638,646,12.570912095030785,47291.452548861
776,646,610,37.50190290620928,150152.683869857
777,647,629,22.72484739621888,116284.930635795
778,648,645,3.36166042310208,25755.1401911419
779,649,617,36.673427227852805,490935.321252433
780,650,648,6.882011096463361,53668.7064114376
781,651,628,25.06753504924416,407816.801132122
782,652,641,5.946051965648256,0.0
783,631,653,39.9476993946624,434700.072578359
784,637,654,15.442660015263362,50144.7887090773
785,655,648,5.821273854,0.0
786,655,652,11.213987891698945,0.0
787,656,632,26.84170262214144,565254.273128382
788,657,650,4.195241647128576,0.0
789,658,650,11.12239249475904,89031.451310014
790,657,655,5.8129507291680005,0.0
791,658,657,7.191432286891776,0.0
792,659,660,41.06206801787904,341380.360749729
793,660,658,16.99316360641152,139932.12151238
794,661,662,9.250100567592192,0.0
795,663,634,25.609667311261443,0.0
796,653,664,38.194706395296,405201.069980714
797,665,660,2.179760206010112,0.0
798,666,633,27.62054228520576,251282.138633346
799,667,668,11.037549794198402,106897.337967543
800,668,661,16.26306406902144,0.0
801,669,665,1.7590266891267843,0.0
802,670,669,1.7155639597029122,0.0
803,671,667,39.18924509892481,395719.109382598
804,672,659,41.199380595394565,314320.557976519
805,673,630,33.310456018202885,104516.929391844
806,654,674,14.477229178600322,47934.7068571645
807,674,646,16.95930466627584,33246.5096965781
808,675,675,0.11557509246835201,0.0
809,676,652,12.158874095524993,0.0
810,677,639,26.94048877567872,79791.374972133
811,678,635,26.931072278626566,495049.967945633
812,646,679,22.52436692406912,108664.763638643
813,680,671,39.47425813495296,400108.377938691
814,675,679,7.136551670561281,101198.428114483
815,681,636,28.9118007471744,0.0
816,682,675,3.7813541605297925,53905.6322598623
817,674,682,8.94343535623296,136669.000901553
818,683,680,39.29661462431232,366862.243588063
819,668,684,16.0949480357952,149961.869748997
820,684,662,11.110650160883328,0.0
821,685,672,41.13739650201985,250687.158684848
822,686,647,22.87219293000576,159192.196435657
823,682,687,11.150098230420864,10768.5157618446
824,687,679,6.3590044652259845,19835.4092256939
825,679,688,36.033375830284804,950934.610661988
826,633,689,40.12438740558336,138263.895824222
827,688,690,35.73744600235393,1063037.6800061
828,691,692,37.21674800650752,421.465192430339
829,693,670,14.026599081006335,0.0
830,664,694,39.45746339111808,369073.284278959
831,695,683,39.42179704501632,303877.816209904
832,696,658,19.06944330221568,0.0
833,697,656,25.653492178490882,533512.255471772
834,697,698,2.4344246336129283,37409.3064426032
835,699,676,12.138125444539776,0.0
836,700,640,31.170918256220162,224729.823849403
837,701,678,17.42201745951744,130940.777041231
838,698,701,6.170358209228929,79065.9267953244
839,690,702,35.969045329451525,1128175.36845402
840,703,685,41.16517234714369,166508.170284393
841,704,651,24.91719737481216,469185.459783695
842,705,663,26.93489406829056,0.0
843,706,674,15.698377201681152,292341.307432577
844,707,677,24.716294514236164,78658.7714984892
845,692,708,41.607519149560325,20081.1494105386
846,709,693,13.161390856492032,0.0
847,710,696,6.549541928949888,0.0
848,711,649,35.78254817372928,459474.741682679
849,709,710,5.786203233938688,0.0
850,710,712,10.275453318024576,0.0
851,713,686,8.891312685590018,73238.8115306845
852,714,673,18.18429864653952,57078.9624996576
853,701,715,8.632541669152896,352517.379437032
854,715,678,16.184118069250562,172050.246476404
855,716,713,26.23366128594816,4589.53157656524
856,704,716,26.466406401600004,3129.49629205258
857,684,717,31.000981829621765,263121.947406257
858,708,703,41.30911162388736,81667.2879388434
859,718,719,37.54030236903936,89110.3368021957
860,720,705,15.757177880657665,0.0
861,721,698,10.300984015614336,25130.9070552611
862,721,701,6.3494131193856,243461.431426577
863,722,697,8.17763645704896,42807.9836244977
864,702,723,35.7972214159296,1103225.83066924
865,724,691,37.86575080071168,8560.99459714566
866,725,721,1.079392499006976,45441.1981168585
867,726,725,2.3059331087443202,0.0
868,722,726,7.094195041659264,0.0
869,719,724,37.571632659601924,40517.4417631479
870,727,666,28.902483176497924,258491.437749234
871,715,728,9.706166818394113,225526.899539518
872,728,695,40.04927993265408,222628.292430311
873,729,681,31.157418756879363,0.0
874,723,730,31.789670500938243,903455.48328426
875,731,720,8.251083043517953,0.0
876,731,705,16.5916162976256,0.0
877,732,725,5.768401597592832,249891.712588115
878,732,728,15.974198380939393,15850.1285538021
879,687,733,24.73082991612288,112746.011898181
880,734,681,27.870964902063363,0.0
881,694,735,34.3754322164352,260519.992437372
882,736,722,8.545264319192833,45511.9045585497
883,736,732,10.409877919685377,201329.281095356
884,737,718,38.35968731375616,145730.328908685
885,738,720,22.26045298333824,0.0
886,739,731,4.64355930246912,0.0
887,730,736,31.97687996840832,795495.582530563
888,740,731,6.945704966559744,0.0
889,740,739,4.910675543250049,0.0
890,738,740,18.36338504673024,0.0
891,741,740,0.5342995123488,0.0
892,742,738,6.210134982450432,0.0
893,743,706,16.051859388728065,296908.914027787
894,744,732,6.605120306949121,213567.816905056
895,745,713,18.34817698733184,174283.729027581
896,746,707,25.770847651211522,86069.684238375
897,747,745,2.060230194114048,21135.86928911
898,748,744,4.3914236515776,22562.5075081386
899,749,747,0.410993010603648,4252.52773167565
900,750,751,5.6288648052806405,0.0
901,750,742,14.118127822136449,0.0
902,752,714,18.311058562325762,61388.1680781018
903,753,739,9.072847474149889,0.0
904,754,741,8.809139308970881,0.0
905,754,753,5.669935677762049,0.0
906,755,756,14.511055032232704,0.0
907,755,750,9.985247414930305,0.0
908,757,741,14.676653229068162,0.0
909,757,754,11.388370377326977,0.0
910,733,758,23.82165297477504,126938.385026693
911,759,755,2.055672465922944,0.0
912,717,760,32.39116198407937,230000.110538159
913,753,761,16.11230782030848,0.0
914,759,762,10.01225681158349,0.0
915,762,750,6.63360590496384,0.0
916,763,742,12.496893333661442,0.0
917,763,757,13.849846285942657,0.0
918,762,763,9.768862233770113,0.0
919,764,746,19.85998350771072,68379.9787913357
920,765,729,31.13475182256384,0.0
921,761,765,15.972120066051072,0.0
922,736,766,15.459791995524098,39284.3171414248
923,766,744,12.82346085808973,378222.565674991
924,748,767,12.596033605643138,65958.3198694321
925,767,728,20.95301823234048,514453.817823212
926,768,764,3.488511265214976,12130.6773459128
927,769,700,30.894769712252163,221489.285519074
928,770,768,1.5317688973847041,5333.78456706326
929,771,704,31.368590600117763,652767.548808611
930,689,772,40.2180559900416,147168.861093501
931,773,774,0.28443086388288,0.0
932,773,775,0.288818616379392,0.0
933,776,711,35.214526426970885,400729.471147793
934,777,748,10.765477720191745,0.0
935,778,762,4.9803264951137285,0.0
936,779,763,4.828591998603649,0.0
937,778,779,8.057649909665665,0.0
938,766,777,10.632087067333249,19137.0827232784
939,765,780,12.666706904548224,0.0
940,777,767,10.535719783577472,19640.1173165171
941,781,737,39.218234292864004,198131.503766935
942,782,773,2.4518092567415044,0.0
943,782,770,7.240528759951873,25255.4661224704
944,783,759,7.285195536182785,0.0
945,783,778,11.4017479624224,0.0
946,784,727,28.875268767121923,246284.430327916
947,785,755,15.40975441349837,0.0
948,786,782,2.151678204111744,7513.90509150317
949,787,785,3.0118133321591043,0.0
950,788,781,37.91540503377792,221696.35882538
951,785,783,9.905190251641345,0.0
952,789,779,3.6511695703676166,0.0
953,789,757,16.80927728946048,0.0
954,790,734,26.985697244225282,0.0
955,790,791,16.503107366592,181.571712610106
956,792,786,2.02370772206592,7068.42167917207
957,791,788,16.7280407908416,51.0386998108199
958,767,793,13.70457457858368,510600.09419944
959,784,794,11.987974550572416,49297.5167916655
960,795,710,37.79762228022528,0.0
961,735,796,35.30090072412288,203705.416850833
962,780,797,13.499931720033793,0.0
963,797,790,9.451466193426048,193.935591735048
964,798,766,15.649789059235585,580933.344052515
965,799,754,21.288626774553602,0.0
966,800,784,9.210175728285313,36708.8586143734
967,801,792,31.221048517148166,108339.568234866
968,758,802,24.124156715450884,146075.169018837
969,802,803,7.292544195176064,0.0
970,804,788,15.482539895936258,93997.988103407
971,805,778,14.20127413732685,0.0
972,805,789,12.924738601226498,0.0
973,806,777,12.85494157403597,0.0
974,807,765,18.549029008730884,0.0
975,807,797,21.176105079191043,750.090140389667
976,799,808,3.7069897844897284,0.0
977,809,800,2.827182159305856,10921.0010754666
978,809,810,5.7170492523302405,85151.292128388
979,808,811,7.096323714530688,0.0
980,812,813,1.2733794000829441,0.0
981,813,805,4.803424206476545,0.0
982,811,807,21.32350425241344,1287.30587763164
983,814,815,6.075952255536769,0.0
984,815,785,15.544018985210498,0.0
985,812,816,0.9079341157877762,0.0
986,816,813,0.9622957621305601,0.0
987,817,789,14.527692098979841,0.0
988,817,799,22.020140877039363,0.0
989,813,818,4.902267754048896,0.0
990,818,805,2.525079463936128,0.0
991,760,819,31.735358005570564,175458.894526787
992,819,809,1.32470575604928,22823.3065713564
993,820,783,14.296252106594306,0.0
994,820,812,5.769606297793536,0.0
995,815,820,17.561015390350082,0.0
996,818,817,15.63170827090752,0.0
997,793,821,14.413128696476928,604194.634177543
998,822,816,2.428800037488,0.0
999,823,816,2.88757691443584,0.0
1000,822,823,1.2412226196437761,0.0
1001,824,749,34.75192432440961,398941.992393897
1002,825,818,3.4530680031598084,0.0
1003,823,825,5.469186108811392,0.0
1004,820,826,4.249277563855104,0.0
1005,826,822,3.1286697376492802,0.0
1006,827,797,11.287990464676993,0.0
1007,828,808,5.784851339917056,0.0
1008,829,817,5.193069114423168,0.0
1009,827,830,9.359480638392194,55807.1615450215
1010,830,804,14.863232899075971,89915.5917924617
1011,828,831,0.386968826369664,0.0
1012,831,811,8.224412194905984,656.325729233009
1013,832,807,5.929606743971328,0.0
1014,832,833,13.242124148647681,0.0
1015,794,834,13.521058735840128,54248.0722576489
1016,835,828,0.42424707371903997,0.0
1017,835,831,0.4958987910117121,42.6291940218433
1018,833,827,13.240588142453761,0.0
1019,825,829,18.19218610585728,0.0
1020,829,828,20.94187740365952,0.0
1021,819,834,18.63307167220224,228094.257299475
1022,836,743,33.243346325122566,598455.179032773
1023,826,837,3.725809330915584,0.0
1024,837,823,3.714349541519232,0.0
1025,831,838,14.415732261013249,0.0
1026,838,832,14.411583977294592,0.0
1027,839,752,34.75766221513344,125632.74480239
1028,840,837,3.891245994675072,0.0
1029,841,806,12.09123062166413,0.0
1030,842,832,5.428263238041601,0.0
1031,842,843,13.728657164302083,0.0
1032,844,798,23.85706308112512,990994.640663037
1033,845,825,7.592311323628416,0.0
1034,837,845,9.45452377482624,0.0
1035,843,846,13.798333770718466,0.0
1036,847,835,7.246533055044096,665.865527077395
1037,847,846,4.1314385041839365,0.0
1038,848,827,8.175356707009536,47903.8176919167
1039,849,801,31.936677702336,106245.680876743
1040,850,829,10.28728436698829,0.0
1041,850,847,14.793889743908354,1637.47520541563
1042,846,851,15.866588041362434,0.0
1043,852,842,5.397653217432961,0.0
1044,851,852,15.67138193506829,0.0
1045,852,853,19.30061315977344,0.0
1046,853,848,2.9359021785857284,16967.1527787904
1047,854,848,2.4760943719649284,0.0
1048,854,855,18.59035852371456,0.0
1049,853,854,2.225797314516864,0.0
1050,856,840,6.779873857413888,0.0
1051,856,857,8.088394708006273,0.0
1052,857,845,3.9203252346297606,0.0
1053,858,840,7.666233120412417,0.0
1054,859,826,18.7065622694016,0.0
1055,857,850,21.826037993760004,3221.03785160002
1056,860,859,0.238333808921472,0.0
1057,861,858,0.795542740274304,0.0
1058,859,861,9.431155671860736,0.0
1059,858,856,6.517430630181504,0.0
1060,821,862,39.1326443899776,1964649.50621095
1061,863,815,18.55256307987456,0.0
1062,863,860,10.106972266267007,0.0
1063,864,849,17.68527613974528,55241.5127747539
1064,865,863,22.331987535559684,0.0
1065,866,865,22.586418127088642,0.0
1066,867,771,31.63127677231104,694605.684949215
1067,868,782,32.44387406730625,0.0
1068,869,821,19.293212430455043,0.0
1069,870,769,33.53642988334848,240054.941883996
1070,772,871,39.85266351154176,147871.563656291
1071,872,819,29.82035133183744,255978.484655196
1072,873,798,25.2661772803968,0.0
1073,874,856,8.127701786134656,0.0
1074,874,857,11.29024065267648,2092.29290066398
1075,875,871,34.81381900263168,293226.904205406
1076,876,875,34.798792943946246,274247.213167936
1077,834,876,36.0870530049216,253932.232960856
1078,877,866,33.1374942340992,0.0
1079,878,776,38.19223664771329,351736.767791696
1080,879,852,15.098601757219202,0.0
1081,879,853,14.223392399601792,80170.2906317286
1082,880,881,1.724379407004672,0.0
1083,881,882,4.054343341745664,0.0
1084,883,860,11.071377910568449,0.0
1085,883,861,17.272649768901122,0.0
1086,884,880,6.683165949563137,0.0
1087,885,802,31.385814459436805,211261.647291492
1088,796,886,36.85185070706304,153146.228997128
1089,887,795,37.18542936759552,0.0
1090,888,863,13.65309618628032,0.0
1091,889,866,12.749914088347392,0.0
1092,888,890,3.0526423105812484,0.0
1093,890,883,5.640215246189568,0.0
1094,891,864,38.84874770760192,109490.044466865
1095,892,888,21.853977589635843,0.0
1096,893,882,8.034108092499457,0.0
1097,894,889,2.357229389289984,0.0
1098,890,895,4.863870805014144,0.0
1099,895,874,23.99934101596416,5487.59116384026
1100,896,897,24.148509759475203,0.0
1101,898,888,3.3315504192368643,0.0
1102,898,890,4.112794049557248,0.0
1103,894,899,2.212617878292096,0.0
1104,899,892,21.47991394957056,0.0
1105,900,884,18.24494009640192,0.0
1106,901,844,26.45734210948224,1231992.18109288
1107,902,869,19.1144464828416,0.0
1108,903,898,4.031999842121857,0.0
1109,904,871,27.762837230810884,335753.25280317
1110,905,900,17.62040572009344,0.0
1111,906,834,30.61600006189824,321036.949197029
1112,903,895,11.024846216854272,3001.29362729901
1113,907,824,35.4766151462976,467931.55634418
1114,908,905,7.8441171893568,0.0
1115,909,903,3.156341942628864,914.073344024892
1116,910,872,29.333571619841283,254659.769385468
1117,911,893,8.002972922022144,0.0
1118,912,877,34.31338506896256,0.0
1119,913,908,23.912877754275844,0.0
1120,914,839,34.143775210448645,130655.810308299
1121,915,836,33.28603847167104,559882.256805891
1122,862,916,40.37677993996416,2418374.60095996
1123,917,891,38.42585299783296,90981.1944977897
1124,918,873,24.54506248525056,0.0
1125,919,913,24.7574161663488,173461.342722197
1126,920,879,33.15990565286784,171572.078695771
1127,921,912,33.924392397561604,0.0
1128,922,867,31.55979793557888,688898.016148785
1129,923,921,29.93694608374272,0.0
1130,924,868,32.6925478744128,0.0
1131,925,904,28.049959119029765,323390.626494225
1132,926,885,31.4485060526208,226410.692548264
1133,886,927,35.658881127429126,143779.302690517
1134,928,909,30.09699265693824,0.0
1135,929,923,29.77911601175808,0.0
1136,930,870,33.7117714205184,235690.710289917
1137,931,896,25.4383128755712,0.0
1138,932,887,36.170163713376,0.0
1139,933,910,29.948685942447362,258490.14416712
1140,916,934,39.374108593459205,2548411.83495592
1141,935,918,19.93372025407488,0.0
1142,936,878,37.659515958155524,255718.101928009
1143,937,917,39.0587964218496,77865.6433922038
1144,938,901,27.03460385653632,1370914.57635733
1145,939,928,29.520940058311684,0.0
1146,940,909,36.52052585233536,12226.5505248075
1147,941,907,35.40196337521537,492089.426644804
1148,942,925,27.8429518718208,292978.851920218
1149,942,919,26.52214421248128,234512.373603609
1150,943,906,31.37697500876928,340979.400363435
1151,944,933,23.784532747303682,84224.1969675732
1152,927,945,34.4555626612032,144838.636157048
1153,946,914,35.16395705653248,135301.814645304
1154,947,920,33.642113910577926,148495.008402379
1155,948,911,36.48780772788096,0.0
1156,949,915,33.55195791252096,508417.600916444
1157,945,950,4.8139243038120965,20931.1619859914
1158,949,951,17.37044305375104,144657.48627424
1159,934,952,39.58276018790016,2521451.94921523
1160,953,932,35.134228739174404,0.0
1161,954,935,20.80686987346176,0.0
1162,955,929,33.99437607325056,0.0
1163,956,931,25.63050509737344,0.0
1164,957,954,29.661734451571203,0.0
1165,950,958,14.221885223196288,58336.4337659758
1166,958,956,0.38461170711744,1692.36758955411
1167,959,926,31.8270063805056,233142.025257051
1168,960,942,18.79823335218048,310757.01681293
1169,961,942,25.45884638301312,174980.452466288
1170,962,963,40.04952212283264,108051.747941666
1171,964,958,2.80099090808064,765.355910397189
1172,965,933,27.059040457701123,133515.812604299
1173,966,950,10.270693987310594,3319.95692552667
1174,966,964,12.382081892623873,0.0
1175,963,967,39.98137672032768,166788.672914901
1176,968,924,38.904936295737606,0.0
1177,969,944,24.2557746292224,74505.5162818918
1178,951,970,18.16525638943488,0.0
1179,971,922,38.890824972088325,783980.921980668
1180,972,938,27.237523997629438,1446929.24112198
1181,972,973,3.636903250797696,0.0
1182,974,964,4.343162592206593,1360.80745041072
1183,975,974,0.723589776315648,248.351637285775
1184,975,976,9.395973076862592,10445.2066553785
1185,956,976,16.216311322252803,127974.152806929
1186,977,930,33.593972203376644,220826.626658958
1187,973,957,29.83770574114176,0.0
1188,978,939,33.02583041564928,0.0
1189,952,979,15.822085503514755,948575.300874309
1190,979,969,19.61848177432704,255921.837040779
1191,980,940,36.66066974875009,14857.1568352744
1192,981,982,35.3932623925056,207177.895646851
1193,976,983,38.0327141734848,419328.327484895
1194,984,961,25.03019456695296,192788.151106548
1195,967,985,34.5478695636096,184847.277469727
1196,986,979,4.237054121418624,0.0
1197,987,962,40.564821245160964,59984.9626323316
1198,966,988,10.705032600641282,3883.30669417001
1199,988,975,9.036376287067009,13528.4386537564
1200,989,937,41.99305126465153,74684.7857668809
1201,979,990,14.237412505633152,620517.358784356
1202,990,969,9.833650576877952,127175.291514864
1203,991,936,37.99011570685057,183215.870406695
1204,983,992,38.20419959368321,520467.108254727
1205,993,955,31.604434700762884,0.0
1206,994,995,17.941207106592,0.0
1207,985,996,34.178902989580806,206115.107547552
1208,997,990,9.070999063708033,0.0
1209,998,941,35.38426533878016,476453.320528107
1210,999,947,33.7550833737216,121210.661642508
1211,1000,943,31.14433775135232,339982.767175685
1212,1001,953,35.577008197632004,0.0
1213,1002,999,7.721221509682561,219123.895684735
1214,1002,987,40.33867992777216,1012789.8566953
1215,996,981,35.50482969859584,220622.515548041
1216,1003,972,18.8234356470336,1020956.19805502
1217,990,1004,15.826881784766975,882915.568951115
1218,1005,960,20.129779954817284,325328.944055998
1219,1006,968,35.121505732220164,0.0
1220,999,1007,30.83102110192896,1010116.91031323
1221,1008,984,25.37554646398464,210831.998944918
1222,1009,948,35.76345477167232,0.0
1223,1010,949,33.510380236692484,548549.174245221
1224,1011,946,35.67688276660992,131058.80933905
1225,1002,1012,36.40079865717504,861446.424324902
1226,1013,1008,14.00470284222029,120427.350874143
1227,1014,1013,13.688930934138241,118924.536970263
1228,992,1015,38.73357725732352,596651.630543656
1229,1016,989,38.28254179977216,58264.3129214588
1230,1017,959,32.22661616786304,229080.361701605
1231,1018,1019,40.74842739141504,55.8416731030623
1232,1020,1014,3.27847100967936,28521.2222869436
1233,1008,1021,14.924820836331648,0.0
1234,1004,1022,16.13745454451328,883765.135940852
1235,1022,965,27.26800960790016,141193.033951138
1236,1023,1024,36.85348752256512,330427.518501844
1237,982,1025,43.41095327074176,211228.60796421
1238,1026,1022,2.855439356001408,99196.56926251
1239,1026,1027,6.13190399329728,0.0
1240,1007,1028,30.6773101780992,1381219.09371222
1241,1029,1020,30.796531202384642,264760.468958148
1242,1030,1003,18.149620212345603,981842.691575
1243,1031,1023,36.92181333253248,305493.841727263
1244,1028,1032,30.348453477703682,1706587.7173436
1245,1033,1031,37.04840605357057,256845.187814974
1246,1034,980,36.64270011942144,16786.0697611479
1247,1035,1030,8.552662423671169,283146.969174101
1248,1036,1005,16.464387547745282,0.0
1249,1024,1037,37.733574685973764,334552.268101155
1250,1038,1039,33.978559295577604,57453.0550493694
1251,1017,1040,16.84605992484096,577319.65556326
1252,1040,1035,2.842143284179584,95433.3283450251
1253,1036,1041,1.6087411815805441,0.0
1254,1042,1005,22.285877077981443,351182.874399344
1255,1041,1043,4.20338900101824,0.0
1256,1044,988,28.443023479031044,62357.7891497126
1257,1045,978,33.464382030858246,0.0
1258,1032,1045,30.278522604591362,1968247.60502756
1259,1046,1017,19.95286056850944,562051.527068688
1260,1047,998,24.893074032456962,0.0
1261,1048,1040,2.798401230573696,0.0
1262,1021,1049,15.653075951234307,0.0
1263,1050,1043,9.900002643911424,0.0
1264,1050,1042,8.002079092364545,0.0
1265,1019,1051,41.4273347744256,5479.38277145226
1266,1052,1045,2.311123376719872,158357.243582544
1267,1053,993,33.00097549769856,0.0
1268,1054,977,33.43256026273152,197951.910020705
1269,1055,1038,34.933854129672966,76423.3510159427
1270,1056,971,39.14199710872704,656856.136749944
1271,1012,1057,37.027252771660805,1212961.43354594
1272,1058,1018,40.985990335825925,0.0
1273,1059,1016,38.12694667208064,44190.889181507
1274,1060,1033,37.78189301867904,196062.289664911
1275,1061,994,33.19440470957952,0.0
1276,1026,1062,35.53243461529345,1191386.45823567
1277,1015,1063,39.089236165816324,628360.798272445
1278,1064,991,36.92336073288192,120368.546926323
1279,1039,1064,34.124449386931204,39348.1845345744
1280,1037,1065,40.5347333681664,320693.118779264
1281,1066,1067,7.1073183809802245,0.0
1282,1067,1029,32.369702283072,262518.615692267
1283,1068,1036,14.435831136139775,0.0
1284,1068,1050,9.879170186337408,0.0
1285,1064,1060,38.26414855891584,128176.421230304
1286,1069,1042,10.089795425542272,164305.494275942
1287,1070,1022,18.6653493835776,448880.656535136
1288,1071,1000,30.502959578403843,324595.140746654
1289,1071,1066,19.40379916324608,0.0
1290,1072,1052,36.586479682368,2590010.8463481
1291,1073,998,33.71753081207808,404369.76648838
1292,1074,1054,8.772719659520257,13156.8830765801
1293,1054,1075,22.500480187468803,51235.105404599
1294,1068,1069,21.154313080834562,0.0
1295,1030,1076,31.10792882174208,774763.424516896
1296,1077,1054,18.22856354060544,137231.089019676
1297,1077,1074,11.960709252129794,75765.6524383133
1298,1078,1006,36.744310784332804,0.0
1299,1079,1058,40.545491285629446,0.0
1300,1080,1044,25.98180598278144,72050.7755091965
1301,1081,1061,29.63175142333824,127715.793170081
1302,1063,1082,38.147607221137925,598265.122618225
1303,1082,1077,4.167858197086848,59411.5390487606
1304,1083,1001,37.917624560555524,0.0
1305,1065,1084,40.624942056145926,255634.19313091
1306,1084,1085,40.510522702805766,181113.209898948
1307,1086,1055,35.262168786915844,90270.456268235
1308,1087,1071,6.696380538688897,69371.6542590313
1309,1088,1087,0.390992577440256,496.642206289176
1310,1089,1034,21.847715229795842,10554.6611265709
1311,1090,1009,34.490837775778566,0.0
1312,1051,1091,36.56144014047361,20470.8309643082
1313,1092,1048,18.07127498068992,0.0
1314,1093,1074,4.929714776397312,38977.177862116
1315,1094,1011,33.82982092283904,113699.563000826
1316,1093,1075,14.202663834839042,71046.4284970157
1317,1095,1059,37.49482901856384,28581.3077439048
1318,1094,1095,13.364248509976319,18083.8529115788
1319,1096,1093,0.907917866241408,2891.58780061219
1320,1097,1067,12.361553866607617,93445.5813937752
1321,1098,1096,1.192844786272128,3813.25298346203
1322,1099,1100,38.369339032527364,68279.9634820354
1323,1101,1094,28.30695360476544,80127.3668168288
1324,1102,1103,43.51198502242944,91033.4247211769
1325,1025,1099,42.69875826471552,142157.844294807
1326,1083,1079,41.17840076858113,0.0
1327,1104,1082,5.653327540582657,38586.6364495446
1328,1105,1106,0.173770637179392,183.00714332556
1329,1095,1105,12.034157990291714,11751.1822467416
1330,1106,1102,42.87689338166784,58970.7929697802
1331,1107,1088,6.02426367968832,7565.29881957431
1332,1108,1053,31.2261260940288,0.0
1333,1109,1110,1.040216361934464,4545.09347864171
1334,1109,1097,6.404756100247297,46646.7422579851
1335,1111,1112,31.525774777981443,0.0
1336,1113,1107,0.191669896332288,237.947994211095
1337,1114,1087,5.528478585611521,49706.6574548448
1338,1114,1110,2.970882363170304,12828.435584978
1339,1115,1034,35.798278513536005,0.0
1340,1103,1116,42.702926015059205,117152.20524046
1341,1117,1046,33.001597798836485,934329.186779679
1342,1116,1118,42.59439116368128,135495.660818217
1343,1119,1113,1.302370916305536,1612.19013687517
1344,1120,1080,25.11714814747776,84754.0084646457
1345,1121,1119,0.461161485404928,568.914819632014
1346,1122,1010,33.56871829686145,613489.930690364
1347,1100,1123,38.923072122021125,23278.1384958372
1348,1124,1047,24.8598459229824,0.0
1349,1125,1101,28.390342198648323,83528.0001135806
1350,1085,1126,40.48842565329409,141644.220317169
1351,1127,1114,2.645493490100736,86459.3494430432
1352,1127,1109,3.123577971182592,8723.07896166099
1353,1057,1128,38.03219060560128,1513682.09449252
1354,1062,1129,36.0765877627584,1094960.27199573
1355,1069,1130,18.442667930480642,306855.421469575
1356,1131,1070,17.991811673383683,412726.077042532
1357,1132,1131,13.051561328099714,504546.368789391
1358,1133,1083,32.05591807093632,0.0
1359,1134,1064,19.949354226362882,80303.5068323147
1360,1121,1135,4.651226342813952,154181.035347716
1361,1135,1127,3.547599340843008,62861.2255170085
1362,1136,1121,12.94897955122253,463014.479938351
1363,1112,1133,32.0163234126912,0.0
1364,1137,1081,30.0239211811968,169058.494368453
1365,1049,1138,33.44060051316864,0.0
1366,1135,1139,3.6247942600784646,53620.5061263502
1367,1139,1127,3.395136056121216,62575.698902271
1368,1126,1125,40.022291668296965,122301.049164552
1369,1140,1072,36.94979990515968,2613693.13320798
1370,1141,1136,13.037756273879042,493071.103842454
1371,1139,1142,6.540617327891328,201880.765059753
1372,1131,1143,16.02284004533837,266033.24941246
1373,1142,1144,1.1848049735765762,0.0
1374,1129,1141,11.071672977353472,444122.754438725
1375,1145,1129,28.407031546544644,388106.923230332
1376,1091,1146,36.57904341873408,41831.2943647207
1377,1147,1111,32.06408599063296,0.0
1378,1143,1148,15.935798781315071,257411.118880752
1379,1149,1092,17.88509407715712,0.0
1380,1148,1145,27.89381613845376,424957.553705036
1381,1123,1147,38.804967113425924,1775.26856692649
1382,1150,1120,35.44169952698496,144391.223964416
1383,1075,1151,41.13276202582272,347342.692834475
1384,1152,1089,22.008499960803842,10739.3006624488
1385,1152,1140,35.63410086694656,2301633.23434969
1386,1153,1098,25.212379163558403,84219.9074374304
1387,1154,1137,30.38186048185728,212817.021622609
1388,1076,1155,32.713829662440965,812573.444295824
1389,1118,1156,44.565477312026886,152228.590921564
1390,1157,1086,38.31580158113664,104380.73607603
1391,1130,1158,18.76860100000512,318482.822800845
1392,1158,1090,33.528275063712,0.0
1393,1159,1134,19.173233083276802,45462.7109146526
1394,1160,1161,31.176390074100485,20700.1623483221
1395,1162,1056,38.938222953146884,484672.504705526
1396,1163,1132,21.24981128020608,792884.871128107
1397,1164,1078,36.86013847460736,0.0
1398,1164,1162,7.621191605212417,1421.61449763193
1399,1165,1154,6.861095366602752,53624.3743127854
1400,1128,1166,37.12580688998016,1607134.26331091
1401,1162,1167,19.302310486609922,3861.97449054046
1402,1167,1160,31.386384151119366,12257.8697836994
1403,1168,1152,6.846968295522433,405018.617508913
1404,1169,1141,14.941144966137987,64915.7417901271
1405,1170,1115,35.27085937326336,667.354970623588
1406,1161,1171,31.381790005082884,29541.912168419
1407,1172,1073,33.829413098976005,332695.957764337
1408,1173,1117,33.031327339296,903209.414098213
1409,1171,1172,31.125217151381765,37519.7935371558
1410,1174,1108,33.09356661025536,0.0
1411,1158,1175,12.638054063505024,102779.435628783
1412,1172,1176,20.302834469322242,28678.9963510205
1413,1177,1178,23.057625182803204,0.0
1414,1179,1180,28.391438902210563,159299.696630002
1415,1181,1124,25.78724578831104,0.0
1416,1176,1181,20.126787186528002,31297.2995775496
1417,1182,1164,7.6813300143740175,1902.53598349833
1418,1183,1162,8.34176285729741,106687.96442025
1419,1184,1183,0.332630214567552,0.733318263316247
1420,1181,1185,17.63995181452416,29355.2163971325
1421,1186,1150,36.30720814199424,176342.027116968
1422,1187,1165,15.795273077692416,130620.559611633
1423,1180,1177,28.590678103426562,169309.747120185
1424,1182,1184,7.911988411143169,25.5906308291156
1425,1183,1188,2.335462073442432,30207.077188578
1426,1188,1167,18.65068016473728,10.1663200566822
1427,1189,1104,32.351699662191365,220474.502294467
1428,1166,1190,35.86743859133952,1528314.75941261
1429,1177,1191,8.0738576034336,48331.4199621302
1430,1156,1192,41.586405779381764,142267.90989405
1431,1193,1182,17.427159909054723,34185.2238642873
1432,1185,1194,17.718328396200963,30844.7524575059
1433,1194,1179,28.188328729777922,143743.749810485
1434,1195,1157,35.873263499293444,94303.3544365087
1435,1196,1197,28.48669697136384,0.0
1436,1146,1198,37.94828404435201,67221.2175940317
1437,1199,1182,6.048449604603649,9601.40815155499
1438,1200,1201,38.6099437819392,134242.357478654
1439,1175,1202,12.916487909749248,108294.995994023
1440,1202,1187,15.922186821015554,140855.347751123
1441,1203,1186,34.8559116041664,191625.748408272
1442,1199,1204,6.646326966221185,10541.5325065353
1443,1204,1184,8.382500003332224,0.0
1444,1205,1193,40.54054831428096,93210.6652652807
1445,1206,1153,24.48465157391616,87624.0467563635
1446,1207,1122,33.605514499011846,658969.481027591
1447,1142,1208,36.354245662183686,1163435.80914786
1448,1191,1203,34.93175054003712,205695.946770615
1449,1198,1195,35.69037407438976,82033.2788281142
1450,1192,1209,40.81094984254464,130606.346307301
1451,1209,1205,40.462055554060804,113079.85535315
1452,1210,1139,30.4611624041472,89754.2996998331
1453,1211,1158,17.860006544624643,159799.912143302
1454,1204,1212,5.492329116050304,8699.98188350733
1455,1212,1188,8.449182357644162,110504.305723466
1456,1213,1159,38.07891570384,27950.2544864598
1457,1214,1163,21.79457456216832,767382.20235503
1458,1215,1214,19.874884327246082,445327.544555847
1459,1138,1216,35.48003630586624,0.0
1460,1151,1217,41.56211831612544,415452.247313535
1461,1214,1218,11.217117209607936,92174.3631791909
1462,1219,1220,5.6157492004669445,0.0
1463,1221,1219,2.96025017409792,0.0
1464,1222,1169,18.94048330052736,73024.9560804331
1465,1223,1168,29.890587127357442,1572116.52590501
1466,1214,1224,6.122163295505664,64070.4731265543
1467,1201,1225,39.43250217599616,100789.834067992
1468,1226,1202,14.770726008318722,62674.5117137004
1469,1227,1212,7.3678826250627845,109602.552114988
1470,1228,1204,8.125062851435905,0.0
1471,1229,1215,20.435292042232323,472448.364568125
1472,1230,1219,3.127853315828736,0.0
1473,1224,1218,8.72145794285568,6047.39053149877
1474,1228,1227,7.33066144183296,0.0
1475,1155,1231,32.55604054826112,774865.100497787
1476,1232,1233,4.212975205004544,15962.2257709658
1477,1233,1230,1.0503373605880322,0.0
1478,1234,1172,20.58255205547904,161023.917213503
1479,1235,1199,11.630259586028162,0.0
1480,1235,1228,7.970451201909505,0.0
1481,1236,1181,18.89513480295936,0.0
1482,1237,1202,19.07903188642176,192339.931408664
1483,1238,1170,35.5558659236352,5384.34685371706
1484,1239,1232,23.267990905632,102718.158334837
1485,1219,1240,10.187418473983874,0.0
1486,1240,1241,23.86919235279744,66213.1820440017
1487,1218,1242,33.510091922714885,320091.525294165
1488,1225,1213,38.98061339597568,61479.8270562488
1489,1243,1173,32.898918883564804,828966.594952909
1490,1244,1174,31.302875982977284,0.0
1491,1245,1224,7.781577585838849,86177.4449624674
1492,1246,1233,6.475734736770817,23047.8970343609
1493,1246,1240,5.252907583706112,17417.7703047771
1494,1247,1194,24.83965768420224,69282.9495266562
1495,1246,1232,11.392911281435905,0.0
1496,1227,1248,35.42834271208321,294962.291826124
1497,1217,1249,39.57576721807104,481142.166520654
1498,1250,1211,18.010586457515522,155374.114462484
1499,1250,1226,19.67535497740032,84661.6781903481
1500,1242,1251,33.6248054480448,348999.290173515
1501,1191,1252,26.29835144297856,0.0
1502,1216,1253,31.648147750771205,0.0
1503,1254,1222,17.71724949198336,59504.0902585189
1504,1255,1239,24.449821700451842,135876.292198905
1505,1256,1189,32.12636956683264,205067.514688772
1506,1257,1254,12.227485488413185,176240.428494823
1507,1254,1258,23.52229714315008,280688.259684824
1508,1259,1200,35.384893095594244,145888.896617483
1509,1260,1255,4.571886216306816,28616.1324329152
1510,1251,1257,33.01343510332032,360447.006003663
1511,1261,1196,28.662316764111363,0.0
1512,1248,1262,35.29712681244288,319905.533109501
1513,1263,1250,10.696276182468097,135061.190635547
1514,1264,1250,6.930042690738817,0.0
1515,1265,1236,18.661322370366722,0.0
1516,1266,1229,27.369571091258884,646080.156697849
1517,1263,1264,5.46954221157696,0.0
1518,1267,1268,16.10323739659008,0.0
1519,1269,1237,20.41715769654528,223391.332686911
1520,1269,1260,7.4141963492256,48506.8637061305
1521,1253,1270,13.937251931197057,0.0
1522,1270,1263,8.738911808009856,108156.581975331
1523,1271,1265,1.71131342792256,0.0
1524,1208,1272,35.79604175068416,1200122.98860344
1525,1190,1273,41.61633222307968,1563179.33415057
1526,1274,1245,14.71750988176973,160393.08314588
1527,1275,1206,34.16569219046016,128855.850443556
1528,1276,1269,14.413047402074113,40231.4432993798
1529,1277,1264,5.714704547557632,0.0
1530,1278,1274,1.872652082260608,20120.093380556
1531,1277,1279,7.130353496188032,0.0
1532,1249,1280,39.57592243929984,548168.33221933
1533,1281,1234,23.35187162081664,144017.212548885
1534,1258,1282,23.70530469390336,294408.305404788
1535,1282,1210,30.650060894238724,113178.412988542
1536,1283,1278,1.5223026313693442,16302.5223851574
1537,1284,1283,0.199600920592128,2133.93247133669
1538,1272,1285,6.395779794184705,58820.3434929015
1539,1286,1207,33.57101206267777,676263.202477035
1540,1231,1287,32.351159598531844,708539.54513277
1541,1287,1267,17.422984160271362,0.0
1542,1288,1223,31.993058832387845,1298890.80821777
1543,1289,1276,14.493275310324096,42090.0419080192
1544,1279,1289,19.50892973707392,259252.065988868
1545,1290,1268,10.282488127579008,0.0
1546,1270,1277,20.26552759013376,0.0
1547,1291,1284,3.4304003349834242,36539.7472781029
1548,1292,1271,8.402564504480257,0.0
1549,1292,1247,25.06569722667648,58217.4295589511
1550,1286,1293,17.92341328200192,245048.492178326
1551,1294,1286,23.4979988329152,198342.851072092
1552,1295,1244,30.975449377847042,0.0
1553,1272,1296,26.221708237443842,657422.27367351
1554,1297,1227,31.075370843109123,220181.548332637
1555,1298,1287,5.063279090348161,104004.298846701
1556,1280,1299,39.29949687894912,577945.391692732
1557,1253,1300,21.99349887913728,0.0
1558,1300,1270,16.64187430828032,199814.298729732
1559,1301,1287,7.888966330012416,0.0
1560,1301,1298,6.351884944631424,71829.0388851528
1561,1302,1238,39.51275753804544,16452.3675931758
1562,1303,1269,13.833989157187585,189365.146331399
1563,1262,1304,36.012610239344646,341902.450021051
1564,1305,1285,8.48189626883597,74803.3270974869
1565,1293,1306,17.901320416784642,271582.548761048
1566,1306,1243,33.33922769320704,739915.107060113
1567,1298,1307,3.7922641851409926,118551.690145339
1568,1308,1279,19.388272469829122,219830.550656374
1569,1307,1309,9.446168862231552,287327.391662742
1570,1309,1290,17.622522635097603,0.0
1571,1309,1310,0.317488139882496,9458.36142941714
1572,1311,1301,27.53974127507328,332277.295375562
1573,1312,1311,27.66281809446144,362883.307739009
1574,1300,1308,18.180180641018882,178376.855568876
1575,1313,1266,27.935750074763522,661307.709754906
1576,1252,1314,26.340402056728323,0.0
1577,1299,1315,33.33453637497984,491439.251805677
1578,1282,1316,28.464827193411843,347148.455311411
1579,1289,1317,22.52235844666368,288544.520459285
1580,1318,1259,34.55987361222528,152499.938576688
1581,1319,1292,19.56334357283328,38065.4863421617
1582,1320,1300,18.714916003956482,501680.10725036
1583,1310,1321,13.952913291301249,402871.790972048
1584,1322,1290,14.664934245164545,0.0
1585,1323,1322,0.38356085376576005,0.0
1586,1321,1323,2.6161854432721925,60113.5641478451
1587,1324,1282,17.945738327278082,86081.0229082403
1588,1323,1325,1.907104873550976,43333.1408898736
1589,1326,1256,31.960793368120324,228003.016506648
1590,1327,1325,0.498570953836032,832.47996554443
1591,1328,1286,17.24959000980864,318223.817956378
1592,1329,1310,9.552659569922303,0.0
1593,1330,1303,13.491701613675648,198128.525682246
1594,1317,1330,22.057131053422083,345281.266210558
1595,1331,1325,2.204831657977344,53163.4966792041
1596,1321,1332,5.909110201551744,28449.7534408047
1597,1332,1327,4.3347838854608645,7623.86115563826
1598,1333,1306,17.89288756687872,116358.882991349
1599,1334,1261,28.76198334147072,0.0
1600,1296,1335,27.33226797793536,697416.614262587
1601,1336,1281,23.965643364284162,108237.259727012
1602,1331,1337,5.905799211235968,127880.626427111
1603,1337,1338,22.612668829090563,623610.14271952
1604,1335,1339,2.436805564718976,61801.5517995324
1605,1339,1334,1.7096270912962561,0.0
1606,1340,1294,25.815985727051523,248166.239913596
1607,1315,1340,33.62093872549632,469117.803187812
1608,1341,1295,30.070230553693442,0.0
1609,1332,1337,11.293381636720127,59213.0049723989
1610,1339,1342,2.5975272335823365,65707.9969002164
1611,1343,1339,2.144017229384448,0.0
1612,1343,1342,1.432380442027392,25776.5867405245
1613,1342,1344,3.6428758562972163,157342.780905626
1614,1345,1319,20.16431283993984,33511.994356556
1615,1346,1306,19.448755013064964,42079.4336690424
1616,1347,1343,6.978258633760128,125614.441050596
1617,1348,1275,34.377973982161926,132478.430786045
1618,1349,1320,19.5573882436416,569604.859675986
1619,1344,1350,7.987106946703104,300941.429378609
1620,1349,1351,32.56725912435072,122960.338579492
1621,1273,1352,40.579218887201286,1157850.88256917
1622,1352,1353,21.376217719676163,0.0
1623,1354,1305,20.626632470442242,166654.593213888
1624,1338,1355,23.124139466883843,660136.075073589
1625,1356,1347,2.8678615508125445,59868.8010332521
1626,1355,1313,26.83879109353728,620760.065053534
1627,1357,1348,1.2871662333108482,4934.26806071175
1628,1350,1358,19.30662236980224,712137.956144792
1629,1316,1359,28.9500354614592,343197.804223256
1630,1359,1354,8.844994862428033,101081.053768676
1631,1357,1360,4.595109747072769,19766.1508647402
1632,1361,1288,32.07538590296832,940443.38766632
1633,1362,1312,35.8801616143872,497654.551022089
1634,1358,1363,19.426316251541763,689596.625952973
1635,1363,1364,0.14347821095308802,4979.77626707852
1636,1291,1365,33.31149916279681,339323.147280109
1637,1364,1349,12.557835011475072,428953.621496331
1638,1366,1302,37.69804503755136,28149.8436234614
1639,1367,1344,4.665352623706368,29692.9361075595
1640,1340,1368,22.24820854700928,63055.3933389958
1641,1347,1367,12.864241049248513,39676.1540478024
1642,1304,1369,37.649516218744324,358867.442807609
1643,1370,1336,8.741018318605057,30820.003352252
1644,1371,1370,2.1065857917984,7132.96473281717
1645,1369,1371,0.910431700193664,3071.67036406541
1646,1369,1372,0.137665654714368,832.579729593895
1647,1372,1371,0.9448612750874881,0.0
1648,1373,1374,1.3095211962919682,0.0
1649,1374,1354,3.75469031095488,0.0
1650,1359,1373,7.9620167249568,0.0
1651,1375,1357,18.27545515766784,8537.32180528749
1652,1354,1376,20.296393665419522,366763.838395675
1653,1376,1356,9.21088306233216,190812.415720342
1654,1377,1336,22.161646020983042,0.0
1655,1377,1345,12.708859851654912,18776.4360386725
1656,1372,1378,3.5229521167822084,21194.2155039371
1657,1378,1370,2.7043407193524485,3200.19355301805
1658,1370,1379,11.159292496378754,60772.1960176529
1659,1379,1377,3.788165237472,1831.33503143974
1660,1374,1376,20.643916084704003,143432.744402942
1661,1380,1328,16.88182796539008,249566.436482626
1662,1381,1359,22.737630142022404,0.0
1663,1314,1382,25.66426491801216,0.0
1664,1383,1324,17.846182778561282,96593.2389274343
1665,1383,1381,22.4713992609216,0.0
1666,1380,1384,4.387112777443969,12675.6096132798
1667,1384,1333,18.0966103521984,110336.456482986
1668,1385,1297,30.968352605329923,218183.799888679
1669,1386,1353,15.762318073894658,0.0
1670,1387,1384,1.4159260889326082,12629.1709958398
1671,1379,1388,4.366024850994048,23765.4102602388
1672,1388,1377,4.614566860873728,4263.46136866331
1673,1387,1389,0.5552081562677761,2924.88629629412
1674,1390,1387,0.9237153301770241,7457.85988660628
1675,1391,1379,9.024140512227456,3809.77121512815
1676,1392,1367,6.968910472672896,67968.5613962658
1677,1389,1393,2.2302302863610883,11882.2209169064
1678,1394,1378,3.8466022385007363,26926.1544358278
1679,1394,1391,2.295878762681856,0.0
1680,1395,1362,35.38725538727808,494500.506850811
1681,1396,1395,35.298693428359684,465632.260682013
1682,1397,1380,3.7976108926187524,50124.9839993153
1683,1368,1398,22.41905957989632,59452.6416245637
1684,1397,1399,1.3860422542264321,20526.0532112937
1685,1399,1390,2.726181012513024,21939.0594507374
1686,1398,1400,3.136131531916416,7913.59894099316
1687,1400,1380,7.806552634881792,0.0
1688,1401,1402,17.5199659816896,87291.7900248446
1689,1402,1372,8.975040212147329,0.0
1690,1403,1391,1.811912975794944,681.30853103924
1691,1402,1404,5.285761525528704,24424.3541124269
1692,1404,1394,1.7183209059878402,11756.871074476
1693,1404,1403,1.991762583237504,22400.5016657366
1694,1388,1405,4.261051389374209,27173.5614405322
1695,1403,1406,9.209414160955008,45771.8949362168
1696,1406,1407,2.073384390996864,10484.8179035065
1697,1407,1388,2.9490878333157124,0.0
1698,1407,1405,3.4122924066781444,17399.1199826901
1699,1393,1408,16.478192951193602,94634.2182860661
1700,1409,1399,2.19722081914368,44345.441461881
1701,1400,1410,3.004430711179392,7479.41148361021
1702,1410,1397,3.9676458818810882,5598.56825261597
1703,1411,1352,14.92975402286861,317185.677659208
1704,1411,1386,10.599374282682241,0.0
1705,1412,1409,0.661666004372736,0.0
1706,1413,1346,18.503820507997442,40837.4955134832
1707,1408,1413,16.18651510667136,105421.732550441
1708,1410,1414,3.5133918200156162,3654.0133599824
1709,1414,1409,2.517881915907072,51201.7616915646
1710,1413,1415,11.210058367719553,105420.196674173
1711,1415,1396,34.62061284582912,404486.033397157
1712,1416,1332,28.412514806860806,346876.367523664
1713,1417,1341,29.6950300086528,0.0
1714,1418,1403,5.748960359970432,0.0
1715,1418,1406,8.594344096918274,0.0
1716,1402,1418,13.31451299699136,0.0
1717,1355,1419,30.7113087771072,188087.121273212
1718,1420,1398,7.313531807995777,0.0
1719,1421,1318,37.00504242433152,160277.82373688
1720,1422,1326,32.06209891750272,250160.059427415
1721,1422,1375,19.90395978202368,8788.43046431525
1722,1423,1401,18.190267574688,100783.112882514
1723,1424,1414,3.5167100475513604,75811.5218752342
1724,1425,1423,31.3104482361792,195436.345244368
1725,1426,1393,13.17046873951987,0.0
1726,1420,1427,9.477283642320383,0.0
1727,1427,1424,1.920887303613696,14753.6786961526
1728,1428,1412,7.678938954056833,0.0
1729,1428,1426,1.55237603070528,0.0
1730,1424,1429,2.891194560422784,40684.4203044537
1731,1429,1428,1.017924593064192,0.0
1732,1427,1429,3.083662065344256,0.0
1733,1430,1340,29.669704373675522,5914.85309525628
1734,1431,1330,35.90566556467968,1272700.5023556
1735,1432,1374,25.88833811570688,206958.784021781
1736,1433,1361,31.5131102706816,744250.847660224
1737,1351,1434,35.533358491403526,170382.853606392
1738,1365,1435,32.71570816922496,299988.68918064
1739,1436,1383,22.083226679036162,133663.75976041
1740,1437,1425,33.13683337307904,229961.509735985
1741,1419,1438,30.36709690717824,174304.392750017
1742,1405,1439,36.43237171728,429819.662881374
1743,1440,1366,39.44228341477248,41708.9724358157
1744,1441,1360,36.7073077010112,153907.305268418
1745,1442,1427,21.63513208843008,170276.886246788
1746,1443,1392,27.10234275484032,282509.126892864
1747,1429,1444,16.56032025390336,241375.211823558
1748,1445,1417,34.98956928099072,0.0
1749,1446,1435,12.452469850009729,104087.105440518
1750,1447,1385,31.250279064407042,218489.55632063
1751,1447,1437,32.25764139117696,235806.375223849
1752,1448,1416,28.717082418562562,378201.201200555
1753,1449,1411,43.55139637639296,591747.932354749
1754,1450,1415,30.984593718735358,30895.3405010016
1755,1451,1422,26.226870224417283,209204.071379669
1756,1438,1452,30.487101810739205,162104.9467533
1757,1452,1446,12.31174302183936,97119.0285012481
1758,1453,1432,25.6542668040384,232072.734243294
1759,1434,1454,33.501037721184,193443.567527032
1760,1455,1430,28.361772946932483,5502.10052435071
1761,1455,1442,21.199383660787202,174925.782487434
1762,1456,1436,21.728289754448642,144750.047349105
1763,1456,1453,17.6826988236096,172842.778276589
1764,1444,1457,16.7268237244416,258983.180139433
1765,1457,1450,27.669235723810566,21815.812403833
1766,1458,1441,34.84504331789184,135959.730283717
1767,1459,1421,37.66130194375296,146728.497628986
1768,1460,1433,33.87992894263296,841336.367265081
1769,1452,1461,18.48748457204352,209223.579847914
1770,1462,1443,26.015772555843846,305622.64302204
1771,1439,1463,37.14733450530432,448306.396937284
1772,1464,1452,13.654415623052161,24700.1740575797
1773,1465,1457,23.28923133351936,0.0
1774,1455,1465,23.96700058845312,0.0
1775,1466,1431,35.9444303646912,1502014.60787447
1776,1467,1440,38.47167710483328,49477.8652665709
1777,1468,1445,34.44095123390592,0.0
1778,1469,1448,27.69830474121216,398292.33177229
1779,1462,1470,11.72771916535296,0.0
1780,1470,1471,22.58388530931456,0.0
1781,1472,1462,8.238188659130497,104905.486248515
1782,1472,1470,5.584215521009664,0.0
1783,1473,1455,20.26571081394816,177101.828286516
1784,1474,1462,8.954624112787585,0.0
1785,1474,1472,10.357254591780096,0.0
1786,1458,1475,16.14264339143808,57577.364704414
1787,1461,1476,18.415015843910403,108854.026403905
1788,1476,1477,2.142068548764672,0.0
1789,1478,1451,25.45527299559552,205404.413053697
1790,1479,1474,14.247445778945282,0.0
1791,1480,1464,28.01543786946432,60201.2544220485
1792,1481,1449,43.232250860029446,105570.84161729
1793,1482,1483,8.557770145174272,0.0
1794,1482,1479,14.36360342497344,0.0
1795,1471,1484,23.80849019847936,0.0
1796,1457,1485,24.632205694778882,423176.200809243
1797,1486,1447,34.514650080218885,493402.370900866
1798,1487,1473,19.592734957931523,175911.135462965
1799,1488,1460,32.85511764150528,980922.702768092
1800,1475,1489,16.116164017747202,59521.7988549044
1801,1490,1456,30.055408382799364,526513.335945718
1802,1463,1491,36.18520868185344,420798.27851686
1803,1454,1492,36.9446149689408,240476.62588253
1804,1493,1494,3.6072814848871677,0.0
1805,1494,1495,13.867378967109888,210857.946170004
1806,1496,1489,5.452569971582976,20620.6875253
1807,1497,1498,7.78993258051008,121708.677585792
1808,1476,1499,37.33936477881984,254261.396323119
1809,1500,1481,40.437391407747846,101411.257475817
1810,1498,1501,10.227380633978113,144532.455055729
1811,1501,1502,2.320337223566208,30387.6959869279
1812,1502,1503,13.289776758504578,0.0
1813,1504,1468,35.58995590119552,0.0
1814,1505,1484,18.87737004312192,0.0
1815,1506,1459,37.315766597598724,129608.680030233
1816,1507,1467,39.05587967897088,54050.3644664173
1817,1504,1508,5.523560642780929,0.0
1818,1509,1487,13.303222542770689,35354.1929798926
1819,1510,1483,28.17778553099136,0.0
1820,1502,1511,6.87349996806528,84852.4303838083
1821,1512,1509,1.225018762551936,3279.14184849541
1822,1513,1511,1.2920858772180481,0.0
1823,1496,1514,20.47697041471488,79570.1746618894
1824,1511,1515,4.560376912223616,52081.7361268285
1825,1515,1503,8.830439132917249,0.0
1826,1516,1515,0.7787911477800961,8561.70697132524
1827,1516,1517,1.161782028228096,12593.1133169785
1828,1517,1518,0.058054472834688,624.738933995768
1829,1517,1518,0.05815406547878401,624.738933995768
1830,1518,1519,0.48930288497164803,5235.31466100709
1831,1520,1503,12.557547283298689,0.0
1832,1520,1521,5.572399775298048,156578.094034256
1833,1522,1516,0.44989570403712004,0.0
1834,1522,1517,0.883113911387136,0.0
1835,1519,1520,6.572024780061313,66682.3379981573
1836,1523,1466,35.66291893933824,1662746.9417977
1837,1495,1524,14.965055603106048,319014.927620678
1838,1524,1525,0.5429815981413121,1689.7026243562
1839,1521,1524,12.765525969170305,309849.737056326
1840,1525,1526,1.4935316918353922,0.0
1841,1525,1527,1.501333217011584,4794.69110427205
1842,1527,1526,0.11500609441305601,0.0
1843,1528,1469,33.3100434306816,524167.161186649
1844,1472,1529,31.934262688542724,445396.906501163
1845,1492,1530,23.91933404006784,163076.957976042
1846,1531,1522,0.9105312155892481,0.0
1847,1531,1519,1.84883017486464,0.0
1848,1532,1531,0.46012162065408,0.0
1849,1499,1533,36.78744685233024,290453.661965047
1850,1534,1480,30.179733602515203,78410.3105941208
1851,1508,1535,11.085636809453185,0.0
1852,1536,1537,2.398160120095872,0.0
1853,1537,1531,2.599925299373952,0.0
1854,1538,1505,17.460653029205762,0.0
1855,1539,1501,8.804743751155968,0.0
1856,1539,1513,9.10364362826688,0.0
1857,1540,1539,0.164081066637312,0.0
1858,1541,1478,26.86340020028544,213671.298062164
1859,1540,1536,10.518506457414912,0.0
1860,1542,1520,3.25380791748672,65391.2806015593
1861,1543,1497,26.56006932116736,489026.60379635
1862,1544,1488,32.73530321990016,1683565.8271799
1863,1542,1545,5.455978309507969,0.0
1864,1545,1521,7.477489495884672,0.0
1865,1546,1487,35.71719897423744,238391.25008803
1866,1545,1547,1.6593493693962242,0.0
1867,1548,1545,0.91866112740864,0.0
1868,1548,1547,1.6203231298425602,0.0
1869,1485,1549,25.19465396139648,457801.171612102
1870,1550,1542,8.424355796334721,182849.254037867
1871,1551,1500,41.01381793745281,146469.484598349
1872,1552,1532,6.976093584886273,0.0
1873,1552,1550,0.480153260606976,0.0
1874,1547,1527,19.50781492839168,79673.8227341849
1875,1553,1539,13.74170663473344,0.0
1876,1534,1554,16.335235245542403,47505.7231560432
1877,1554,1555,2.254748787042048,6800.76672383544
1878,1556,1537,10.53655430408064,0.0
1879,1556,1552,4.36539495858048,0.0
1880,1557,1490,29.393856648288,532949.789849623
1881,1558,1538,12.269450444828545,0.0
1882,1559,1550,4.700256494807808,110500.446819264
1883,1560,1555,2.1766293640523524,6618.29373516573
1884,1559,1548,13.680109102568832,0.0
1885,1561,1549,8.516253020913792,2610.22186721845
1886,1561,1562,0.005016378356352,1.63990775261751
1887,1563,1557,14.247479261347202,292843.935235223
1888,1564,1562,0.321178808244096,105.251662197325
1889,1533,1563,36.49262455884673,315102.104655006
1890,1491,1565,37.56656145572352,395855.734021154
1891,1566,1512,18.24410631136896,49215.4723292725
1892,1514,1567,22.7881640264256,92403.1196842028
1893,1568,1541,32.60913876139392,60725.2379683901
1894,1569,1486,34.5383143250112,488874.771784906
1895,1570,1535,19.82602255125888,0.0
1896,1530,1571,25.073851209454084,170419.626664642
1897,1549,1572,19.09624388487552,364707.259767943
1898,1573,1553,13.752390211769088,0.0
1899,1574,1547,14.668875185830274,82727.1384081592
1900,1575,1540,21.42354482522496,0.0
1901,1575,1559,15.188822735758848,398043.646864245
1902,1576,1543,27.2109873473856,610094.543458079
1903,1570,1577,36.56225224764288,0.0
1904,1573,1578,5.064943481959681,0.0
1905,1578,1575,1.810034179329024,51527.9745397319
1906,1579,1510,28.77212879088768,0.0
1907,1580,1507,38.77506703078272,51751.9552005787
1908,1581,1582,17.328422180678402,0.0
1909,1583,1580,4.860150011342208,0.0
1910,1580,1581,17.3402287305984,0.0
1911,1572,1584,17.65081549807488,360102.693240259
1912,1584,1585,36.138226201228804,0.0
1913,1567,1586,13.77819456221261,141213.955586121
1914,1587,1567,31.079547750620165,263580.838640466
1915,1588,1558,13.290503533426945,0.0
1916,1589,1546,35.20812497152897,250507.041496733
1917,1585,1590,35.74377350843904,0.0
1918,1586,1589,13.103415460384127,134966.279422437
1919,1591,1560,14.298152621157504,44723.5189424798
1920,1592,1593,36.663295763635205,267247.795988962
1921,1594,1544,32.73533584130304,2006065.26190699
1922,1565,1592,34.83057333583872,286343.245566504
1923,1582,1595,23.10963163305984,0.0
1924,1595,1594,22.65737812740864,0.0
1925,1596,1551,42.16853564719489,194019.400198296
1926,1557,1597,32.301418621824,184877.477753132
1927,1590,1598,35.63319388894848,0.0
1928,1599,1506,37.64265796710144,122835.264045406
1929,1598,1600,35.28602364241152,0.0
1930,1600,1601,3.6860326059744,0.0
1931,1602,1564,21.245344513747202,8112.54853669991
1932,1577,1583,35.58108492347904,0.0
1933,1529,1603,32.0446740993984,505830.535488319
1934,1588,1604,15.134633829963649,0.0
1935,1605,1570,20.13332133238272,0.0
1936,1606,1528,34.00856815378176,568578.906568534
1937,1607,1566,18.4417835798592,50190.2207376602
1938,1608,1602,5.312314620049536,2393.18756584465
1939,1589,1609,31.187047954740482,98377.3636704628
1940,1610,1591,13.480037876942209,44012.7990716767
1941,1611,1523,36.61960860797184,1754876.76027232
1942,1612,1606,23.26290801791616,0.0
1943,1597,1613,31.23031254494976,172366.840916348
1944,1601,1612,23.78466930014208,0.0
1945,1571,1614,25.688287113096962,168054.766888407
1946,1593,1615,37.93404205806336,240522.19138379
1947,1616,1617,34.88265513558144,0.0
1948,1618,1611,4.482106759684224,94665.9283126735
1949,1618,1576,27.226518112442882,699317.856143426
1950,1619,1541,35.76876525281664,243993.330423973
1951,1604,1616,15.334373418072193,0.0
1952,1617,1614,34.02408316336128,0.0
1953,1620,1584,24.18315195124224,519377.791834838
1954,1621,1607,7.6202837211536645,20729.7229289764
1955,1609,1621,30.8379840253056,105827.515364669
1956,1622,1611,6.752539864122625,175834.625535692
1957,1622,1618,5.516409830101632,33318.6922707277
1958,1614,1623,10.56663548137613,65911.8322093754
1959,1623,1622,1.344549427841664,43124.6393761719
1960,1624,1563,35.1064732683456,508958.234767534
1961,1625,1606,14.19631957870157,241765.420752999
1962,1626,1579,27.679877462730243,0.0
1963,1627,1605,18.768524926314242,0.0
1964,1628,1580,27.5761663303104,32656.9780541791
1965,1629,1627,10.005631256598912,0.0
1966,1629,1630,12.050306011193472,0.0
1967,1631,1608,15.25145615598528,7703.39766703934
1968,1615,1632,37.415119272410884,210047.477904269
1969,1633,1578,34.98173859932928,1153888.98153701
1970,1626,1634,5.696688256909057,0.0
1971,1635,1594,35.29464689380608,2407760.08936972
1972,1621,1636,30.801250426636802,110400.238381101
1973,1637,1574,34.35089971446144,275029.191608284
1974,1638,1569,34.58551532236417,482223.849971799
1975,1603,1639,30.415614460577284,523919.513688148
1976,1640,1596,40.923389123400966,209699.662156555
1977,1641,1642,5.455438688418049,0.0
1978,1642,1629,9.761030011966465,0.0
1979,1613,1643,32.32398173735808,174531.506686558
1980,1643,1626,16.20765552992256,0.0
1981,1644,1568,37.817268829908485,80995.9688160457
1982,1630,1645,13.284080264936447,0.0
1983,1645,1641,12.71436947624448,0.0
1984,1646,1625,14.871291608688768,252988.345464263
1985,1647,1616,24.978362312090884,0.0
1986,1642,1648,4.764904606116865,0.0
1987,1648,1627,16.077280734611712,0.0
1988,1643,1649,3.762978337603584,20181.8461403102
1989,1649,1634,10.569682458808703,0.0
1990,1650,1610,26.0836350356736,89431.1386671605
1991,1651,1587,35.96379001661952,296952.914505764
1992,1652,1641,6.033688912259712,0.0
1993,1652,1642,4.61533339624896,0.0
1994,1653,1621,17.373525494688,48295.835639425
1995,1654,1652,1.684801753088256,0.0
1996,1654,1648,6.480872141014656,0.0
1997,1655,1618,23.249908960185603,0.0
1998,1656,1652,3.14481171546432,0.0
1999,1656,1654,3.130539201529344,0.0
2000,1657,1623,18.85164654612096,483277.115834411
2001,1658,1599,37.7127158335488,123456.24203559
2002,1636,1659,31.279417782497283,117343.845592636
2003,1659,1631,16.027907098718593,9474.42265894605
2004,1660,1635,33.087566219431686,2341308.44180114
2005,1661,1647,23.793085911767044,0.0
2006,1662,1656,10.846040486257152,0.0
2007,1663,1662,0.8379938247943681,0.0
2008,1645,1664,10.225079907748993,0.0
2009,1664,1663,3.70671180732864,0.0
2010,1665,1645,19.833530076645122,0.0
2011,1659,1666,30.984726521802244,110991.784787627
2012,1663,1667,12.984860165384449,0.0
2013,1667,1654,8.168982267625346,0.0
2014,1661,1668,14.560808989909248,0.0
2015,1668,1657,20.382962178205442,0.0
2016,1669,1620,26.681270643244805,595274.579393355
2017,1670,1657,7.569533275375104,189689.802653948
2018,1671,1628,28.377589193521924,28124.3424323385
2019,1672,1655,10.47988256995469,0.0
2020,1673,1668,4.219210477975681,0.0
2021,1670,1672,11.4804542182176,0.0
2022,1674,1624,35.1047915038656,466742.288984857
2023,1649,1675,25.240109576901123,135365.472267023
2024,1676,1633,34.52295971874816,1380305.00277942
2025,1677,1650,25.26119294890752,90391.3023415096
2026,1678,1619,34.5078844463232,262460.43282683
2027,1679,1664,15.195531846274562,0.0
2028,1632,1680,40.47188764810752,264199.639932852
2029,1673,1681,8.875152013635072,0.0
2030,1682,1665,20.231996489464322,0.0
2031,1683,1661,15.391029182677633,0.0
2032,1683,1681,11.476925214898175,0.0
2033,1666,1684,31.62757050135936,113385.430920368
2034,1685,1672,7.424482014347905,0.0
2035,1685,1676,31.38527244847104,1376230.8396424
2036,1686,1681,4.355596469245824,0.0
2037,1687,1648,28.04376111685632,0.0
2038,1688,1670,10.191108126849409,250099.414057012
2039,1689,1668,20.71279116377856,0.0
2040,1689,1688,0.35050424564390403,0.0
2041,1681,1690,12.562816663406593,0.0
2042,1690,1689,0.6063324188613121,0.0
2043,1686,1691,4.181667625504512,0.0
2044,1692,1688,2.37432033127872,57282.0205072659
2045,1691,1693,1.1090299286626562,0.0
2046,1693,1690,4.125803878627201,0.0
2047,1694,1682,9.11562920161344,0.0
2048,1694,1679,15.673799050664833,0.0
2049,1695,1685,13.752985968387073,49426.3348194894
2050,1696,1691,1.2585831927356161,0.0
2051,1696,1693,1.1496515431104,0.0
2052,1697,1637,34.52804094883968,386352.237745037
2053,1698,1677,20.6514640689984,75151.4746288613
2054,1692,1695,2.753081154020736,9946.41747019433
2055,1699,1659,23.279891167653123,9237.12240986206
2056,1679,1700,19.574921064821762,0.0
2057,1700,1667,22.826454536666883,0.0
2058,1701,1646,27.40304454522624,457863.678294473
2059,1702,1692,5.388957696836736,147970.431390647
2060,1703,1704,15.57016956670349,0.0
2061,1705,1653,25.503030616757762,69328.6514797318
2062,1706,1696,4.13276085547776,0.0
2063,1706,1702,0.753618897770112,2968.76790675937
2064,1707,1660,35.64661158533376,2956275.28917738
2065,1639,1708,37.93915907996544,681226.157541033
2066,1706,1709,0.7578432149460481,0.0
2067,1709,1702,0.7187269486890241,16736.6641269762
2068,1710,1671,25.93508819096448,19917.2160099382
2069,1711,1638,34.323797234960644,468293.634729084
2070,1712,1644,36.06662719478016,85831.4864945071
2071,1712,1651,34.58462266752768,315742.979446118
2072,1694,1713,12.521164428279937,0.0
2073,1714,1695,7.403139265978369,0.0
2074,1714,1685,12.963820562706816,533151.783127319
2075,1715,1694,13.80031302404621,0.0
2076,1716,1711,1.6304976874644481,3823.91584186279
2077,1717,1686,13.813791933439871,0.0
2078,1717,1706,8.428440821568769,33113.3253977357
2079,1675,1718,25.41508960712832,137928.992478935
2080,1719,1682,19.2726977845248,0.0
2081,1720,1640,43.855949439624965,219890.539919246
2082,1715,1721,2.594048593074048,0.0
2083,1719,1721,3.08717388891648,0.0
2084,1722,1709,6.026885964114048,138735.136835107
2085,1717,1722,9.781822784726785,0.0
2086,1723,1724,1.047201791986944,0.0
2087,1724,1714,6.798045742659072,278478.20441312
2088,1713,1725,12.232085537523457,0.0
2089,1725,1700,12.099043148315905,0.0
2090,1722,1723,3.07899607980096,0.0
2091,1726,1717,5.762039432675328,22487.2885372843
2092,1727,1698,20.48445429883776,74235.73164635
2093,1728,1658,37.165884962976,130832.402135846
2094,1729,1722,2.4417513942624,55355.78905246
2095,1729,1724,3.7344856214603523,152214.493380476
2096,1730,1727,12.996495997702272,19830.7456905634
2097,1731,1710,14.662251813116162,8666.80214652032
2098,1732,1683,19.91976959123712,0.0
2099,1732,1726,4.00040322283008,15508.0161895381
2100,1733,1716,11.291677486265089,0.0
2101,1734,1669,26.92182905964288,607575.699478331
2102,1704,1735,15.843277457960832,0.0
2103,1735,1719,8.218603044039169,0.0
2104,1736,1716,8.243432138456065,19513.3575409368
2105,1733,1736,8.081449035187969,0.0
2106,1684,1737,32.79452089921921,112374.734217951
2107,1737,1734,1.2666272235217921,4180.06825997353
2108,1726,1729,15.186545605731455,0.0
2109,1738,1711,16.734003700043523,174847.086505325
2110,1739,1725,7.553032030824192,0.0
2111,1739,1740,4.070655560797056,0.0
2112,1741,1687,27.59388839425152,0.0
2113,1742,1734,3.3440435297913607,86070.7548162065
2114,1741,1743,19.11667907749248,568073.409686655
2115,1740,1741,18.9425662100928,0.0
2116,1744,1678,32.33568572378496,242207.293888041
2117,1745,1737,5.643685191412224,0.0
2118,1746,1674,34.77743686859904,401256.405672525
2119,1747,1730,13.334949901950337,19843.871243361
2120,1748,1735,12.20482098259776,0.0
2121,1748,1721,14.272054243565185,0.0
2122,1749,1699,23.419538822845443,11726.8733308065
2123,1743,1750,19.528438655658242,690903.993887411
2124,1750,1731,14.721854663172097,6846.81819250082
2125,1751,1736,7.544471141509633,18096.5142004259
2126,1751,1738,16.946446055996162,0.0
2127,1752,1747,6.877592290065025,9965.49413169826
2128,1680,1753,40.76012477953152,373897.357291283
2129,1750,1754,12.255664697907841,488477.326849854
2130,1755,1752,24.975005542375683,34190.1842012945
2131,1756,1733,15.630954243353859,0.0
2132,1756,1751,2.11014719764992,5096.95946339642
2133,1714,1757,28.928910729312,0.0
2134,1758,1749,10.719246832183297,6164.18414777681
2135,1759,1755,24.8622668591616,30183.1745848882
2136,1754,1760,12.061913377434625,525287.194402237
2137,1760,1710,22.364423316702723,32.9111769069618
2138,1761,1748,4.42606545710208,0.0
2139,1762,1758,18.816520183211523,11941.4184712561
2140,1763,1748,5.516484770814336,0.0
2141,1764,1707,35.29263439304064,2751160.84637954
2142,1765,1740,15.784476347680128,0.0
2143,1766,1761,2.825042338508544,0.0
2144,1766,1767,0.14026863184012803,0.0
2145,1767,1768,0.488674976879232,0.0
2146,1768,1763,2.441878844651136,0.0
2147,1742,1769,37.958747113900806,168664.917212606
2148,1770,1727,21.509222952349443,43375.6496160639
2149,1766,1768,1.334816955407232,0.0
2150,1771,1760,4.518053937923328,207945.973301948
2151,1771,1764,11.878545764929537,574785.153789355
2152,1746,1772,31.72909400419968,31699.8737629411
2153,1718,1773,25.947797293186564,144290.189871224
2154,1774,1705,25.146815921314563,65290.4388238645
2155,1775,1697,33.63038927626752,461454.427815694
2156,1776,1729,15.902503467244417,985514.989826328
2157,1777,1739,21.080187999763204,0.0
2158,1778,1777,0.301526360315136,0.0
2159,1779,1741,15.610088216473345,746144.828812756
2160,1780,1774,1.4739494080861442,3708.61679190308
2161,1780,1762,19.10244059957376,13412.8125481896
2162,1781,1732,30.94426455588864,115142.401812834
2163,1782,1738,29.435887080864,346465.880666227
2164,1783,1701,27.870680482698244,443413.459528816
2165,1784,1785,6.670373233873536,0.0
2166,1786,1787,32.148435652565766,29695.8225341034
2167,1788,1778,3.1538847012583684,0.0
2168,1788,1765,11.21879484290189,0.0
2169,1753,1789,36.96981422213376,430603.289613353
2170,1789,1784,2.197079515521792,28004.1950712137
2171,1768,1790,10.377575326242432,0.0
2172,1791,1778,6.509072259106561,0.0
2173,1791,1788,2.4974140053265925,0.0
2174,1792,1791,0.145657240198272,0.0
2175,1790,1792,1.436505707298816,0.0
2176,1793,1712,25.99239087967104,257163.964285968
2177,1787,1794,31.84118785545984,24973.3840078203
2178,1795,1792,0.5033162092273921,0.0
2179,1796,1761,16.27842675419136,0.0
2180,1708,1797,37.0998899498304,650190.103688847
2181,1798,1746,16.18236940434048,179109.091517555
2182,1799,1759,33.734711605351684,33616.7526180565
2183,1800,1765,10.14035734310861,0.0
2184,1788,1800,6.097815613815552,0.0
2185,1801,1720,40.52225002472064,173984.07398957
2186,1802,1780,5.604018861032064,18114.4477506998
2187,1803,1764,12.087465656327424,291925.059344785
2188,1804,1786,32.62840178830849,32786.5272224721
2189,1805,1742,24.848243952871684,516488.127275283
2190,1806,1795,7.138050681155328,0.0
2191,1757,1807,28.690552591937283,0.0
2192,1794,1773,32.81600216543616,20677.4578903767
2193,1808,1779,15.02496429450509,798300.391990614
2194,1800,1808,19.115184849868804,0.0
2195,1769,1809,38.38472238167424,152199.706200297
2196,1772,1804,32.472865868382726,33295.4435451107
2197,1810,1770,21.44151121977216,41242.3086372584
2198,1811,1745,23.91970975751808,0.0
2199,1812,1812,0.07430529541248,0.0
2200,1812,1806,7.3740164739563525,0.0
2201,1813,1812,0.8327034813715201,0.0
2202,1814,1813,0.37462893341068804,0.0
2203,1815,1728,32.50133992740096,126499.777385803
2204,1816,1807,3.9574807421402878,0.0
2205,1817,1776,15.780412391977729,928865.836434711
2206,1818,1802,10.23281358459149,32718.80579459
2207,1819,1744,35.49948015867264,252861.795230355
2208,1784,1820,34.81214591251584,471709.990807681
2209,1773,1821,24.16449936460032,150544.027991864
2210,1822,1771,20.8730919811392,84.4882759916891
2211,1823,1808,8.342857735863552,478282.821851514
2212,1824,1822,6.316701244013952,0.0
2213,1824,1803,12.393023318755201,300850.98253377
2214,1825,1796,17.29128293076096,0.0
2215,1825,1814,16.56422706521088,0.0
2216,1816,1826,15.073797110347009,0.0
2217,1826,1827,14.760064859101059,0.0
2218,1828,1798,16.31332719739008,165162.875134828
2219,1829,1781,31.346481416152322,102782.004798158
2220,1830,1806,16.50963930764544,0.0
2221,1831,1823,5.023097716779648,300058.878801577
2222,1831,1832,3.7211606619137285,0.0
2223,1823,1832,6.301836924400512,0.0
2224,1833,1782,31.0843631653632,410481.87752169
2225,1834,1818,15.623944286898816,48787.6309382257
2226,1835,1836,15.887498956065794,0.0
2227,1837,1799,34.71311912986368,25378.33268773
2228,1838,1836,1.929435612686208,0.0
2229,1797,1839,35.45327854785024,572328.215878884
2230,1839,1829,29.638908111732484,79102.8423574714
2231,1832,1835,15.623870516179203,0.0
2232,1839,1840,0.968849657854848,17958.523153297
2233,1841,1837,13.292807352815233,89533.1488420949
2234,1842,1840,3.1038531735847683,57240.0130460913
2235,1843,1783,26.905866845552644,397004.016964157
2236,1844,1843,3.0299919380248324,6881.68625678704
2237,1820,1845,33.90371081437824,488742.268332219
2238,1846,1844,18.14252947486848,31982.5371741465
2239,1809,1847,38.34767592653184,123906.516481261
2240,1847,1846,10.365094686494592,27988.3330516362
2241,1848,1839,24.35955251723136,178114.874118658
2242,1849,1831,9.533062333757954,594175.27845719
2243,1850,1843,1.8645989281032962,30355.7076079893
2244,1817,1851,17.90695762694784,0.0
2245,1851,1852,0.972777567662208,0.0
2246,1853,1793,26.16202600488576,261956.231395156
2247,1850,1841,13.138690917749761,221991.945136613
2248,1854,1847,5.896728874422145,0.0
2249,1855,1756,35.85754226837376,87961.2731755499
2250,1846,1844,13.088431910911105,31982.5371741465
2251,1856,1775,35.03062902163968,534168.997840182
2252,1857,1830,16.010299441433087,0.0
2253,1857,1849,12.460888157883264,0.0
2254,1858,1811,23.85446925312,0.0
2255,1859,1805,26.52814471595904,526001.280434593
2256,1860,1850,11.008789149638018,266453.924191635
2257,1858,1859,16.400382343614723,0.0
2258,1821,1861,24.70870801833984,155486.913541019
2259,1861,1848,25.283095155141122,163463.521319705
2260,1837,1862,35.672233049925126,234099.477059507
2261,1863,1810,32.43290344284672,57426.1315529801
2262,1864,1825,24.90191958253824,0.0
2263,1865,1828,28.05096796850304,252519.737269631
2264,1866,1817,23.477477154151682,1264669.56111513
2265,1859,1867,11.432849780854657,0.0
2266,1868,1822,28.41095506284288,208.274585670122
2267,1869,1815,30.54065533947648,124507.294225161
2268,1870,1801,42.69129800576256,135092.277632025
2269,1871,1860,13.610846866826881,141768.561321273
2270,1872,1834,17.78011677725184,53239.8229773402
2271,1873,1872,7.2286775185489915,53930.0533722781
2272,1874,1854,13.365189652738175,0.0
2273,1874,1871,13.124494197479809,137379.29490077
2274,1875,1874,31.43580707317248,328977.409316457
2275,1876,1824,28.531344116816644,687504.458620732
2276,1877,1819,35.42841044937216,231104.428829221
2277,1878,1858,11.708340117610753,0.0
2278,1879,1859,9.146855720065536,173601.806089481
2279,1878,1879,7.434542530635264,0.0
2280,1880,1873,31.61935132405632,173993.467806861
2281,1881,1833,30.83019043902336,436293.491527639
2282,1872,1882,36.08252920331137,153603.87968341
2283,1845,1883,34.88437264359168,496342.515884172
2284,1884,1857,19.95372217910016,0.0
2285,1884,1849,23.59300116121344,1603271.57735316
2286,1867,1885,12.722313594127105,0.0
2287,1885,1875,31.3147813948992,321560.772501099
2288,1882,1886,36.12246441484032,127004.633853808
2289,1879,1887,11.10336524800589,218781.296476337
2290,1887,1885,10.686620253652993,107172.110892995
2291,1888,1852,27.673273889775363,0.0
2292,1889,1890,19.98045272310912,39785.1467943905
2293,1891,1880,31.677897971301125,175195.981225423
2294,1886,1889,36.46579994868096,96377.661640797
2295,1862,1892,36.59470867666944,251370.706532655
2296,1893,1879,9.159451070635008,127525.213707873
2297,1893,1894,1.465021849053312,11090.3116247067
2298,1894,1887,10.148364957658753,75541.5186097635
2299,1895,1891,31.359585065149442,164404.958073116
2300,1896,1855,31.783103218690563,77461.5062218317
2301,1897,1853,25.597956066693122,252148.589118
2302,1898,1878,11.913620043029761,0.0
2303,1897,1895,31.356241717363204,146942.080254829
2304,1898,1893,6.713801452524672,8666.40132256089
2305,1899,1864,23.82285333618432,0.0
2306,1900,1887,6.423852048286464,113993.07566522
2307,1884,1901,14.38192504519373,1061171.88614225
2308,1894,1900,8.320226503235329,609.151903584407
2309,1902,1856,33.09611539272192,520128.720136527
2310,1903,1898,4.9777121865968645,6845.12749600986
2311,1890,1903,20.267831205135362,32215.6710274973
2312,1904,1865,28.261025115713284,227491.600352011
2313,1900,1905,6.368646759678721,115650.503731751
2314,1905,1885,14.814130698360579,0.0
2315,1904,1906,2.0998085207362562,16245.9164875788
2316,1907,1905,3.654171880457472,0.0
2317,1908,1842,36.38536208702208,633312.880894058
2318,1892,1909,35.69760009332352,241665.821812088
2319,1910,1897,7.110782535783168,91643.7515398954
2320,1911,1866,23.381759681660164,1091736.84829007
2321,1912,1903,10.577651724300672,0.0
2322,1912,1893,10.284663191400577,213251.439591488
2323,1913,1873,21.539359592467203,42139.0541245704
2324,1912,1914,4.468866139419264,0.0
2325,1915,1916,15.233327916149376,0.0
2326,1917,1868,29.07670098921984,338.690176839117
2327,1918,1906,8.141484996729217,62482.3811488075
2328,1919,1870,27.395601844216323,65324.3863566692
2329,1920,1902,8.430112875267072,131848.545500873
2330,1901,1921,14.82122931035789,1149081.73744786
2331,1922,1860,29.617685145227522,429400.492388203
2332,1909,1923,35.22772565490816,221042.885412414
2333,1924,1876,27.386745447156482,634344.261577931
2334,1925,1918,3.068166786322176,27298.7707213429
2335,1926,1863,33.363255311781124,52120.3800107488
2336,1923,1926,6.453445850235648,37712.0579964428
2337,1861,1927,32.96652655595904,59240.9507758939
2338,1928,1910,35.30892019792896,348377.641017758
2339,1929,1920,3.7504993474333443,58353.0887797246
2340,1930,1888,27.265112112775682,0.0
2341,1931,1869,32.09064457623552,268243.556622057
2342,1926,1932,24.7584263515776,357507.706464555
2343,1933,1881,31.664602488499202,458816.786278134
2344,1934,1915,14.833681828428674,0.0
2345,1935,1926,11.929035373060609,137423.352738636
2346,1933,1936,34.22636639047296,467438.94786187
2347,1937,1918,21.46636106828928,150267.559639471
2348,1883,1938,36.58019231332224,474512.961410941
2349,1932,1939,24.636543745904643,296637.819800943
2350,1940,1908,33.00463046276352,497792.734908052
2351,1939,1937,24.757656264380163,147896.397143078
2352,1941,1899,25.25140659241728,0.0
2353,1942,1911,21.11167383342336,0.0
2354,1943,1920,22.9475100843648,0.0
2355,1936,1944,34.1093707187904,431432.583241959
2356,1905,1945,36.07472299977216,693225.933597551
2357,1946,1877,38.32328329264512,223172.740389218
2358,1938,1947,23.623364509620483,267547.725929721
2359,1940,1948,14.536345105535617,190421.600690029
2360,1949,1912,18.86917518300672,402865.973118612
2361,1921,1950,25.60068166778496,1807066.22338005
2362,1951,1928,36.27321792766848,287140.015564844
2363,1946,1952,16.131614428258562,0.0
2364,1953,1929,14.347795258900224,220753.211474694
2365,1954,1925,31.366113079403522,146489.622505861
2366,1955,1934,15.917642234727554,0.0
2367,1947,1956,23.369544358364163,231338.071176825
2368,1956,1946,9.433913659391232,14869.649451704
2369,1957,1943,22.379790685063682,0.0
2370,1958,1924,26.91219085936128,579060.403260645
2371,1959,1925,23.415175408458243,117958.935212174
2372,1960,1917,29.075573563280642,465.205900868477
2373,1960,1958,3.9981790933286403,7373.10462114155
2374,1961,1896,35.20832380598016,81127.7689069921
2375,1962,1911,29.839807013322243,1120149.54956688
2376,1950,1963,23.6575368051264,1693247.16714135
2377,1964,1919,27.14175043949952,59098.3770583158
2378,1963,1960,5.823977144755969,0.0
2379,1965,1954,30.557124770515205,169572.245968548
2380,1964,1966,31.036818363851523,10881.4674916972
2381,1933,1967,27.576989381018883,14409.44152466
2382,1946,1968,18.02857000766976,68018.4287457156
2383,1969,1921,30.895992765411844,338109.04899861
2384,1927,1970,31.592091820861445,290026.438269797
2385,1952,1971,16.566943444761602,0.0
2386,1971,1951,35.86053331466496,212715.000623935
2387,1956,1968,22.188714044428803,61238.6816929412
2388,1972,1968,2.157515138693376,13336.6994845361
2389,1948,1973,15.963111228708867,187133.016978838
2390,1973,1942,22.30439732826624,0.0
2391,1974,1913,32.16764009935872,53865.8790554374
2392,1975,1965,29.89465294185216,188898.999137354
2393,1976,1963,8.017228903166208,570128.586556245
2394,1976,1960,7.7636738768497935,14588.1491305106
2395,1977,1930,29.09448522211968,0.0
2396,1977,1955,14.959174400299009,0.0
2397,1978,1935,28.197748703013122,359405.115411091
2398,1979,1922,29.485027257269763,448827.836047745
2399,1980,1972,13.98093267523392,17223.2630514543
2400,1972,1981,5.129598320326656,36644.184821992
2401,1981,1971,7.098164026753536,31017.5443402646
2402,1982,1956,10.612401402544128,66775.0537654599
2403,1982,1980,9.50363717174784,27372.4570838708
2404,1983,1972,2.407586752796544,11067.0657960329
2405,1958,1984,33.90163329611521,0.0
2406,1985,1953,14.063202179579521,211176.73307585
2407,1986,1941,30.1377401848512,0.0
2408,1976,1987,15.372416232569089,1151287.98398328
2409,1987,1958,16.03665968343437,288118.823487352
2410,1988,1910,35.217861406168325,73058.5480760979
2411,1981,1989,3.0410379666881284,9130.96981517487
2412,1944,1990,36.19919315700864,392220.552463702
2413,1983,1989,6.232368502723968,0.0
2414,1991,1931,31.867892955740164,277549.701918838
2415,1989,1992,8.46541394373312,25447.7667780767
2416,1992,1971,7.472803964858496,3940.96628182113
2417,1993,1976,27.440929999676165,202575.382172496
2418,1994,1949,18.86394053415168,414446.955218827
2419,1995,1982,20.062007131541762,117917.390987164
2420,1945,1996,36.728071569953286,758010.639089729
2421,1997,1998,19.4327263652544,0.0
2422,1977,1999,9.026412242905728,0.0
2423,1984,2000,33.318223581392644,0.0
2424,2001,1980,12.339669828258433,15077.4200940981
2425,2001,1983,17.524305191543043,69144.393651501
2426,2002,1982,12.3930912733056,0.0
2427,2002,2001,9.939165125700097,51212.7692257324
2428,2003,1992,15.466911517728002,54534.1950788027
2429,2004,1992,10.147655483184385,0.0
2430,2004,2003,12.171463652456065,169469.479068863
2431,2005,1959,23.48812370500992,134515.691115966
2432,2000,2006,33.66309563641728,0.0
2433,2007,2004,13.190325953942017,160443.883251616
2434,2002,2008,3.9214469956780804,13465.1751932604
2435,1966,2009,33.97560788742912,2500.03713530942
2436,2010,1957,29.8810425748032,0.0
2437,2011,2001,5.4652243657651205,34512.6933804759
2438,2011,2007,13.065986301629186,138432.563259479
2439,2012,1978,28.138358534204162,397993.961794781
2440,2008,2011,6.282059221228033,21057.4131017362
2441,1973,2013,24.114522168380162,238991.775837116
2442,1987,2014,24.644469555889923,2159170.72767398
2443,2015,1962,29.696459910796804,808288.867381888
2444,2016,2017,1.168500247630848,0.0
2445,2018,2016,0.353708509093632,0.0
2446,2017,2019,1.77210370991808,0.0
2447,2020,2002,15.089046750366336,141616.652063428
2448,2013,2021,6.2279665719068165,53514.7738809583
2449,2015,2018,10.868482764196992,0.0
2450,2022,1995,21.543215628971524,130862.467747305
2451,2022,2020,21.026632749027844,225564.598115797
2452,2003,2023,31.233483709021442,165318.410300676
2453,2024,1997,18.40460440211712,0.0
2454,2025,1999,14.921160755162115,0.0
2455,2019,2025,9.103158996852097,0.0
2456,1967,2026,28.07176004924544,15078.3054173955
2457,2020,2008,20.92780113152256,0.0
2458,1990,2027,35.67103770966912,298938.232126376
2459,2028,1986,29.981524751608323,0.0
2460,2029,2022,33.2769359254464,585353.272217286
2461,2030,1975,30.9200769846144,212552.509527056
2462,2025,2031,5.565841465143168,0.0
2463,2031,2024,12.772995139060992,0.0
2464,2032,1969,30.859219367665922,390860.684585822
2465,2032,1993,29.568907811520003,241530.650215237
2466,2021,2033,17.89387359585408,296510.646587238
2467,1970,2034,32.09119807791744,351988.99527319
2468,2035,2036,38.407971898517765,8330.75476065969
2469,2037,1985,24.01578851164416,343749.290752285
2470,2038,1964,40.328662469483525,108853.802197526
2471,2039,1988,31.579882564792324,73362.918496915
2472,2040,2041,37.93762609933824,33180.4017877399
2473,2015,2042,12.765650474459521,42617.2279557679
2474,2043,2035,33.18420285265536,1076.47838801186
2475,2044,2018,8.15019331161024,0.0
2476,2045,2042,0.63084769602624,2105.06106550753
2477,2045,2044,0.9645033861999361,3281.33050016816
2478,2042,2045,0.620112893571072,2105.06106550753
2479,2041,2046,38.03504445531648,43788.8272324714
2480,2019,2047,9.379640308097665,0.0
2481,2044,2048,1.003672871853696,3424.02902246094
2482,2048,2016,9.19665457843968,0.0
2483,2049,1961,35.632218996633604,73723.6103691231
2484,2047,2050,1.336811874089472,0.0
2485,2050,2031,10.639531339062913,0.0
2486,2051,2042,1.8627500911852803,0.0
2487,2052,2045,1.132721146060416,0.0
2488,2052,2044,1.410240881693952,0.0
2489,1996,2053,36.12634822862208,770830.353023068
2490,2053,1979,29.30052295222272,457590.550359642
2491,2054,1974,31.476838006563842,49389.2150095222
2492,2055,2047,0.9913180345263362,0.0
2493,2055,2050,1.515258259092864,0.0
2494,2046,2049,37.84568509738368,52391.0543675805
2495,2048,2056,3.02540560052544,10381.1784507392
2496,2056,2055,2.1089333016576,0.0
2497,2033,2057,17.455404990608642,261726.26005463
2498,2057,2015,13.169143847071872,226115.406613128
2499,2050,2058,1.9917356959272963,0.0
2500,2059,2048,2.7403012020384003,0.0
2501,2060,2052,1.759629943678464,0.0
2502,2060,2059,0.279223313162112,0.0
2503,2060,2061,0.253741064873472,0.0
2504,2061,2059,0.20159020817971202,0.0
2505,2060,2051,2.8844542286334725,0.0
2506,2060,2062,0.34058476260864,0.0
2507,2062,2063,0.184268009895552,0.0
2508,2062,2064,0.13819172190912,0.0
2509,2064,2063,0.257605885177344,0.0
2510,2065,2062,12.659167084455937,0.0
2511,2057,2065,3.1134377006346243,0.0
2512,2066,2040,38.315639423635204,23561.301004734
2513,2067,2063,2.193086248645248,0.0
2514,2068,2056,2.5990772185382403,8992.97901692557
2515,2036,2069,38.370748431628805,23452.9402571728
2516,2070,2021,34.6368852770688,322252.69638724
2517,2071,2029,33.718464135037436,685307.834499989
2518,2068,2072,5.5594598577408005,19481.1963025692
2519,2058,2073,4.383981647413632,0.0
2520,2074,2073,0.28176840540288,0.0
2521,2072,2074,1.794443210322048,6362.5588606303
2522,2014,2075,24.206644173254404,1933512.51814642
2523,2023,2076,31.708116092505602,231397.320112585
2524,2077,2078,2.812002929695872,0.0
2525,2049,2079,34.6001198133888,87290.2875235749
2526,2080,2057,5.119652474627328,146681.183928171
2527,2080,2065,4.368456796695552,0.0
2528,2009,2081,32.628093277063684,64.2647749360364
2529,2081,2043,31.759480044357122,10.1397875841
2530,2082,1991,36.97534864349568,321548.33455935
2531,2083,2077,1.51810629746688,0.0
2532,2027,2084,16.5867371689536,107222.239851332
2533,2085,2086,12.436932597686786,0.0
2534,2084,2086,18.66193337390976,23937.706735818
2535,2087,1994,31.218081273054725,698925.959815187
2536,2073,2088,5.641531572099456,0.0
2537,2089,2071,33.350936185797124,745789.587111361
2538,2088,2090,2.077793962979328,0.0
2539,2090,2031,12.434814274506625,0.0
2540,2090,2091,12.458365596458497,0.0
2541,2091,2024,15.851263005186048,0.0
2542,2092,2093,35.921981174618885,768133.730754756
2543,2094,2080,18.74471922018432,0.0
2544,2095,2096,38.92726724730624,75955.0541654466
2545,2097,2098,6.181312215602304,0.0
2546,2097,2072,9.167729893445376,0.0
2547,2083,2097,5.783805338737536,0.0
2548,2099,2080,4.4097003196012805,119172.582512011
2549,2100,2089,33.0077195502912,770727.598197832
2550,2099,2064,14.460525353045377,0.0
2551,2101,2100,4.484990963236608,105061.949634431
2552,2101,2100,4.629978643910401,105061.949634431
2553,2093,2101,36.203768167944965,820331.764624049
2554,2102,2103,30.02585707718784,235598.772164567
2555,2104,2010,29.416210420354563,0.0
2556,2105,2066,38.55818941932672,16579.3557840917
2557,2091,2106,13.044376580792832,0.0
2558,2107,2092,35.85327642851328,670000.341894298
2559,2108,2097,3.201678053076096,0.0
2560,2026,2109,26.739598435799042,16418.2145280918
2561,2110,2074,9.443147157937153,34121.5244738709
2562,2110,2090,5.82889899829248,0.0
2563,2111,2108,0.049804861227264005,0.0
2564,2069,2112,39.04061963776128,43422.7264929487
2565,2113,2104,19.6935471950976,0.0
2566,2114,2109,0.35270661520512003,0.0
2567,2114,2115,0.41212370029248,0.0
2568,2076,2116,31.292354896577283,286951.403312227
2569,2112,2095,38.14075085242752,60750.9957543318
2570,2117,2022,25.9166160278784,95907.0461770017
2571,2079,2118,34.54435224573696,79228.1233774757
2572,2119,2005,35.33160539829888,233277.073198631
2573,2120,2028,29.174896561789446,0.0
2574,2121,2107,35.86600632345984,544479.502955435
2575,2122,2070,34.60579794916992,325100.694057342
2576,2123,2099,6.567578806326912,629443.008070905
2577,2124,2030,30.051525116194565,217143.517592416
2578,2034,2122,30.17202225371136,378981.04227355
2579,2111,2125,3.3001853089075204,0.0
2580,2126,2125,8.702304185570688,655999.551103421
2581,2123,2126,4.395335189528448,311899.436117339
2582,2125,2127,5.719592535668352,460435.503325781
2583,2127,2128,0.62357544063936,0.0
2584,2128,2110,6.663733886810881,0.0
2585,2129,2105,37.480804374182405,10396.4823702741
2586,2109,2130,7.635879962371584,5291.0248425033
2587,2131,2127,0.7414695913743361,61448.1748702527
2588,2131,2128,0.685681858642176,0.0
2589,2106,2113,20.29383313474176,0.0
2590,2130,2132,24.970842620064,121007.517106008
2591,2133,2053,19.641521191311362,729373.208748497
2592,2134,2123,3.2749604124272644,97375.9582125441
2593,2134,2126,4.246337442036096,0.0
2594,2135,2084,13.732977219743233,56277.1752118415
2595,2136,2085,14.696064774293761,0.0
2596,2136,2121,35.88147854058241,412705.418199556
2597,2137,2032,29.179885383348484,647645.2773662
2598,2138,2012,30.56084261265024,459324.686830086
2599,2133,2139,14.191377288105603,167423.673752694
2600,2132,2140,25.447541723112963,130379.901938676
2601,2141,2102,30.56059730034432,211728.395892934
2602,2142,2114,10.861032544331906,0.0
2603,2143,2106,9.811313884779263,0.0
2604,2138,2144,26.72253984001536,55269.1446539552
2605,2145,2003,38.480217104862724,617189.112449345
2606,2146,2142,33.85780670688768,125128.347493921
2607,2086,2147,15.021826904126593,17555.192886146
2608,2147,2136,11.644765924771585,93288.3263677426
2609,2103,2138,30.756256467552003,259421.236257988
2610,2148,2143,1.4648126278959361,0.0
2611,2118,2149,34.781837780701444,68575.9062814861
2612,2149,2146,33.9384100252032,114077.3613059
2613,2142,2130,17.33705016354432,67956.1661919467
2614,2150,2037,23.983613315481602,315387.732015475
2615,2151,2148,2.1949487617685763,0.0
2616,2151,2143,2.6050129958096644,0.0
2617,2133,2152,18.63113538996864,5110.53400339815
2618,2116,2153,31.182524732494084,331099.053444268
2619,2153,2039,32.22347268450816,83367.4254314229
2620,2133,2154,11.57232875748365,287654.862496721
2621,2155,2154,0.12080964798144,1727.97010067757
2622,2135,2156,10.804669868627713,36485.8806713477
2623,2157,2154,0.18194366976192,1964.44285057851
2624,2157,2155,0.08905437633945601,1271.36953185373
2625,2156,2158,1.7200413751910402,9994.0767001953
2626,2158,2147,9.533128101209858,57127.6983412427
2627,2075,2159,25.825906077523204,880291.217575927
2628,2160,2094,21.120530343137283,0.0
2629,2144,2161,27.446715526982402,60635.4387207664
2630,2162,2163,1.1780548022580482,3431.15883723847
2631,2162,2163,1.226282907091968,3431.15883723847
2632,2162,2156,2.8303727658624,7883.91964650385
2633,2164,2104,23.829234867947523,0.0
2634,2139,2165,18.97868518419456,451594.831792388
2635,2165,2141,29.496767840179203,171940.161276494
2636,2166,2160,1.6022977109948162,0.0
2637,2167,2135,7.482427335035137,0.0
2638,2167,2163,4.612804109375616,12991.4638357905
2639,2168,2158,1.020481357876992,6252.49061313494
2640,2169,2084,21.21394040257536,0.0
2641,2169,2167,11.525794686768386,36256.3653638652
2642,2140,2169,25.10856586998144,135369.484098125
2643,2170,2156,1.2703888526883842,0.0
2644,2170,2168,2.125112210698752,0.0
2645,2171,2155,2.63104729576128,75068.8429851193
2646,2171,2139,9.04232932294349,124887.233971927
2647,2172,2129,38.20530712813056,5689.83238846552
2648,2170,2162,3.9838316579930884,0.0
2649,2110,2173,17.067977551088642,64620.4084101377
2650,2173,2148,15.573875271166083,0.0
2651,2174,2122,15.610801954099967,64496.1193663474
2652,2175,2176,7.535259190470528,0.0
2653,2177,2038,40.00269177349632,161424.545703165
2654,2178,2179,39.409593840080646,70132.3554896723
2655,2180,2166,27.69895988906112,0.0
2656,2181,2182,18.44159107012992,0.0
2657,2183,2157,6.440999178911616,163043.351955125
2658,2153,2184,9.892455922952065,138991.711587444
2659,2185,2054,32.01389682771456,56155.4549874137
2660,2186,2136,13.008888651394944,16683.7123351498
2661,2187,2151,8.415859457808,0.0
2662,2187,2175,6.381437859586944,0.0
2663,2188,2131,18.52639810762752,1671630.9458649
2664,2188,2173,6.676647583326336,0.0
2665,2189,2171,9.632777236498946,139718.402593193
2666,2190,2173,7.52725892901312,29783.2704003635
2667,2190,2187,9.014162370212738,0.0
2668,2191,2168,7.726372221591936,50388.0543173753
2669,2192,2183,5.7688987609693445,62789.4336236562
2670,2192,2189,5.055530181064705,0.0
2671,2193,2181,6.854888735126784,0.0
2672,2194,2125,22.901024392139522,0.0
2673,2194,2188,4.909683871914624,0.0
2674,2195,2174,8.633019587993857,38085.4029145478
2675,2195,2180,27.528729515781123,0.0
2676,2196,2087,30.68960640311808,687735.307221857
2677,2096,2197,42.998975014913285,91195.5786533604
2678,2198,2167,12.841605603357696,3701.32628118029
2679,2198,2191,5.912176896667009,24975.888403859
2680,2188,2199,6.875648872000128,688816.165666793
2681,2199,2190,4.3696177291768326,0.0
2682,2190,2200,4.82917285591488,19534.4771711922
2683,2200,2201,3.1796663631701763,0.0
2684,2202,2187,5.795768370002689,0.0
2685,2202,2203,0.7406990084989441,0.0
2686,2204,2193,5.4641936276040965,0.0
2687,2191,2205,7.539501765654145,26844.7999501704
2688,2205,2147,17.31070872672768,0.0
2689,2206,2175,9.313949805367681,0.0
2690,2203,2206,2.026715169181824,0.0
2691,2207,2192,4.432621845700225,48454.4680033481
2692,2202,2208,0.910831350198528,0.0
2693,2208,2203,0.476528639723136,0.0
2694,2161,2209,27.800665440894722,62412.3425441313
2695,2210,2207,0.36395680846694406,3986.58736027758
2696,2210,2211,0.4048488297216,0.0
2697,2207,2211,0.674644269378816,0.0
2698,2212,2183,16.30296630509184,247788.259466259
2699,2213,2174,14.73369568202189,0.0
2700,2214,2120,30.263560050620164,0.0
2701,2213,2215,0.5181444698791681,0.0
2702,2215,2195,3.6659026334937606,16648.6096878564
2703,2216,2200,1.989941550955776,0.0
2704,2200,2217,3.6510281267328004,14991.7073182773
2705,2217,2202,3.092195365674624,0.0
2706,2152,2218,20.45258434695168,6609.75577395667
2707,2218,2212,5.662984470409728,89809.4215101347
2708,2219,2134,24.05954544846336,818401.558373194
2709,2220,2189,10.122046194889728,148925.951714777
2710,2211,2220,8.199031032732673,0.0
2711,2221,2117,27.17308216237824,94444.9899486441
2712,2222,2124,30.943718537656324,230025.615919457
2713,2223,2208,2.278878867720576,0.0
2714,2224,2210,2.3153715862168323,25389.8512202031
2715,2224,2211,2.298850883087616,0.0
2716,2197,2178,40.059208249378564,81788.5140929706
2717,2212,2225,4.603482642477312,0.0
2718,2225,2210,15.303905970857857,0.0
2719,2226,2217,1.7105194854190082,7089.78599997133
2720,2226,2223,2.2254840347857923,9287.33183976208
2721,2216,2227,3.371566183261056,0.0
2722,2227,2217,1.7090473025894402,0.0
2723,2227,2226,1.523591429450112,0.0
2724,2199,2228,6.565837908110977,692855.469196945
2725,2228,2216,2.186592809537664,0.0
2726,2229,2172,39.80668828713984,12560.3311293327
2727,2230,2082,38.03216517796608,312087.452061646
2728,2231,2205,4.361050125679104,0.0
2729,2232,2206,13.85649126088128,0.0
2730,2233,2169,18.52583103917568,46020.1977562138
2731,2234,2186,12.685126178153089,16776.9114353583
2732,2231,2235,4.466421735785856,0.0
2733,2205,2235,5.461513947533952,20884.9843666405
2734,2235,2234,1.1243787268032002,1507.91125202473
2735,2236,2226,2.2110419603669764,0.0
2736,2228,2237,3.1677202605945602,346506.431817137
2737,2237,2227,2.333391113256192,0.0
2738,2238,2137,29.660684612106245,661076.996896327
2739,2239,2194,9.125909290358786,0.0
2740,2239,2199,8.239628191588993,0.0
2741,2233,2240,8.799870306686977,0.0
2742,2240,2198,8.368894319474306,36327.6175224278
2743,2184,2241,34.61364581862528,455334.827342014
2744,2240,2231,14.00422327380173,0.0
2745,2159,2242,33.843838019397126,1149122.52619297
2746,2243,2119,35.7418238525568,267526.918408577
2747,2243,2244,35.3860324145856,51860.5500729076
2748,2245,2236,2.4412252272883204,0.0
2749,2245,2246,0.830850081963264,96585.2234460925
2750,2247,2181,17.27290621786752,0.0
2751,2248,2220,5.389526363367168,79928.7608237078
2752,2248,2165,22.9432454836992,326244.953857519
2753,2237,2245,5.119265234274049,583274.030784491
2754,2246,2249,6.713740664383105,799913.201783587
2755,2223,2249,8.605444260695041,36580.7739162903
2756,2250,2222,5.932417414987008,44412.7504503911
2757,2251,2246,1.330391162846592,0.0
2758,2252,2150,26.402534161470722,307902.907905212
2759,2253,2251,0.48752810362713606,0.0
2760,2254,2251,0.548319854953728,0.0
2761,2255,2243,15.674942903178241,79155.7964867465
2762,2256,2255,16.26902279392896,86290.1909926152
2763,2257,2258,41.620625598816,157134.784779265
2764,2259,2260,4.35754248640128,0.0
2765,2260,2249,1.574787993432192,199398.140182681
2766,2260,2261,1.7417018418624,0.0
2767,2249,2261,2.8177412420678403,0.0
2768,2262,2218,33.01446271774464,569617.842037668
2769,2244,2263,34.518265391047684,46004.5523792738
2770,2264,2224,6.940566987780096,76401.6569964556
2771,2264,2248,8.842886251638912,46960.5030750492
2772,2204,2265,13.813756746742659,0.0
2773,2266,2250,10.935855800673409,16084.8487726787
2774,2258,2267,41.66923869896832,161240.754555804
2775,2268,2256,16.011848401236865,88343.2374730184
2776,2269,2239,5.041287013517568,0.0
2777,2263,2266,34.9969324643136,47578.9639137005
2778,2225,2264,19.78001291908224,0.0
2779,2270,2231,6.9211533246577925,0.0
2780,2270,2270,0.036634091319936,0.0
2781,2271,2237,8.878843710367489,11798.5489116687
2782,2272,2138,31.858827183025923,275849.44459701
2783,2269,2271,7.488929147559552,10321.8301557361
2784,2209,2273,16.873976925527042,37039.9865536402
2785,2274,2164,26.721435846124802,0.0
2786,2267,2275,39.79241810514432,140762.341907912
2787,2276,2260,3.9276011657583365,505542.003920716
2788,2276,2261,3.4401080138641924,0.0
2789,2277,2240,8.088449132801664,39083.2200898678
2790,2277,2270,16.955548344725763,0.0
2791,2278,2265,4.7583052480339205,0.0
2792,2275,2279,39.5126541216,112878.68869861
2793,2242,2280,31.727882650970884,1016078.3207697
2794,2281,2273,3.4331930746882566,7378.87939224507
2795,2281,2268,15.160217222304002,86052.5697687354
2796,2179,2282,33.443308572410885,51810.1430150251
2797,2248,2283,9.684794820197377,250484.543746731
2798,2280,2284,31.208986178092804,890239.745142217
2799,2285,2262,32.4811998080064,604783.283892567
2800,2286,2233,12.099030743492353,32765.677669596
2801,2286,2277,6.058631084014081,31904.8079603425
2802,2287,2288,0.035397575997696,106.79934157199
2803,2288,2221,23.86879123989888,75818.8235202952
2804,2276,2289,5.036207400816768,665150.649277671
2805,2289,2232,15.413728805988482,0.0
2806,2290,2278,2.620883050815744,0.0
2807,2291,2269,27.280516286833922,39844.6547652881
2808,2292,2229,41.80733868022272,41649.034910318
2809,2279,2292,39.82198909303296,77556.6121988938
2810,2293,2289,2.6407254801945603,0.0
2811,2294,2271,7.522809569218945,0.0
2812,2295,2214,28.477717556048642,0.0
2813,2296,2264,12.595867325002368,216107.555558072
2814,2297,2145,39.205038734231046,791004.096924991
2815,2241,2298,35.08775333065728,462471.661814875
2816,2299,2219,23.76398345219712,1005161.97681657
2817,2299,2291,27.384796161423363,42012.5165191359
2818,2294,2300,8.698654561918465,0.0
2819,2300,2259,16.219939121591043,0.0
2820,2301,2247,18.0554658634944,0.0
2821,2302,2299,2.2878805306072323,45038.6201798481
2822,2303,2257,44.61937226309376,144584.060354736
2823,2304,2177,40.09287371417856,215361.142248549
2824,2305,2293,13.363712392428289,0.0
2825,2300,2305,2.295621008537472,0.0
2826,2306,2185,32.39618688713088,71264.5741704519
2827,2307,2196,31.100514863616006,683903.376851277
2828,2308,2235,25.944052349698563,151805.93898329
2829,2298,2306,34.24099394339712,424057.061078826
2830,2309,2215,29.902270884330246,144879.246630962
2831,2310,2184,37.633551992974084,55267.5237944506
2832,2311,2250,24.20868646297728,219428.469826703
2833,2312,2283,31.5615656068416,859253.830948037
2834,2313,2294,14.512599025600897,0.0
2835,2306,2314,35.06306227611264,395405.989929973
2836,2315,2238,31.067541046586886,655176.603619096
2837,2316,2306,6.671603739905281,16561.0179869847
2838,2282,2317,31.304706225534726,43896.8500371804
2839,2289,2318,29.264121329034243,4211082.78866194
2840,2319,2252,26.839354701899524,267040.499376812
2841,2320,2243,29.12737668901632,205233.529029919
2842,2321,2281,34.8060134106432,126277.084016303
2843,2284,2322,36.6045843195648,857771.9239143
2844,2323,2274,25.9322678638848,0.0
2845,2323,2319,5.673830747295744,0.0
2846,2324,2296,15.616664580249216,285964.151347083
2847,2325,2286,20.68389255981312,186942.024470334
2848,2326,2299,22.118305727232,706929.99025873
2849,2327,2287,23.848002876741123,67908.8839330903
2850,2328,2285,34.6584922491456,674817.637848516
2851,2322,2329,32.74728909902208,580838.903671939
2852,2317,2330,29.081091006063364,38528.4248595519
2853,2331,2301,17.857158134492163,0.0
2854,2293,2332,25.000059230403842,0.0
2855,2333,2230,38.56937114143872,280564.356473523
2856,2333,2334,8.83333342222848,2169.39464165843
2857,2335,2333,16.70203350211968,0.0
2858,2336,2295,29.97507506412672,0.0
2859,2314,2337,35.41801141562112,324135.11121198
2860,2330,2338,28.050895789424644,60958.1189258538
2861,2339,2311,22.984429868040962,209397.525365985
2862,2340,2331,3.8848769578586886,0.0
2863,2341,2272,32.680297628352,276148.229690541
2864,2329,2342,33.48238843369728,432017.499667537
2865,2343,2301,29.86552119222144,0.0
2866,2344,2312,31.101440461724163,892630.687881277
2867,2345,2290,31.23950703299712,0.0
2868,2346,2347,33.336222999678725,317487.991380734
2869,2348,2309,28.06891593606144,150574.123165974
2870,2348,2326,21.68018565761664,834387.509269845
2871,2349,2319,13.68218851020173,118694.421280761
2872,2350,2324,14.549409291808512,284429.959384515
2873,2334,2351,13.198586333670146,3277.34701701112
2874,2338,2352,29.14061645632896,160605.430820698
2875,2318,2353,28.9900308785472,4642123.22996079
2876,2354,2333,9.990927623546495,63082.2282142836
2877,2355,2335,18.31885390279296,0.0
2878,2356,2346,31.04810643141504,283512.634603507
2879,2357,2348,19.914543198316803,955052.385434347
2880,2358,2354,2.3282583149548803,2512.6749797619
2881,2355,2358,23.31498106282752,0.0
2882,2352,2359,27.85475710207872,193147.939991898
2883,2332,2360,23.36202236497536,0.0
2884,2361,2308,26.732283742010885,187139.664643945
2885,2339,2362,35.42247388513152,253485.19517095
2886,2363,2364,24.815559093557763,243292.227176961
2887,2360,2365,1.5806840070320642,0.0
2888,2366,2302,34.71529184082432,719616.243438294
2889,2367,2304,39.495601432108806,244614.451479833
2890,2353,2368,27.808898587303684,4717328.36638973
2891,2368,2349,7.716485606189185,62155.9719647369
2892,2369,2370,34.778043188951045,60078.2052140194
2893,2371,2316,24.149459642584322,69164.087904332
2894,2368,2372,3.6666188301980163,659684.547543133
2895,2373,2363,34.6670511428736,322076.524991265
2896,2362,2373,34.043448850329604,284474.242279597
2897,2347,2374,28.10067371667072,261812.249287847
2898,2342,2375,33.951548741806086,44521.5252779629
2899,2372,2376,12.384357493774464,2224630.32713335
2900,2377,2307,31.0589613601344,658948.575599814
2901,2378,2325,21.33019835096832,226395.107105118
2902,2379,2305,35.70351612233472,0.0
2903,2380,2355,9.577405155479042,0.0
2904,2359,2356,31.14163035194112,255320.709560633
2905,2364,2381,25.20507367521792,251246.239796972
2906,2337,2382,36.125128667738885,360388.620986246
2907,2382,2377,15.054907341805055,108796.886204309
2908,2383,2357,20.444184311569924,1075796.75213666
2909,2381,2383,25.689931830478084,253635.240355355
2910,2384,2380,13.701412879064064,90830.947812933
2911,2372,2385,3.429977956213248,531.706804824388
2912,2386,2327,24.396496119198723,60952.9010961529
2913,2387,2321,35.41581519214464,132108.890656031
2914,2388,2303,47.586358217756164,111417.163606098
2915,2389,2378,1.8243920432136962,20870.5272258207
2916,2390,2389,1.7300070158215681,0.0
2917,2380,2391,2.1429882904700164,13358.6919919254
2918,2392,2315,30.873037742426884,577047.766228324
2919,2393,2358,12.90746618478029,14386.8273143749
2920,2391,2393,15.024622004739072,13469.8330769322
2921,2394,2340,23.846145323616,0.0
2922,2377,2395,7.234938719661312,252099.198995779
2923,2395,2328,34.87416185480832,688526.078659051
2924,2350,2396,20.88602317283328,0.0
2925,2370,2397,35.49356012239488,82806.5565779618
2926,2398,2369,35.23165887555072,39386.5036356311
2927,2351,2399,14.645225098437122,3642.42472605993
2928,2399,2388,41.62188832230528,57998.5966384076
2929,2400,2344,31.4449275153024,917916.45313235
2930,2401,2297,40.544998118254085,958346.891232161
2931,2402,2320,29.43446524153344,224352.606350765
2932,2403,2350,15.053446910405377,311907.427507275
2933,2376,2404,19.181383927833604,2333919.8762226
2934,2397,2401,34.7235327603648,98630.5541877932
2935,2405,2377,6.857876559511297,135162.22228445
2936,2403,2396,10.201900606584193,0.0
2937,2382,2405,12.768886042868738,45887.6010443294
2938,2406,2339,23.83998517321344,130520.896078676
2939,2407,2386,10.844619628626432,24342.8257342812
2940,2407,2398,10.380355031870208,7916.62500113274
2941,2408,2384,27.53188299316224,208855.551012138
2942,2374,2408,27.8227445462208,240335.061462184
2943,2409,2378,10.315046357269633,0.0
2944,2410,2336,30.20191894063872,0.0
2945,2411,2343,29.766395257885442,0.0
2946,2412,2403,3.4681415197904637,74282.4751722259
2947,2354,2413,20.52304677029376,97134.154359186
2948,2413,2399,13.705180203699072,8757.54804305904
2949,2409,2414,5.313828760086528,0.0
2950,2414,2389,6.607191901216897,0.0
2951,2415,2413,6.174702800728705,25837.4609923431
2952,2416,2310,38.710646487152644,65334.517639415
2953,2417,2393,7.598705517710209,2078.15626807771
2954,2417,2415,8.489745000899713,32867.9417164191
2955,2418,2405,3.2665660049214726,78458.5357718025
2956,2391,2419,13.724782884274175,67635.9199865387
2957,2419,2417,7.839349044265728,33305.640168764
2958,2420,2395,7.84236339868608,159342.995442107
2959,2421,2401,8.153330922468864,233016.216057873
2960,2376,2422,20.5831663259904,1154174.09759545
2961,2423,2422,3.362503492440576,44976.3544939811
2962,2424,2382,10.408507394288257,48928.5514384254
2963,2418,2420,10.426213145918593,93513.7672062242
2964,2385,2425,16.70867792022528,2589.2919771258
2965,2385,2425,17.3775066898752,2589.2919771258
2966,2419,2426,9.113418094923649,1480.27147612662
2967,2426,2417,4.4021448582946565,1199.96246430615
2968,2426,2427,1.927769875663104,1489.93806017171
2969,2427,2415,8.378860444517375,6953.88445349104
2970,2365,2428,31.91314115899008,0.0
2971,2429,2426,1.2356781414912001,1055.44137768407
2972,2430,2383,17.94144059021952,832783.085916083
2973,2420,2431,40.43990819645568,747377.40005473
2974,2421,2432,31.100631508869125,33062.7455827407
2975,2433,2345,30.718901356323844,0.0
2976,2433,2411,9.596138819262338,0.0
2977,2425,2434,6.914774631777408,1012.54572983335
2978,2434,2423,6.009195248584705,83975.1533183269
2979,2431,2435,40.374903621888,849627.133774385
2980,2404,2436,19.91156039186688,2433652.04521034
2981,2436,2433,1.2214735965907202,0.0
2982,2437,2414,9.543282574218624,0.0
2983,2437,2389,15.423226391447425,185170.420944834
2984,2438,2412,16.361684991210243,0.0
2985,2439,2424,6.515608925193985,21337.1548869819
2986,2439,2418,17.215509350350082,471125.117372598
2987,2440,2396,20.91782350449792,0.0
2988,2441,2438,0.7633467047162881,0.0
2989,2441,2440,4.829448166392961,110216.090505562
2990,2442,2443,40.51435371401088,1016520.93738598
2991,2443,2412,10.538525449533314,230961.979852116
2992,2434,2444,4.528765453170816,67126.3490658898
2993,2422,2445,19.761279141035523,1637015.30008969
2994,2445,2436,1.40714045150976,122434.06567499
2995,2446,2410,27.6785101479744,0.0
2996,2443,2441,11.955666337300224,268372.848078015
2997,2435,2442,41.023385600186884,970076.775976836
2998,2447,2445,0.823226976709632,0.0
2999,2448,2341,32.71945847182848,257374.753769406
3000,2449,2407,14.918119666319233,39795.944534918
3001,2428,2450,30.018916893841922,0.0
3002,2451,2409,13.676767224113664,0.0
3003,2451,2437,5.085790766419969,64270.8937124829
3004,2452,2400,31.79868050988288,909820.642851989
3005,2452,2448,3.5697894828583685,70527.6778454465
3006,2453,2420,11.240283544288129,170614.305020484
3007,2348,2454,34.42673493274752,170414.718664336
3008,2455,2361,26.85718076164992,216813.295003075
3009,2448,2456,10.59875574740928,188720.294953339
3010,2456,2387,34.3194987415104,132963.756538591
3011,2457,2447,3.193850343873024,0.0
3012,2458,2371,24.386698175431683,83708.3399523082
3013,2444,2459,19.02340359139968,0.0
3014,2459,2457,3.270388681334016,0.0
3015,2432,2460,31.925948399009282,47951.9328744911
3016,2440,2461,26.341470355368962,615556.425328482
3017,2462,2456,2.8242215666311683,8035.82370497549
3018,2375,2463,41.12508048206976,54718.0311546586
3019,2464,2429,17.0752112144064,0.0
3020,2465,2439,6.925611743449345,3669.60547166026
3021,2466,2366,33.89898790472832,755737.232209666
3022,2465,2467,0.7190020032814081,376.023107953088
3023,2467,2468,9.284433467582591,12738.0321208144
3024,2468,2453,9.958379389491457,76019.8332536154
3025,2469,2465,0.92625265250496,0.0
3026,2469,2467,0.9037858674746881,754.819863832898
3027,2470,2439,9.359027817270912,275871.660441376
3028,2470,2469,5.668926625511424,4646.34904806669
3029,2471,2462,1.800986334706944,5187.05927487165
3030,2456,2472,5.365619810914176,98258.201855944
3031,2471,2472,6.586450889787649,70740.7073153359
3032,2450,2473,17.584799499083523,0.0
3033,2473,2444,8.540213722964353,134368.469713636
3034,2461,2474,26.09594123862528,623562.28469613
3035,2472,2475,37.904031236459524,615092.213239147
3036,2476,2477,0.229203334141056,3334.89471767028
3037,2477,2452,7.425323646542208,115339.638528665
3038,2475,2478,37.95936465138048,713905.801962259
3039,2479,2406,24.292109271513603,133163.593212631
3040,2480,2459,5.12233196479488,0.0
3041,2480,2457,7.511637295565568,0.0
3042,2477,2481,2.6010181308545284,63789.2920006268
3043,2481,2471,6.264892324639873,87340.4371144278
3044,2482,2483,0.17482472048448,0.0
3045,2483,2480,0.6453904783645441,0.0
3046,2484,2480,0.166201724975616,0.0
3047,2485,2483,0.363204089309952,0.0
3048,2485,2486,0.381265592868864,0.0
3049,2486,2484,0.6231469914236161,0.0
3050,2486,2487,0.670969667098368,0.0
3051,2487,2484,0.330666378755328,0.0
3052,2488,2459,9.439485048994177,0.0
3053,2488,2485,2.6287801275732483,0.0
3054,2489,2446,19.79488328982912,0.0
3055,2490,2447,20.806963392441602,0.0
3056,2491,2394,27.007832274255364,0.0
3057,2492,2367,36.04748139248256,228923.418154233
3058,2493,2424,38.048471662924804,212224.398157484
3059,2436,2494,21.16213891837056,4462265.01853634
3060,2495,2476,4.845675043541377,57670.2626398794
3061,2495,2496,3.7017439860994563,0.0
3062,2496,2476,2.1362742537523203,5893.21942253402
3063,2497,2481,2.007701502073344,30545.485259729
3064,2498,2496,0.704696512278528,1948.94669833134
3065,2499,2497,2.903371159683456,0.0
3066,2500,2452,13.954145788091521,20502.8839822584
3067,2500,2495,5.110370019836929,61855.9596429551
3068,2498,2499,0.629410709549952,0.0
3069,2474,2500,25.86558047876352,616567.255049059
3070,2501,2379,35.44657163891712,0.0
3071,2502,2430,18.9629279522496,918330.975245687
3072,2503,2502,1.2030268740145922,83537.0043653002
3073,2503,2504,1.423203907821696,0.0
3074,2504,2502,0.6545171776239361,0.0
3075,2505,2421,23.89366135005696,695043.14671512
3076,2506,2507,24.662863617511682,1391878.21885413
3077,2508,2506,2.8888854800889603,155555.829822446
3078,2509,2402,29.723817664442883,232028.574475404
3079,2510,2504,0.9740881337299201,0.0
3080,2504,2511,1.3389430865057281,0.0
3081,2512,2464,16.21893698308224,0.0
3082,2513,2392,35.58682381199616,540925.221985186
3083,2514,2488,6.382115744247937,0.0
3084,2515,2449,15.493067849407105,0.0
3085,2478,2509,38.501358783402246,793556.846286714
3086,2516,2503,12.667517640556417,877823.521436844
3087,2517,2472,11.786957177124096,272861.470814795
3088,2497,2517,9.176550928389505,0.0
3089,2460,2518,32.46262728622848,62664.3382857464
3090,2519,2451,28.4134973113728,383304.963223279
3091,2501,2520,18.65747153204352,0.0
3092,2521,2508,4.762107960534144,30127.4654460291
3093,2522,2453,35.53346601167616,385262.745199789
3094,2523,2521,0.195106954610304,1214.16198827106
3095,2524,2450,19.373546521612802,0.0
3096,2525,2523,0.11978027937216001,744.612170565895
3097,2526,2525,0.16053916442572802,997.049447111433
3098,2527,2516,13.309628394940418,914377.177213459
3099,2507,2527,24.820246130929924,1488486.97677181
3100,2528,2529,6.264381869691265,126808.526384713
3101,2509,2530,32.39084075901696,715441.888063582
3102,2427,2531,40.421747570181125,32322.6255954425
3103,2532,2473,17.6222121121728,311154.191456685
3104,2533,2528,10.264508148559104,212448.87800319
3105,2534,2487,20.473063490753283,0.0
3106,2520,2535,18.5983415297856,0.0
3107,2535,2536,3.252804597719424,0.0
3108,2528,2537,2.605768064608896,0.0
3109,2532,2514,14.216936255432064,0.0
3110,2533,2537,8.824106802018816,0.0
3111,2538,2489,20.36798958192768,0.0
3112,2537,2529,7.80908856190848,0.0
3113,2502,2539,36.095701909259525,771400.927231773
3114,2530,2533,32.07645479706624,692587.748760132
3115,2540,2524,16.30809718344576,0.0
3116,2540,2541,1.123734390527232,0.0
3117,2541,2532,6.754901370446593,81889.5764234469
3118,2454,2542,31.39780212493056,176543.617789178
3119,2543,2544,22.475014410816,300789.335895895
3120,2544,2540,1.3405436402688002,0.0
3121,2544,2545,0.068220162971136,854.906917752794
3122,2545,2546,0.49156689079872007,6149.71528012378
3123,2546,2541,1.5248463894639361,18960.3913252406
3124,2547,2490,21.50919126436608,0.0
3125,2547,2548,1.9530417955656962,0.0
3126,2494,2548,21.55106399732352,4570031.46466852
3127,2549,2493,37.38712914313344,244706.872569581
3128,2550,2548,0.94727199676032,199929.884723781
3129,2551,2514,22.36658925232512,0.0
3130,2551,2534,5.294833246378368,0.0
3131,2552,2497,16.23476966107392,247223.46923953
3132,2552,2517,15.567031978375683,404149.430757582
3133,2553,2501,15.088778078432256,0.0
3134,2554,2552,3.3406269471970567,87865.229019223
3135,2555,2498,16.039570666470915,44921.181347579
3136,2555,2554,1.591934378931072,20411.9698057464
3137,2500,2555,22.78203577322112,228409.77964627
3138,2546,2556,12.119273186587776,0.0
3139,2556,2532,7.259949885602305,53815.5393466269
3140,2529,2557,21.8068839033408,422534.895492134
3141,2558,2416,39.200188251882246,73273.0136561686
3142,2518,2558,31.773977256510722,72731.8117856743
3143,2559,2458,24.78535722672768,98212.0483399786
3144,2559,2549,35.996773682833926,258447.597140382
3145,2560,2559,24.55494504832512,208675.530813344
3146,2561,2560,24.1724239675776,206397.514047703
3147,2562,2526,11.070300326012928,66159.010038927
3148,2563,2562,0.06851897630899201,393.601042282353
3149,2564,2508,30.520699892305924,1541643.95989877
3150,2534,2565,9.677742417294336,0.0
3151,2565,2547,12.600498436061185,0.0
3152,2566,2535,18.58727234909952,0.0
3153,2551,2567,3.643862271515136,0.0
3154,2567,2565,6.721186619486592,0.0
3155,2463,2568,40.978076418892805,52698.1949834054
3156,2558,2569,3.5908171554689283,15807.7844392333
3157,2569,2561,24.516170286474242,204638.334536547
3158,2536,2570,12.86070573730061,0.0
3159,2571,2429,38.7556908830784,47659.4145396644
3160,2572,2479,24.786737062179842,134399.625017624
3161,2573,2543,23.386824866592,352238.925602318
3162,2556,2574,14.377256264219906,0.0
3163,2574,2567,14.265597108039552,0.0
3164,2572,2575,29.160624657795843,250321.383609183
3165,2576,2491,25.9421822275968,0.0
3166,2577,2576,22.21923224391552,0.0
3167,2539,2578,35.82011811628801,825393.669540144
3168,2579,2505,23.73402886107264,722129.16266661
3169,2580,2547,11.155645700343937,0.0
3170,2581,2573,3.173397227991936,0.0
3171,2582,2470,35.27157092861952,1171277.64490131
3172,2557,2583,21.58076822280192,386134.012215628
3173,2583,2572,5.465372808436992,73891.0897034795
3174,2584,2519,28.863913396792324,418062.279152214
3175,2531,2585,37.676391845114885,49320.3695455888
3176,2586,2468,30.954493015269126,214005.285984923
3177,2587,2567,10.528862664912769,0.0
3178,2565,2587,7.861183558272,0.0
3179,2550,2588,14.411772492632064,3019440.95446553
3180,2588,2577,22.38106518895104,0.0
3181,2589,2466,34.675800212782086,803773.767349103
3182,2580,2588,11.058514008765696,0.0
3183,2590,2443,39.6257263091712,1109736.595159
3184,2591,2492,34.446200946220806,203812.917304957
3185,2587,2592,9.972393315641858,0.0
3186,2593,2566,19.16629909590528,0.0
3187,2594,2595,1.405268987215104,0.0
3188,2594,2593,3.8952215764704006,73498.8915906331
3189,2589,2596,8.774199866539009,166070.803504011
3190,2596,2553,14.015694664958977,0.0
3191,2597,2455,38.8432774185984,351561.013277943
3192,2596,2598,9.09393779047565,172147.38191679
3193,2598,2594,2.931385485447936,55403.2074313119
3194,2570,2599,12.725063996819328,0.0
3195,2599,2573,18.565780686520323,305183.952073204
3196,2600,2598,0.520060097791872,0.0
3197,2575,2601,29.51216432157312,252639.159334407
3198,2601,2564,30.220052336812802,1338293.24452939
3199,2602,2594,1.7165317210145281,0.0
3200,2603,2569,24.143902223696642,136960.770441487
3201,2602,2593,5.356880516161152,0.0
3202,2600,2602,2.9923091434368003,0.0
3203,2537,2604,19.38514722034176,0.0
3204,2542,2605,29.97169151492736,188362.10625706
3205,2605,2589,14.230389167482752,196946.095930074
3206,2578,2605,34.16154912745344,813283.125747803
3207,2593,2606,27.758688052296964,515788.525619377
3208,2589,2607,5.618074850606592,121095.421087435
3209,2608,2607,3.9700315460678404,0.0
3210,2607,2609,3.3397680065080326,74625.7750646104
3211,2609,2596,3.2705263092142083,0.0
3212,2610,2527,22.68806191229952,157546.768382208
3213,2611,2544,29.1254335187904,0.0
3214,2612,2559,14.412454519744514,47248.8763251663
3215,2606,2599,27.67578116726016,488276.662692291
3216,2585,2613,36.30263908563072,64484.1028280773
3217,2614,2600,4.376204827277184,0.0
3218,2609,2614,7.804224916735104,182046.322639
3219,2615,2554,17.50269223270656,365580.394449655
3220,2616,2581,8.786034040848769,0.0
3221,2617,2513,34.90939108698625,384408.699172444
3222,2618,2538,32.00135915281536,0.0
3223,2619,2616,1.0706483697845761,0.0
3224,2620,2619,0.0018316861390080003,0.0
3225,2605,2621,12.953045404341506,214534.534134824
3226,2621,2608,4.609611843585409,0.0
3227,2622,2563,22.779704010792962,120301.730177647
3228,2579,2623,23.605042820198403,565028.064173324
3229,2592,2624,10.85052108019968,0.0
3230,2624,2580,12.061181525031937,0.0
3231,2625,2509,33.14387964438144,220527.053403571
3232,2624,2587,23.827637883709443,0.0
3233,2626,2522,38.989353421370886,495211.587759144
3234,2627,2620,3.2143369164065283,0.0
3235,2628,2583,16.467992832360963,195169.064419299
3236,2629,2627,1.0058214426543362,0.0
3237,2629,2611,26.886894788033278,0.0
3238,2630,2614,6.678434697073921,164251.9719559
3239,2613,2631,36.528185154954244,77847.7438888155
3240,2621,2630,17.156076212056323,298457.167426116
3241,2599,2632,18.96637159435392,0.0
3242,2632,2629,4.004054759992321,0.0
3243,2633,2601,15.447535651658882,475818.151014508
3244,2634,2603,24.995825706170884,132893.55172832
3245,2635,2612,13.605644137700736,47078.7302846776
3246,2636,2576,22.55029089705216,0.0
3247,2588,2637,22.44793431729024,4574015.02741647
3248,2638,2556,29.89871648717184,265815.915648106
3249,2552,2639,32.091214444945926,1213738.07634591
3250,2640,2632,7.251103276572673,0.0
3251,2630,2641,15.4185570472032,687175.863053712
3252,2604,2642,19.188225764167683,0.0
3253,2643,2591,26.18423965137024,0.0
3254,2644,2642,1.5116556942685442,0.0
3255,2645,2579,25.5639786627456,178766.201827585
3256,2646,2591,30.209548019777284,153763.751475992
3257,2647,2640,6.989026228208641,0.0
3258,2648,2584,31.69469395433088,466984.769658683
3259,2649,2582,34.30514336084352,1269118.26689714
3260,2650,2569,34.1670451820544,65600.6757539341
3261,2651,2628,16.907097176766722,177085.617064848
3262,2641,2652,15.133126988301697,718135.522318047
3263,2653,2644,20.51859833426304,0.0
3264,2654,2618,31.197171517079045,0.0
3265,2568,2655,43.7031900404352,51306.9598321858
3266,2656,2633,15.272038581047426,418546.032056345
3267,2657,2610,23.00933916572544,150776.069533688
3268,2651,2658,10.03780999170893,67517.7192982233
3269,2658,2659,1.277097609148416,7963.34029199552
3270,2660,2657,0.6706104019718401,1551.29345387927
3271,2659,2656,22.724666023150082,119602.746934788
3272,2661,2658,0.743285259712512,0.0
3273,2623,2662,24.82008181690752,592410.456956187
3274,2662,2634,24.550588457556483,119232.654387317
3275,2663,2653,19.995629738261762,0.0
3276,2663,2651,5.948415380654208,11461.3364147436
3277,2664,2661,1.569837551508864,0.0
3278,2665,2622,23.922945697685762,46789.2385227354
3279,2661,2666,1.606428221118336,0.0
3280,2666,2659,2.5006547880103684,0.0
3281,2667,2665,1.182312056268288,2443.50888587948
3282,2668,2667,0.15222861822643202,315.474860808661
3283,2669,2663,3.8594840024125445,7532.27488006874
3284,2670,2586,31.47280285007232,204528.711716135
3285,2671,2636,20.046061364947203,0.0
3286,2672,2660,16.405283777794562,37024.9715014288
3287,2668,2672,15.908361975082368,34007.5540103371
3288,2652,2673,23.54740857444096,890861.207962082
3289,2674,2571,38.754284879692804,78465.6213115213
3290,2675,2643,24.486852464490244,0.0
3291,2676,2617,34.3476345003264,244087.24394362
3292,2642,2677,18.97868169191808,0.0
3293,2678,2671,5.460070283889408,0.0
3294,2679,2669,11.781602542017792,19897.7886058976
3295,2679,2669,10.04125149016704,19897.7886058976
3296,2637,2680,22.484510586489602,4341438.43325586
3297,2680,2678,3.3352710841612803,0.0
3298,2681,2678,1.46827973584512,0.0
3299,2682,2662,10.26913786270733,286448.055719108
3300,2683,2615,31.735961960186884,787483.797265939
3301,2682,2684,1.6536376095909122,55118.0872563242
3302,2680,2685,2.887927939721088,535889.002126441
3303,2685,2681,1.2927631471096321,0.0
3304,2686,2625,32.21023822803072,190024.086274062
3305,2687,2590,40.124824632161285,1288887.98364189
3306,2673,2688,23.681342205480963,955798.771073516
3307,2688,2647,18.86235759948672,0.0
3308,2689,2680,16.335941811932162,0.0
3309,2631,2690,40.308217636896,93663.4402662915
3310,2639,2691,30.114980745442566,1121429.43124233
3311,2692,2597,40.40376414877441,385617.675584231
3312,2693,2654,30.571721778090247,0.0
3313,2694,2638,28.59691830259968,316690.523827003
3314,2688,2695,19.250082976861442,803179.842258336
3315,2696,2651,21.15724625511552,15367.5592128202
3316,2696,2666,18.44832520916352,0.0
3317,2697,2657,19.89449051458176,166266.004847843
3318,2695,2694,19.266146112913923,811252.778248012
3319,2698,2656,22.446932162688,759803.126072672
3320,2685,2699,9.082439713176193,206439.730272634
3321,2694,2700,21.347009912448,888788.987141539
3322,2701,2702,12.96541825988429,0.0
3323,2703,2704,4.731134537175552,0.0
3324,2705,2682,21.63824064902016,256538.626004691
3325,2706,2675,15.772640562417024,0.0
3326,2707,2652,29.213039334251523,366521.169331284
3327,2708,2645,26.214806324298245,175359.56352439
3328,2709,2635,30.963695694877444,114443.576700417
3329,2710,2678,19.464413383008,0.0
3330,2710,2701,12.737149766313985,0.0
3331,2708,2705,20.605178192924164,218826.885254119
3332,2677,2711,17.845345597812482,0.0
3333,2712,2708,3.220491926564352,52631.0843060202
3334,2713,2646,32.098267217998085,130105.423355067
3335,2701,2714,4.263473326565376,0.0
3336,2715,2699,5.814285295382785,137258.759539127
3337,2715,2710,3.4434329073027845,0.0
3338,2704,2716,21.65349896823168,0.0
3339,2701,2714,4.94930744846208,0.0
3340,2717,2689,17.79351424418304,0.0
3341,2718,2715,2.191040840013696,0.0
3342,2719,2649,31.300925635077125,1346346.18260065
3343,2720,2688,18.65731938466176,0.0
3344,2721,2648,32.164492850138885,452345.655238631
3345,2717,2722,14.43034207574784,45698.3023247744
3346,2723,2717,32.502509743461125,1131757.24667936
3347,2724,2703,5.870993004784512,0.0
3348,2725,2626,41.75464120983936,595405.160127797
3349,2726,2696,8.44810643071296,6392.02970876769
3350,2726,2698,20.24636331256704,692977.969213684
3351,2715,2727,3.5676490183234564,86165.6218878891
3352,2728,2729,3.386004602859648,0.0
3353,2730,2711,4.9901898554956805,0.0
3354,2731,2724,14.87615377165632,0.0
3355,2702,2728,13.713446027837952,0.0
3356,2728,2731,5.280035397500161,0.0
3357,2724,2732,4.785312082611456,0.0
3358,2732,2704,9.24649163298432,0.0
3359,2700,2723,34.76319298328448,1371298.58958428
3360,2655,2733,42.237892837451525,43731.4071638389
3361,2734,2714,5.265818101767168,0.0
3362,2735,2727,2.0206430692081923,0.0
3363,2736,2679,19.6109903423808,39767.7367693801
3364,2737,2731,2.5592614686144,0.0
3365,2738,2724,3.647085610519296,0.0
3366,2739,2740,41.67949852446336,52494.7806051512
3367,2737,2738,14.105898619857792,0.0
3368,2741,2732,3.20821675498368,0.0
3369,2738,2741,5.071757555500416,0.0
3370,2742,2743,39.135422503964165,8538.04096491484
3371,2741,2744,2.497022920250496,0.0
3372,2745,2685,21.21370876969344,3263835.68512047
3373,2713,2746,17.76305668477824,0.0
3374,2747,2727,5.1638809926908165,127293.630617727
3375,2748,2734,3.363958360338048,0.0
3376,2749,2730,9.249491551588992,0.0
3377,2750,2735,4.998782925252865,0.0
3378,2750,2747,0.8395072100490242,0.0
3379,2746,2751,0.844499116720512,0.0
3380,2752,2744,1.3338694332057601,0.0
3381,2722,2753,15.223345749165315,53760.9719657167
3382,2753,2745,6.784340409830017,25842.4336000341
3383,2754,2746,1.8746107472505602,0.0
3384,2754,2751,2.131163422996608,5334.98870597081
3385,2755,2728,5.947579252416385,0.0
3386,2756,2650,35.27925977879424,70867.228055915
3387,2757,2684,33.144686537276165,859965.183174364
3388,2745,2750,7.952190928273153,31768.082320272
3389,2758,2759,29.224128261588483,93158.1439094367
3390,2760,2694,16.5935312560512,207956.923916441
3391,2761,2713,10.09680448398336,1447.92880429898
3392,2761,2754,8.451861646643712,19819.2154760591
3393,2762,2753,1.452020826313728,0.0
3394,2763,2697,19.2968510606784,150417.798847845
3395,2717,2764,13.418455200632065,370050.038860412
3396,2765,2737,4.336105480363008,0.0
3397,2766,2748,2.116935339830784,0.0
3398,2743,2767,38.71013634119808,13152.8315059165
3399,2755,2768,6.213894627295873,0.0
3400,2732,2769,21.073528212422403,0.0
3401,2769,2716,10.211442436128385,0.0
3402,2747,2770,12.205168100395776,0.0
3403,2770,2766,3.385126539945216,0.0
3404,2771,2706,15.15334529445581,0.0
3405,2772,2773,33.8303822459328,45602.6020460122
3406,2774,2734,11.143969079202433,0.0
3407,2750,2775,4.3414371050688,18009.0467785034
3408,2747,2775,4.136935416565248,104138.110431318
3409,2744,2776,18.32588581874688,0.0
3410,2776,2769,1.1027551334215682,0.0
3411,2775,2770,6.621686935928064,0.0
3412,2777,2762,3.642170183093376,0.0
3413,2774,2778,7.065887958518401,0.0
3414,2778,2755,3.3358571959806724,0.0
3415,2779,2772,33.89522039823744,60472.6529734442
3416,2780,2774,2.97511687554048,0.0
3417,2781,2712,23.030001694275843,305204.223794193
3418,2781,2712,19.785944220768002,305204.223794193
3419,2778,2782,0.774787676053248,0.0
3420,2782,2755,3.3675803901780483,0.0
3421,2768,2783,2.865358064942208,0.0
3422,2783,2765,2.5401693041429763,0.0
3423,2782,2784,5.804520484790016,0.0
3424,2784,2768,2.472667578082944,0.0
3425,2785,2776,1.319130133871616,0.0
3426,2769,2786,9.486292098248065,0.0
3427,2786,2787,3.617688974131584,0.0
3428,2775,2788,1.3498024232183041,40080.8120322971
3429,2789,2780,2.133723372701184,0.0
3430,2751,2790,15.78146156034624,43678.3613782267
3431,2791,2670,31.52577144663936,183220.8127518
3432,2784,2792,2.5534070066672645,0.0
3433,2792,2783,1.528636399411968,0.0
3434,2793,2794,4.87577408294592,0.0
3435,2794,2788,0.7986391116929281,23829.2953305543
3436,2780,2795,5.1608000017728,0.0
3437,2795,2774,3.814352444415744,0.0
3438,2796,2738,9.294030286801922,0.0
3439,2797,2796,0.277907228653824,0.0
3440,2790,2771,15.834905755080191,50956.3046037179
3441,2798,2726,16.164111927744003,412110.875966424
3442,2765,2799,9.575438939447041,0.0
3443,2799,2797,0.232436221383168,0.0
3444,2800,2683,29.34544844981376,852587.815038208
3445,2785,2786,9.553650982153345,0.0
3446,2801,2778,2.168108392906368,0.0
3447,2795,2801,3.9779671118964486,0.0
3448,2802,2745,6.998379962454145,993018.7537284
3449,2802,2793,3.7590085446186245,0.0
3450,2803,2804,0.657593604442368,0.0
3451,2805,2761,5.78911886315136,13395.74015046
3452,2801,2806,1.291795625590272,0.0
3453,2806,2782,2.500446081843072,0.0
3454,2807,2713,18.860736233687042,56338.3752998155
3455,2807,2805,3.341056698372096,6665.08445775025
3456,2808,2795,1.6457850344136962,0.0
3457,2809,2676,34.33752207464832,116459.48783506
3458,2810,2791,2.161864398900096,13626.7693080137
3459,2796,2811,4.527562569919488,0.0
3460,2811,2741,9.206824205031554,0.0
3461,2759,2807,28.79624617867008,189162.094706453
3462,2808,2801,5.237173558501632,0.0
3463,2786,2812,11.725631833310208,0.0
3464,2812,2813,2.4237454420396802,0.0
3465,2814,2707,27.770888666188803,341245.601107231
3466,2814,2720,20.117730731915522,0.0
3467,2815,2803,3.484816428652416,0.0
3468,2812,2816,2.757518409938688,0.0
3469,2788,2817,6.969302140331521,0.0
3470,2817,2815,0.9829703945571842,0.0
3471,2818,2739,42.7120345802304,39408.7069687064
3472,2783,2799,13.415786631472896,0.0
3473,2691,2819,30.516640917523205,1078041.59913409
3474,2820,2821,6.069964498063488,0.0
3475,2792,2820,11.480903666153857,0.0
3476,2822,2823,11.254430287989504,0.0
3477,2823,2686,31.30565012188416,155311.257429434
3478,2819,2824,21.35725554352896,0.0
3479,2825,2817,1.0169597671960322,0.0
3480,2825,2815,1.1989109976560641,0.0
3481,2826,2784,5.2628375966791685,0.0
3482,2690,2827,39.472765854635526,90242.7571445971
3483,2826,2792,6.053361660453889,0.0
3484,2828,2806,3.3088656035001605,0.0
3485,2828,2826,2.822511606444288,0.0
3486,2829,2726,15.557583191445506,154718.082715609
3487,2830,2742,40.94032919099904,16293.4641263032
3488,2831,2752,9.647774206291585,0.0
3489,2811,2831,7.534788668174593,0.0
3490,2831,2832,1.0129413028204801,0.0
3491,2833,2693,34.49370519226368,0.0
3492,2834,2835,18.08832491820288,0.0
3493,2821,2836,6.083255040179329,0.0
3494,2836,2831,0.512852295022848,0.0
3495,2836,2832,1.1221635806599681,0.0
3496,2824,2837,21.444484450625282,0.0
3497,2837,2834,17.59743021015936,0.0
3498,2838,2808,5.454162044103168,0.0
3499,2794,2839,6.903826497900288,209486.744200486
3500,2839,2825,2.5418618657118723,0.0
3501,2816,2840,12.730581468570241,0.0
3502,2840,2841,7.026962391478657,0.0
3503,2832,2842,17.37965281447296,0.0
3504,2842,2785,6.683631978570624,0.0
3505,2843,2758,34.87493918405376,14160.9733229407
3506,2740,2844,42.4868857452864,63026.0074746203
3507,2845,2684,31.14927053555328,243935.836898719
3508,2764,2846,13.61872536531725,334817.482049115
3509,2846,2777,10.741140748685952,0.0
3510,2847,2674,38.623939361568,107040.466502445
3511,2842,2848,19.3504222600128,0.0
3512,2848,2812,5.472247472169984,0.0
3513,2849,2826,4.8243178818869765,0.0
3514,2850,2851,14.749637346398591,22110.0221704183
3515,2852,2853,41.120415959420164,66461.9279144042
3516,2853,2850,41.061333625931525,64198.4431462712
3517,2838,2854,3.2881693109126404,0.0
3518,2773,2843,35.31048539762304,30286.433286299
3519,2855,2793,9.752739102982657,0.0
3520,2855,2839,5.227874255488896,0.0
3521,2848,2856,2.917833138468864,0.0
3522,2856,2816,4.976186552625024,0.0
3523,2857,2687,37.226217869406725,1258510.1081492
3524,2844,2852,41.41118965838976,65838.9222513004
3525,2832,2842,20.03920267878144,0.0
3526,2858,2823,5.1768990181497605,22676.750210804
3527,2771,2859,16.916452792335363,61689.5293025686
3528,2854,2860,4.310271204167808,0.0
3529,2860,2828,4.60251346655232,0.0
3530,2860,2849,2.08058652565632,0.0
3531,2861,2857,14.550202494013826,319824.155301154
3532,2862,2736,19.32361062115968,39715.8251971992
3533,2862,2798,15.661634064430464,395923.393656784
3534,2839,2863,5.66600833605312,176481.437811884
3535,2863,2825,5.989960216209025,0.0
3536,2864,2807,10.911865214714114,47412.2814196151
3537,2864,2805,9.224235921466368,2055.61662790135
3538,2865,2854,1.577958071196672,0.0
3539,2866,2860,3.251152810490112,0.0
3540,2860,2867,1.4068195515348483,0.0
3541,2867,2849,1.9364348814877441,0.0
3542,2865,2868,0.406740784184064,0.0
3543,2868,2866,0.299463781592448,0.0
3544,2869,2865,0.206918084723328,0.0
3545,2869,2868,0.327077861894784,0.0
3546,2821,2870,22.40298485656704,0.0
3547,2871,2809,9.75033491685581,32740.2819485351
3548,2809,2871,10.030599586630657,32740.2819485351
3549,2856,2872,11.519586693787394,0.0
3550,2872,2840,4.774469367203713,0.0
3551,2873,2838,5.471084973796993,0.0
3552,2873,2869,4.124422089431424,0.0
3553,2763,2874,22.3556129951616,157760.350083223
3554,2875,2863,1.240946325856512,39183.3952151068
3555,2875,2876,1.0097457620152321,32021.1986585619
3556,2877,2802,11.44136142585216,1530216.96326218
3557,2877,2855,5.6068777817902085,0.0
3558,2878,2873,3.253678558416,105800.071090763
3559,2840,2879,16.793016091441924,0.0
3560,2880,2878,1.170556104123648,37765.3809521745
3561,2876,2880,3.550884309675648,113574.68056991
3562,2881,2802,18.767832441684483,0.0
3563,2882,2861,14.910604902103682,314990.159384879
3564,2883,2848,4.818120216066432,0.0
3565,2860,2884,3.8338552394461445,0.0
3566,2884,2867,2.7738981715484163,0.0
3567,2870,2883,21.912903575354882,0.0
3568,2851,2885,15.733462122373247,47103.5286670232
3569,2885,2886,5.361751448444161,0.0
3570,2887,2846,6.6399259227713285,147941.414185654
3571,2887,2881,4.299146245228033,0.0
3572,2888,2875,2.1612282992467198,0.0
3573,2883,2889,3.87929409202368,0.0
3574,2889,2856,5.08936931661312,0.0
3575,2890,2814,20.37689250512256,239165.98996724
3576,2891,2781,35.660259643219206,288373.556396751
3577,2892,2709,30.123602274839044,117612.103455892
3578,2767,2893,40.18817140538112,31503.7073386794
3579,2888,2880,4.801695985063296,0.0
3580,2894,2895,0.13204231387776,0.0
3581,2895,2877,2.639159987599872,336414.156843396
3582,2896,2779,36.929566427719685,78172.8511574241
3583,2897,2692,38.7347513864256,355725.624775249
3584,2898,2882,22.6940454854784,388367.520482256
3585,2899,2835,17.5035803652864,0.0
3586,2900,2855,7.741888893623808,0.0
3587,2901,2884,3.946039117409664,0.0
3588,2901,2884,3.1357763609610245,0.0
3589,2902,2719,31.7081390256576,1440185.57873807
3590,2895,2903,3.7911520721099525,472394.419343572
3591,2903,2900,0.42361685943667204,0.0
3592,2904,2760,21.993400693059844,297507.355015599
3593,2879,2905,16.53981206144256,0.0
3594,2906,2901,0.585487558073088,0.0
3595,2889,2907,12.475304098164866,0.0
3596,2907,2872,6.435156230211456,0.0
3597,2908,2749,23.27414006421504,0.0
3598,2903,2909,2.5004986752049922,304581.858713832
3599,2909,2888,10.408135526388865,0.0
3600,2858,2910,21.567223967604484,11502.5976202585
3601,2827,2911,36.219090539047684,73378.2244286843
3602,2912,2862,14.038922124133633,382782.045730337
3603,2819,2913,26.55810951032448,921969.651848621
3604,2914,2894,3.7490753982528,0.0
3605,2914,2909,5.7771122379759365,0.0
3606,2881,2914,19.06197964754688,0.0
3607,2915,2857,18.237763999319043,716727.950075816
3608,2885,2916,23.25714154524288,84087.2182192956
3609,2917,2829,15.38020604172096,164749.947648374
3610,2918,2907,2.832121372836096,0.0
3611,2872,2919,17.56810541971584,0.0
3612,2920,2908,10.29658441190861,3010.71657727411
3613,2921,2887,35.90547517928449,663786.948820828
3614,2922,2920,2.2430583883065602,725.192361329908
3615,2923,2883,10.463076695896705,0.0
3616,2924,2866,10.954339991996545,0.0
3617,2907,2919,14.81864194386893,0.0
3618,2733,2925,41.75775315005185,38914.1389981298
3619,2926,2721,34.01725272118272,423487.682528179
3620,2927,2858,12.595560791641345,44567.4401515295
3621,2928,2873,11.782359587091456,392781.736580096
3622,2928,2924,1.461397043094912,49710.5284517184
3623,2911,2929,17.295367542393603,29954.4548302905
3624,2930,2889,7.910174305478017,0.0
3625,2924,2931,3.7598581543311362,128833.256338819
3626,2931,2906,5.243728719170305,0.0
3627,2910,2932,6.407655298057728,2928.7652459129
3628,2932,2922,20.90037255064704,8018.59229239839
3629,2919,2933,5.995905039603072,0.0
3630,2934,2800,28.543504352267522,913212.28088658
3631,2935,2830,39.837484774391044,25168.1052614767
3632,2936,2912,13.452314885894017,367212.392492479
3633,2874,2937,21.9801068517888,135468.10321622
3634,2938,2924,3.8939824298707197,0.0
3635,2908,2939,9.28514872764864,2290.3721990029
3636,2939,2936,0.6363947169423361,16509.7365998646
3637,2940,2725,39.21368932838016,587343.084059678
3638,2940,2941,15.002884556706817,28399.0609092368
3639,2942,2818,43.999406412065284,24234.5517375981
3640,2859,2943,18.46424667466368,74762.1806031587
3641,2944,2757,35.24820684257664,876284.166970837
3642,2945,2878,15.723120444033025,0.0
3643,2901,2946,18.17674185913344,0.0
3644,2947,2938,3.9445046159523844,0.0
3645,2947,2938,3.9004747891084803,0.0
3646,2948,2862,18.442813769233922,0.0
3647,2949,2950,0.41563587792038403,0.0
3648,2949,2921,36.470436517025284,884879.37981325
3649,2951,2934,23.19547996440576,894890.676766163
3650,2952,2833,33.932980146827525,0.0
3651,2953,2756,34.65814490443008,70155.023871585
3652,2937,2954,16.352836399468803,232202.889207326
3653,2955,2898,23.86177031576448,408341.431498941
3654,2956,2949,13.153534135644673,361789.004857695
3655,2957,2871,28.586347358722563,96458.6764284724
3656,2958,2931,12.748284893089153,446068.396056297
3657,2958,2946,5.325710710991616,0.0
3658,2959,2864,23.968913567385602,142594.367939355
3659,2960,2887,21.45232235824128,700234.948367668
3660,2961,2958,0.532499795828352,69259.5917686481
3661,2962,2927,12.18170060756352,39197.8147024774
3662,2963,2937,38.4895911635136,410532.422699512
3663,2964,2962,0.14594946649113602,447.190061725854
3664,2925,2935,39.039622971022084,31964.8851851087
3665,2965,2958,1.9457392764648962,182092.72938197
3666,2929,2966,18.5342943056832,27673.875077673
3667,2967,2915,18.6511614068736,731026.835842664
3668,2967,2951,4.296560069653633,169553.316302042
3669,2968,2948,4.096934178480001,0.0
3670,2913,2969,26.61644282292864,882176.671161465
3671,2965,2970,0.860450981119488,0.0
3672,2971,2908,15.088746723583105,0.0
3673,2971,2939,11.770745265265537,303916.530761602
3674,2893,2972,41.398971486554885,56325.1679070462
3675,2973,2974,0.505537562610432,1880.71593879589
3676,2973,2974,0.28146707183232,1880.71593879589
3677,2974,2964,5.793611794324993,0.0
3678,2961,2975,4.397076530313984,581008.671711744
3679,2976,2977,25.47297989951616,1035814.7445721
3680,2978,2899,18.70836927303168,0.0
3681,2979,2891,37.55256001808256,285030.303925102
3682,2978,2973,7.985003141415167,53648.1036348405
3683,2946,2980,13.138848189282816,0.0
3684,2977,2981,25.64035867616256,1160459.61774647
3685,2981,2890,22.91310137622528,252395.934965261
3686,2982,2810,34.019443183207684,215369.125105043
3687,2969,2978,19.97337484429056,135888.045555212
3688,2983,2976,25.8731581071744,907187.17058858
3689,2984,2947,7.953567096030337,0.0
3690,2984,2965,8.198223188715648,734930.642180375
3691,2954,2985,16.0347153737929,237819.360196113
3692,2986,2917,16.5018027518784,189364.656824042
3693,2987,2928,14.706837443003904,0.0
3694,2988,2984,1.261623272519808,108440.833319733
3695,2987,2988,1.1485352634877442,97637.5964171478
3696,2989,2955,16.021846487851775,270982.816657247
3697,2990,2974,2.7820610652637443,18546.8118834677
3698,2991,2989,0.259273257293952,4350.62011009628
3699,2981,2992,14.032699077348864,546835.367965674
3700,2993,2964,4.158926796549888,12526.8661648911
3701,2990,2993,5.143705783159681,34072.028531845
3702,2941,2994,16.57199786318208,29230.8708237901
3703,2994,2991,0.7593254497382401,12734.1619591468
3704,2995,2909,20.43926557694208,2285760.65611056
3705,2992,2996,14.096777139700993,553071.107850193
3706,2996,2904,22.165724935537924,317737.635866067
3707,2985,2997,27.437624809436162,407359.16509863
3708,2998,2994,4.181808893720832,47932.637875143
3709,2999,2956,13.947102775710722,402296.303460177
3710,2916,3000,25.32522876276096,113568.419317445
3711,3001,2943,34.12517196629376,4783.86926108335
3712,2997,2983,27.20019909378816,450909.145141232
3713,3002,2896,41.5811763126144,94625.4801577984
3714,3003,2999,12.954136649008895,386743.406186346
3715,3004,2936,14.665559237125633,25425.6322782757
3716,2996,3003,13.05997917731021,398349.319123017
3717,3005,2845,31.668048834301445,268631.812490234
3718,2995,3006,3.897721264288896,396114.541425509
3719,3007,2975,14.643376303362048,2048452.77967098
3720,3008,2945,15.062241474859393,0.0
3721,3008,2987,15.513240071995776,1217921.53459961
3722,3006,3008,4.180132203502464,296360.071424221
3723,2980,3009,13.125787747953408,0.0
3724,3010,2942,43.12232012803968,11533.2957500695
3725,3011,2971,12.032313638615426,312173.703333151
3726,3012,3011,28.82337057743616,170069.037787571
3727,2993,3012,29.546748625236486,190586.231060817
3728,3013,2966,40.94715583512576,0.0
3729,3014,2847,37.27785468553344,123258.732087102
3730,3015,2963,38.184135773287686,379868.496700365
3731,3016,3014,33.88237770436992,88046.3153016616
3732,3017,3002,39.0039865104384,85226.3076646522
3733,3018,2998,15.852900583517185,175934.346897891
3734,2966,3019,42.53317427677825,44708.6124332475
3735,2972,3017,38.95026562601856,72619.203399953
3736,3020,2940,20.64783985849728,268926.117799584
3737,3020,3018,0.67104485243136,7240.87115692127
3738,3021,2960,20.881383804230403,513199.693038311
3739,3021,3006,11.426091688344961,1836373.99610014
3740,3022,2978,9.475789829907457,0.0
3741,3022,2990,11.42084768437325,0.0
3742,3011,3023,7.695884002574592,78925.4612815697
3743,3023,3024,0.16360206148915202,529.557837477231
3744,3024,3004,12.2970192703776,54517.8720253796
3745,3023,3025,0.44426988320140803,3073.41349919028
3746,3025,3024,0.30128271689894404,477.262403999744
3747,3019,3026,42.06610653429888,21078.4669640495
3748,3027,3013,40.493841803965445,0.0
3749,3026,3010,41.78009639700864,8856.86450112858
3750,3028,3007,13.498526688691967,2033274.34987967
3751,3028,3009,4.115082906874368,0.0
3752,3029,2892,30.9860850334464,122291.78293465
3753,3030,3025,6.852464387138304,59210.2681972118
3754,3031,3015,36.82774733666688,428559.032418427
3755,3014,3032,40.882997260512006,0.0
3756,3033,2969,17.30551516442496,429058.453651755
3757,3034,3020,9.595225012817664,168470.146649408
3758,3009,3035,22.017661602140162,0.0
3759,3034,2994,18.54178203613824,66448.9694820279
3760,3036,2902,33.45674033446272,1527438.21658183
3761,3037,3020,32.648064882048004,428504.770979851
3762,3038,2968,19.63562029013376,0.0
3763,3039,2957,29.03670380185344,105343.01773686
3764,3030,3038,20.510633095349764,163720.248608812
3765,3038,3040,12.197048232492289,101979.84884426
3766,3041,2959,23.56070622985728,184824.462908559
3767,3041,3001,33.48452878075008,8832.40117348554
3768,3042,2985,25.82135041090176,24298.4045598541
3769,3043,3031,36.41906971663489,479238.53309059
3770,3044,2988,16.81057351949184,0.0
3771,3032,3045,41.022517729248,0.0
3772,3028,3046,13.585152214098434,2171472.50520005
3773,3047,2944,33.99308697261312,760520.757081187
3774,3040,3048,12.205636628714498,105163.78796073
3775,3048,2986,16.684415240866564,203731.373774097
3776,3049,3043,36.6108359772672,501314.375054837
3777,2943,3050,42.372846293690884,193628.325238688
3778,3048,3049,35.745945221606405,471445.279776101
3779,3051,3008,12.83879077701581,0.0
3780,3052,2981,23.68210133304576,203419.556996704
3781,2996,3053,20.38157324995968,129403.866798605
3782,3054,2999,19.30213685448576,0.0
3783,3045,3055,40.43753101833984,0.0
3784,3055,3027,41.16083960685312,0.0
3785,3056,2952,34.50933845644032,0.0
3786,3000,3057,25.2027807140736,136676.142439094
3787,3058,2970,22.74523416367488,0.0
3788,3057,3059,11.648538669677183,55901.8468280997
3789,3060,3030,9.420541502613121,10410.4313451711
3790,3033,3061,16.119805625256962,326229.908902637
3791,3061,3022,12.607834308816384,0.0
3792,3062,2926,34.74531494172288,349012.640058011
3793,3059,3063,5.11816623417792,26147.9625456783
3794,3063,3062,4.79007134895168,50787.962389976
3795,3064,3042,24.18029214695424,57238.841936089
3796,3065,2897,40.323564824083206,325423.683710368
3797,3066,3035,8.973157118732928,0.0
3798,3035,3067,15.019630344297216,0.0
3799,3046,3066,13.629973868767873,2285310.48841857
3800,3068,2983,24.96754946771712,108038.505898344
3801,3069,3011,26.85883959297792,827106.515898844
3802,3061,3070,4.816611488253312,92719.2384672871
3803,3071,3072,0.6871406581670401,34228.7588235098
3804,3071,3072,1.11437419154688,34228.7588235098
3805,3072,3069,24.34948465428864,749316.63740146
3806,3070,3073,7.173430903596673,229294.064864271
3807,3073,2993,23.183305486260483,61126.3257535112
3808,3073,3071,10.951158812977154,335939.653674626
3809,3074,3063,3.8200868734406406,19383.3562029094
3810,3074,3059,8.16391780046093,0.0
3811,3064,3068,21.392828966108162,71105.8525298564
3812,3075,2953,34.40555583696,66648.4957971895
3813,3076,3037,33.066754440318725,488347.842003439
3814,3077,3060,9.133900520177665,0.0
3815,3078,3061,5.261504409672193,0.0
3816,3078,3070,4.97362546511424,163563.047701246
3817,3079,2967,28.234773319357444,1601525.88968645
3818,3080,3077,8.901762172275456,0.0
3819,3081,3016,37.178121272117764,94770.6810011626
3820,3067,3082,14.880887711750017,0.0
3821,3083,3082,0.30089487143232,0.0
3822,3083,3084,24.56210881783296,0.0
3823,3070,3085,8.574685827992063,83391.2402020112
3824,3085,3073,5.247809883588096,5174.12660195695
3825,3086,3051,12.597188243980034,0.0
3826,3087,3021,23.0014240739712,699600.732562909
3827,3050,3088,40.11005181984768,190265.345828076
3828,3089,3087,0.6366292917050881,16989.6600039098
3829,3084,3090,24.543931293446402,0.0
3830,3091,3087,1.4841818618584321,9022.56986126379
3831,3091,3089,1.1171517454817281,0.0
3832,3087,3086,9.894497501344897,0.0
3833,3086,3092,23.07162967819776,0.0
3834,3092,3044,17.216133115991042,0.0
3835,3093,3033,19.20536785271808,65835.7194561601
3836,3093,3078,16.7209545273408,593020.603246845
3837,3094,3057,14.734431298680194,18884.0562380349
3838,3095,2982,35.02105192814976,222205.719945785
3839,3095,3076,32.84939391300864,527012.16677656
3840,3096,3085,5.582298216160512,62932.7657699188
3841,3096,3071,16.374221443008004,0.0
3842,3062,3097,19.06080783590016,42633.6945949586
3843,3098,3080,17.1418422403008,0.0
3844,3099,3094,12.054164865659136,96185.9828338359
3845,3074,3099,13.411734002333569,61559.1266710422
3846,3100,3052,22.71979130408064,207421.228249097
3847,3053,3100,20.07231312911616,134350.543421802
3848,3066,3101,23.51408192483328,4125536.43354107
3849,3102,3096,0.56158157049984,6376.23243813878
3850,3102,3096,0.5531959178254081,6376.23243813878
3851,3088,3103,38.43335809310976,169672.759536052
3852,3104,3005,31.517265612983042,277788.457241028
3853,3105,3106,36.508117954936324,104855.899932314
3854,3107,3104,14.10658192157069,216246.62084371
3855,3108,3054,19.33726799714688,0.0
3856,3090,3109,17.0730950075136,0.0
3857,3109,3110,15.156266348767106,0.0
3858,3104,3111,25.173334305504003,366628.645352762
3859,3111,3112,25.073017263486722,334218.151216209
3860,3113,3093,16.46646752830464,712210.063400807
3861,3114,3113,1.2554982267379202,52630.5886604689
3862,3114,3113,1.157338621397376,52630.5886604689
3863,3115,3048,20.46118405364352,314437.299242232
3864,3116,3066,19.40452822826496,0.0
3865,3117,3118,37.637157567271686,2262243.73292688
3866,3119,3117,37.3805362079424,2415221.41475875
3867,3120,3098,16.28850153731328,0.0
3868,3121,3014,32.530142421342724,30712.9034623417
3869,3118,3122,1.394283975220224,82874.4599854028
3870,3118,3122,1.468754938113408,82874.4599854028
3871,3123,3058,21.46548358956672,0.0
3872,3124,3120,12.871709575401601,0.0
3873,3122,3114,13.325631153234049,629235.113441837
3874,3125,3095,30.36441841158528,546269.070798653
3875,3126,3127,6.97031214048576,0.0
3876,3128,3127,20.32417369483776,0.0
3877,3129,3091,21.3656527142784,159128.497957113
3878,3130,3102,4.719455712842112,55429.4998883116
3879,3131,3132,21.419822621767683,0.0
3880,3131,3107,14.330109754426754,225572.072504346
3881,3133,3131,27.3561134831424,440210.060178702
3882,3083,3134,14.900104553710465,0.0
3883,3135,3078,15.003733868690688,0.0
3884,3108,3105,37.668752208679685,92684.6174798318
3885,3136,3089,12.097974193062912,328989.258494959
3886,3110,3137,15.739578711052417,0.0
3887,3137,3126,2.3022049169180163,0.0
3888,3138,3039,34.456592061999366,132031.497992434
3889,3139,3081,36.73102223780352,83620.6183394628
3890,3140,3133,27.546135955176965,443601.047422326
3891,3141,3142,4.106232137690496,0.0
3892,3123,3142,17.552988481374722,59831.3581719595
3893,3143,3135,3.95064237877056,0.0
3894,3144,3029,31.095962447869443,118504.012299739
3895,3145,3093,9.919172575103618,0.0
3896,3142,3146,0.38665328068224003,0.0
3897,3147,3130,3.85516458588096,0.0
3898,3135,3148,6.1190545932933125,0.0
3899,3113,3145,16.156539062991364,0.0
3900,3148,3147,3.93936862632192,0.0
3901,3149,3100,12.299274466655616,26522.179461295
3902,3149,3108,6.697178811937153,15055.5121246151
3903,3145,3143,11.053098669203711,0.0
3904,3150,3148,0.8140974482234881,0.0
3905,3147,3151,2.187311898233088,0.0
3906,3151,3130,3.396256174029312,41037.1435270797
3907,3151,3124,13.401189207077762,0.0
3908,3152,3092,13.630306727778049,0.0
3909,3153,2979,44.91693913183489,304197.080493286
3910,3153,3140,27.488635478092803,427815.873746178
3911,3154,3125,30.322127184814086,566490.605606845
3912,3106,3155,37.333795820935684,122567.602231015
3913,3155,3129,6.446638310631552,59359.6136884574
3914,3142,3156,19.465634247459842,64642.5221655149
3915,3145,3157,12.707200003221505,0.0
3916,3157,3143,5.358111955612416,0.0
3917,3158,3034,33.14844285882624,771736.717961991
3918,3159,3041,34.77591903189888,360107.791371225
3919,3160,3153,15.209915052499202,135051.326714846
3920,3161,3090,23.00194834996608,0.0
3921,3122,3162,22.72711304679552,172099.29268061
3922,3163,3036,34.04718507117312,1480882.88204088
3923,3163,3154,30.25990527867648,557296.460457396
3924,3164,3165,0.48405887295321604,3865.35504907622
3925,3164,3165,0.502014288555648,3865.35504907622
3926,3165,3157,1.4806285671006723,0.0
3927,3162,3164,21.309398545374723,163570.739634562
3928,3166,3165,0.369534453590016,2845.45661711021
3929,3167,3160,13.162568535806976,103087.107823214
3930,3168,3135,8.38587133600128,0.0
3931,3169,3150,9.274895930158849,0.0
3932,3165,3168,2.7269802352742403,0.0
3933,3168,3169,1.0740969493562882,0.0
3934,3170,3149,9.827050188814848,0.0
3935,3112,3171,26.78006168918784,315750.463719691
3936,3171,3047,36.40478955670656,707102.348521049
3937,3172,3095,16.052590521753984,78798.0267758708
3938,3173,3137,14.981457517335937,0.0
3939,3100,3170,18.972810547511042,268519.437160849
3940,3174,3099,15.79605935649984,114947.114895556
3941,3175,3123,13.324135467544703,45893.9882147955
3942,3166,3176,2.5607417303508484,19720.9084604789
3943,3176,3168,2.5551012966716162,0.0
3944,3177,3178,38.845801626382084,392772.494980041
3945,3179,3177,38.850782787463686,384944.394206483
3946,3097,3180,19.79721402227712,47180.7484526751
3947,3181,3180,13.488042280851072,75600.3374420073
3948,3174,3181,13.574005731792003,69557.0213208311
3949,3180,3179,38.86387206501888,348299.496662926
3950,3155,3182,13.981602957353857,50105.9391278491
3951,3183,3136,12.546951608632321,352261.471914701
3952,3101,3184,24.745988810062084,4466049.02965405
3953,3134,3184,15.363628089397633,0.0
3954,3182,3183,13.625709469270273,49927.3491242582
3955,3185,3186,3.259932528745728,0.0
3956,3103,3187,39.949020810927365,145045.617342696
3957,3188,3119,38.4312121294464,2489484.87935107
3958,3189,3079,28.384942077043203,1552795.8615087
3959,3183,3190,13.314326577019777,45033.0528593238
3960,3191,3128,22.76239245831936,0.0
3961,3191,3186,15.558489590079745,0.0
3962,3192,3184,1.18158371223552,213747.411204299
3963,3193,3060,34.467807548148485,48594.2644182328
3964,3194,3153,10.826218831900032,171733.582222377
3965,3192,3195,0.9062620910576641,163881.8113002
3966,3195,3196,1.70400523588416,0.0
3967,3171,3197,22.176015145447682,204531.207950454
3968,3198,3191,1.024299170851968,0.0
3969,3190,3199,13.335430728875906,45709.6825678112
3970,3199,3152,13.590398744740224,0.0
3971,3200,3192,0.8517270636483841,0.0
3972,3200,3195,0.8013712805176321,296.156228549974
3973,3201,3109,21.93091512809472,0.0
3974,3201,3173,14.55139781173901,0.0
3975,3199,3175,12.016244642941441,41425.1550098126
3976,3137,3202,22.63241741118336,0.0
3977,3156,3203,19.708876792154882,62670.3067289201
3978,3203,3116,20.09070739995264,0.0
3979,3203,3204,10.362962239711488,31511.1091143747
3980,3205,3203,0.682794418699008,0.0
3981,3204,3206,2.898804193857792,8611.45329701567
3982,3206,3200,12.778506908906113,5282.35525345411
3983,3207,3205,0.321909931613952,0.0
3984,3187,3208,37.828444790568966,96784.7168638344
3985,3197,3209,18.86490519103872,186475.958816366
3986,3209,3075,35.189960515015684,61808.6914239821
3987,3210,3189,5.633581741045632,269550.53974957
3988,3210,3188,11.06673116795136,355099.988696319
3989,3211,3163,11.318843892128257,663573.759984956
3990,3212,3155,22.528697330810882,252817.522944977
3991,3213,3144,17.34190355880576,62357.3619969012
3992,3213,3211,15.105385380362113,1337933.34472898
3993,3214,3213,8.65052056991232,734023.742393145
3994,3215,3214,8.174206314122113,648887.046628166
3995,3216,3198,5.772497564756736,0.0
3996,3209,3215,5.995165632939648,59733.5680577166
3997,3217,3201,25.487231831550723,426278.327036529
3998,3218,3139,37.1534704028928,67312.8460880012
3999,3211,3219,6.846252877740672,397032.188255886
4000,3219,3220,26.7481227930048,828970.820924356
4001,3221,3151,20.1767285909376,263676.101012687
4002,3222,3189,11.31320625709824,125159.100316287
4003,3222,3210,9.800280240018049,242151.396305597
4004,3178,3223,39.80420880302592,380580.306246621
4005,3223,3065,40.68894680966016,262454.235331924
4006,3221,3224,0.45930954406233604,9910.44414308878
4007,3225,3160,16.001581353005953,0.0
4008,3225,3194,20.090830144619524,367840.696274858
4009,3226,3211,3.785187175368192,43897.7971818822
4010,3226,3219,8.107460702934913,108556.641175766
4011,3227,3174,14.360451573029762,74484.7147913477
4012,3228,3185,9.662567663270016,0.0
4013,3229,3222,37.81971908833536,751718.987125092
4014,3230,3167,15.614066670947713,15624.301689824
4015,3230,3225,12.884857222254336,225585.106400526
4016,3231,3115,26.103750789600003,404003.767448352
4017,3176,3232,21.04277398654464,161899.400391246
4018,3232,3221,4.927683616897537,37761.1204013711
4019,3233,3201,16.27995109264128,285180.81841236
4020,3234,3216,3.8636312658071046,0.0
4021,3208,3235,45.140316014661124,60945.2897132741
4022,3236,3229,37.916279148971526,800591.587580179
4023,3237,3209,7.730267189736961,3646.76000488337
4024,3237,3215,4.30016753814912,283842.872823542
4025,3238,3195,11.556066111055488,2085466.6586789
4026,3238,3161,23.56616610640512,0.0
4027,3239,3172,16.132008798005764,73323.5985383033
4028,3171,3240,16.597707246236162,307691.67299457
4029,3241,3226,17.713951302389763,450474.617924846
4030,3242,3230,27.489763000592642,481508.249357835
4031,3243,3138,34.85664123245568,132221.191628277
4032,3244,3104,31.292107427750402,275973.310555243
4033,3245,3246,42.31217698608384,420.597835757977
4034,3223,3247,22.58659364214528,312932.5517186
4035,3223,3247,23.328916742672643,312932.5517186
4036,3248,3121,32.12818363548288,30043.997887905
4037,3219,3249,31.671070602969603,1617982.8745569
4038,3250,3207,12.470466038342401,0.0
4039,3251,3242,27.452834478178563,434645.377412353
4040,3252,3212,20.30392803466368,286326.780121186
4041,3202,3253,22.483592600578564,0.0
4042,3253,3234,5.964561228941569,0.0
4043,3253,3254,0.7959233195527681,0.0
4044,3254,3234,6.098802292965889,0.0
4045,3255,3238,10.475823313536768,0.0
4046,3206,3256,16.01350598693261,39371.9427137141
4047,3257,3224,19.315253056366082,430920.435408206
4048,3258,3199,16.329942418901762,0.0
4049,3256,3255,4.79520855202752,0.0
4050,3259,3250,1.8993722765783039,0.0
4051,3260,3210,14.38226597345472,554720.555281498
4052,3261,3262,12.052063344030337,0.0
4053,3262,3263,15.17262727944269,0.0
4054,3264,3222,10.335542727489408,179665.675489523
4055,3265,3228,15.458654702696833,0.0
4056,3265,3263,1.075290517724544,0.0
4057,3266,3170,25.347002301941764,359565.941942467
4058,3264,3260,10.71475508548685,0.0
4059,3260,3267,5.585417237486593,205170.615949263
4060,3267,3188,19.821002234837763,595117.235141556
4061,3235,3245,43.94074229880192,15613.4442760012
4062,3268,3251,27.54123864091776,386823.637141556
4063,3269,3237,12.687767042455297,784757.683510505
4064,3270,3268,41.01280266669696,457360.780281279
4065,3271,3272,41.17918468004352,418209.868607475
4066,3272,3270,40.996518294124805,436590.55628706
4067,3220,3273,27.868766538159363,833582.240564591
4068,3247,3271,41.55393686184576,412798.302062637
4069,3274,3159,33.28731524473344,411635.471566561
4070,3194,3275,33.67287845235072,281505.756855426
4071,3265,3276,2.891883282406272,0.0
4072,3240,3277,14.072579978345857,1025219.1960205
4073,3277,3197,20.45720754164736,7157.91609723178
4074,3277,3278,0.33434479518105603,26014.4860952211
4075,3279,3239,13.475035837840897,220728.741278266
4076,3280,3227,14.170858430522113,71506.9847487809
4077,3281,3238,10.322181478844929,1840403.31876049
4078,3282,3274,1.7168184031173124,5864.50985495792
4079,3283,3254,5.8099442331744005,0.0
4080,3284,3237,14.09301549765965,0.0
4081,3284,3214,18.26683382139264,18390.9927557781
4082,3232,3285,22.46698100009088,0.0
4083,3285,3257,6.6219206046301435,0.0
4084,3286,3255,7.119108610542721,0.0
4085,3287,3253,6.803493307725312,0.0
4086,3287,3283,1.3313070485637122,0.0
4087,3281,3288,3.7565904682437123,102244.694849186
4088,3288,3217,27.162430783488002,760611.144217717
4089,3256,3289,8.481910955709314,20237.2675822124
4090,3289,3286,0.47033464964428806,0.0
4091,3246,3290,42.78922433508096,0.0
4092,3291,3279,2.761025341105152,48377.4613935549
4093,3291,3292,38.40243461252352,767027.010354731
4094,3293,3158,32.57792221926528,843459.917191816
4095,3293,3236,39.6043637159808,849036.668933482
4096,3294,3183,25.2137026075968,740747.905088602
4097,3276,3295,6.051064991380993,0.0
4098,3295,3263,7.564486771708417,0.0
4099,3296,3297,34.36427756348928,22806.7414920552
4100,3292,3298,38.43755217232128,839178.378145621
4101,3297,3218,37.38083221458432,45875.9391409213
4102,3273,3291,27.29138029225344,765484.140385719
4103,3298,3293,38.5372927634112,874946.194920989
4104,3278,3299,13.247861471273088,576532.449533351
4105,3299,3269,12.29009269725389,676702.321746777
4106,3257,3300,22.859771771612163,541286.264132889
4107,3301,3233,19.201935524302083,347316.039277112
4108,3302,3281,7.305066714882816,1086064.83659595
4109,3275,3303,31.15609408973952,295494.398492406
4110,3302,3288,6.883074451199232,21433.032491039
4111,3304,3243,24.823826905236483,87386.6123097868
4112,3305,3302,0.42814255524480005,64636.3590455642
4113,3306,3307,0.8413372144235521,0.0
4114,3306,3305,0.414439412732928,942.081308181704
4115,3289,3306,11.067301764085249,25642.4767011755
4116,3308,3309,0.05701753226188801,0.0
4117,3305,3310,7.215098462896896,984652.427938421
4118,3310,3308,10.477893211555967,0.0
4119,3311,3284,6.68834638927488,6936.05497836066
4120,3311,3241,20.38353333439104,526584.405263404
4121,3312,3276,13.540424759161345,0.0
4122,3262,3313,15.331915656883584,0.0
4123,3314,3315,5.483090474040961,0.0
4124,3314,3316,29.206974521387522,0.0
4125,3317,3283,8.792560502085887,0.0
4126,3310,3318,1.973209272198912,266967.42193193
4127,3319,3261,14.152238738871553,0.0
4128,3315,3320,15.664295246700672,0.0
4129,3319,3320,0.9004899663682561,0.0
4130,3309,3321,1.9170560413509123,0.0
4131,3322,3287,8.384893371448705,0.0
4132,3322,3317,1.040602416201216,0.0
4133,3290,3323,42.49969160126976,830.833157674046
4134,3323,3296,34.7116275576576,8213.22656678326
4135,3324,3259,14.920486963062913,0.0
4136,3301,3325,7.3268472547100165,0.0
4137,3316,3326,29.730741963563524,0.0
4138,3327,3278,11.995905671392897,470148.390751687
4139,3328,3306,14.838454877190912,0.0
4140,3329,3327,27.928671198151683,192748.307028538
4141,3330,3322,3.2848575545491205,0.0
4142,3317,3331,5.0484045433536,0.0
4143,3332,3328,3.1594337917908484,0.0
4144,3333,3231,25.567215970855685,387575.780542635
4145,3334,3305,6.012390181057921,94874.7814862229
4146,3334,3318,9.695097751971456,0.0
4147,3335,3287,12.092185472818176,0.0
4148,3331,3312,12.772230301543681,0.0
4149,3335,3330,6.65896330839168,0.0
4150,3303,3336,31.232825471232,399513.951151841
4151,3337,3331,1.321027025801472,0.0
4152,3330,3337,2.5624456249201923,0.0
4153,3338,3193,33.77966275588608,62894.0753530758
4154,3300,3338,22.474426018556162,555889.121485858
4155,3339,3335,0.9729607061813761,0.0
4156,3325,3340,12.417052944181249,0.0
4157,3341,3337,1.21492366307136,0.0
4158,3342,3267,19.2994944886656,1179387.38999989
4159,3340,3339,12.251410483948417,0.0
4160,3343,3299,10.075080235790592,48317.6119649064
4161,3299,3344,23.72594480429184,0.0
4162,3344,3311,8.870751061299073,238907.11756027
4163,3344,3345,2.5465221155531523,0.0
4164,3327,3346,11.668074218076672,354700.163541074
4165,3346,3343,1.6262918584323842,6185.78651636967
4166,3319,3347,15.240358749014785,0.0
4167,3346,3348,2.313220557947904,64099.1053923209
4168,3348,3343,2.7821423548385282,2451.57761525133
4169,3295,3349,15.740500382361219,0.0
4170,3313,3349,13.939584152288255,0.0
4171,3348,3350,0.955554438985344,0.0
4172,3351,3344,3.181486286613888,85527.5535370229
4173,3350,3351,21.996706108608002,0.0
4174,3352,3348,0.952241839325568,27438.2444191702
4175,3350,3352,1.120573527866496,0.0
4176,3249,3353,35.08437679819776,1947398.85105178
4177,3354,3266,25.337827576638723,351920.436043108
4178,3355,3282,40.81627805865984,139937.141900476
4179,3356,3248,34.77836877533568,29780.5417189378
4180,3357,3329,29.400819153235204,181366.189642025
4181,3358,3352,2.9343017551795203,84204.8727980457
4182,3318,3359,28.909960446216964,3748784.69525791
4183,3336,3360,31.028556764240644,424087.511815204
4184,3360,3244,30.50974877309568,260818.033992277
4185,3360,3357,27.92237520302208,150800.031271694
4186,3361,3324,15.123867421601666,0.0
4187,3361,3332,21.977818412901122,0.0
4188,3362,3247,30.189096234823683,142696.24470659
4189,3363,3252,35.54576976842496,624403.616985183
4190,3364,3258,31.71568269691008,0.0
4191,3314,3365,22.015306906560003,0.0
4192,3366,3339,14.841386755949953,0.0
4193,3366,3341,13.13357753618381,0.0
4194,3338,3367,30.105422384716803,827110.267036043
4195,3368,3369,1.900123474905216,0.0
4196,3370,3368,0.14362959067776002,0.0
4197,3368,3370,0.569030689573632,0.0
4198,3349,3371,8.711714835876096,0.0
4199,3347,3371,15.422140631424385,0.0
4200,3372,3294,24.770829276103683,740952.647357402
4201,3372,3370,0.526974159875328,0.0
4202,3373,3264,30.7212392342592,549656.736566399
4203,3334,3374,17.52136760765952,267790.023568861
4204,3366,3375,14.860062447943681,0.0
4205,3341,3375,17.71317571123584,0.0
4206,3327,3376,18.86157811372032,227033.031554106
4207,3376,3352,13.996960542512639,5411.33634825531
4208,3377,3351,13.081574050338817,349737.695883829
4209,3378,3304,27.35665618612608,85161.7020909688
4210,3379,3280,31.071820887740166,147078.840496471
4211,3380,3301,25.206274020533762,468633.339279319
4212,3381,3382,3.134215141174656,0.0
4213,3382,3358,11.082319674662017,328072.871830268
4214,3382,3383,1.4726623416595201,0.0
4215,3383,3377,9.881359938641666,71417.5748243385
4216,3384,3382,0.7844620592160001,23802.9193134907
4217,3384,3383,1.488586169676672,10701.2362010475
4218,3385,3342,19.30112119748736,1029716.79615034
4219,3386,3363,31.02287577992064,647147.865576134
4220,3387,3366,13.413400569778176,0.0
4221,3388,3293,32.28006893557248,1089405.16472138
4222,3389,3375,9.278735997142656,0.0
4223,3389,3371,22.67487848812032,0.0
4224,3367,3390,29.389705538561284,806055.881584605
4225,3390,3333,25.659959954999042,448594.059206677
4226,3391,3274,41.85685185428736,420246.948513604
4227,3392,3386,33.12483222128256,757965.295485198
4228,3393,3268,42.571166994005765,54499.2650928774
4229,3394,3376,11.092273023123074,155301.702034955
4230,3394,3384,15.574703912735618,110710.916777931
4231,3395,3355,40.142606306204165,130666.20623914
4232,3396,3371,14.68484411732237,0.0
4233,3397,3392,20.18748842352,477393.77513221
4234,3398,3394,26.957635676167683,612470.954539421
4235,3399,3377,15.584479441559425,297307.107514979
4236,3400,3401,30.482373075264004,95523.8314248345
4237,3402,3360,21.428255713075202,478408.651935445
4238,3403,3404,1.030271842334592,841.044137254015
4239,3405,3354,25.520570132808963,338185.50307596
4240,3405,3397,19.128238625295364,450819.428146815
4241,3389,3406,18.97144151075712,0.0
4242,3407,3387,13.760088977112192,0.0
4243,3374,3408,18.035433972483844,260256.756116821
4244,3409,3385,13.754765291300354,637200.3853637
4245,3410,3390,9.201870779384448,0.0
4246,3404,3411,9.099492732582913,7217.80838462855
4247,3365,3412,22.394768189840644,0.0
4248,3413,3405,8.138201053048705,291880.666927912
4249,3413,3414,5.448900256880256,24125.5170160757
4250,3414,3400,30.65842206396288,122479.192439313
4251,3359,3415,31.99839430664448,3639482.3306447
4252,3408,3416,3.0157033966329605,41860.6027015965
4253,3389,3417,12.712989505607425,0.0
4254,3416,3418,0.32591946252096,4494.70681623711
4255,3353,3419,36.275063764769286,2055764.40263121
4256,3420,3421,6.884607867958657,6747.70833711779
4257,3422,3413,2.984532394111488,95289.5121744797
4258,3423,3384,18.85016329422336,592898.734923152
4259,3424,3403,11.383556174419969,9592.45415927982
4260,3423,3425,0.311743972717056,0.0
4261,3425,3399,13.73545988874893,253686.822119218
4262,3426,3378,27.064712864217604,69565.120951635
4263,3427,3423,0.44427135736051204,14421.607742752
4264,3427,3425,0.23025225788928,4169.63914073618
4265,3418,3428,4.092839257389696,55952.6648356042
4266,3429,3428,7.426185440598144,225584.975640527
4267,3430,3394,11.977763971003776,0.0
4268,3431,3432,18.8768581429824,17192.6125262184
4269,3432,3424,3.689018001858816,3219.23516453092
4270,3390,3433,24.03220814957952,924174.808394261
4271,3433,3434,11.278851859490688,10569.8676969085
4272,3435,3420,24.98630019215616,24712.6175764585
4273,3434,3435,24.823023247123203,24135.3670980939
4274,3436,3428,3.247564617107712,80163.702910866
4275,3418,3436,2.878089454969344,0.0
4276,3437,3427,0.6139897275029761,31065.9759350289
4277,3425,3437,0.8919580532924161,0.0
4278,3401,3438,31.96834848180864,69249.9440729182
4279,3408,3439,8.270834805674497,0.0
4280,3421,3431,18.491471190720002,17733.2838376111
4281,3440,3441,3.5731266958252808,0.0
4282,3440,3385,21.531458823874562,0.0
4283,3412,3442,12.330999574363009,0.0
4284,3439,3436,5.851428711891841,192537.569896067
4285,3439,3443,22.08490771931136,708474.390100563
4286,3444,3362,29.89185749523072,185819.62636253
4287,3443,3415,22.56320797479936,682468.537646603
4288,3445,3364,30.53762195134464,0.0
4289,3438,3446,30.017910104328966,37710.9173026258
4290,3447,3398,27.828657984188162,683243.872479793
4291,3448,3356,36.898606463304965,25993.4231888639
4292,3415,3449,19.40931358046208,2409487.99010781
4293,3449,3380,25.55640214478208,481173.637339075
4294,3419,3450,32.07302411018112,1043696.22508761
4295,3428,3451,5.385740157908352,57014.363770219
4296,3451,3429,13.386903684815234,0.0
4297,3451,3452,1.61249262520896,13500.005381292
4298,3436,3452,5.413113462645505,45515.4752193475
4299,3453,3396,15.015494021223168,0.0
4300,3454,3417,11.078365852806913,0.0
4301,3454,3453,5.117896286034048,0.0
4302,3455,3379,30.0755549717568,126103.41179363
4303,3449,3456,5.655263162985216,0.0
4304,3456,3407,14.44467419978458,0.0
4305,3422,3457,37.09430140622976,18516.0357623341
4306,3458,3409,13.897385441875585,561454.042951968
4307,3453,3459,5.388269159927808,0.0
4308,3460,3373,31.068474401733123,555877.225022252
4309,3411,3461,39.06726186097152,26148.3440144982
4310,3459,3462,0.522368416905984,0.0
4311,3442,3462,12.608491605139584,0.0
4312,3417,3463,11.993856794625025,0.0
4313,3463,3454,4.1820595635329285,0.0
4314,3459,3464,0.645567445049472,0.0
4315,3462,3464,0.4531838062625281,0.0
4316,3460,3458,23.28614372658816,0.0
4317,3433,3465,12.60495090188928,453596.589881301
4318,3465,3465,0.051046645541760007,0.0
4319,3466,3372,34.3175933586816,1005559.37204116
4320,3450,3467,31.585130088399364,989492.632043155
4321,3429,3468,26.784781734205442,835142.650788663
4322,3469,3402,20.053011944655363,401668.479587422
4323,3469,3447,27.355789103765762,700758.244671582
4324,3470,3440,11.239671686183424,0.0
4325,3471,3460,3.2421226831361283,56751.3480248145
4326,3472,3430,12.711916073159426,0.0
4327,3456,3473,20.31451578009216,0.0
4328,3406,3473,21.69409824337536,0.0
4329,3458,3474,16.730803406845443,0.0
4330,3474,3470,3.6587938971133447,0.0
4331,3475,3467,3.7193692978886403,16276.2677313456
4332,3449,3476,10.08607559908608,1309280.04366895
4333,3477,3478,24.100112762035202,847085.029455869
4334,3467,3479,20.001829945236484,676836.6317178
4335,3480,3458,7.649390390767489,274408.113276136
4336,3479,3481,19.6902881125632,725756.035943644
4337,3482,3451,10.586819075589505,193613.431667939
4338,3464,3483,7.077745719373824,0.0
4339,3476,3484,1.7866820088691202,222067.937587797
4340,3485,3460,13.789883089281025,0.0
4341,3473,3486,2.488931635905792,0.0
4342,3486,3476,19.19227686925824,0.0
4343,3446,3487,12.847062682865666,9309.14536961897
4344,3473,3488,7.97613249039552,0.0
4345,3488,3486,7.361688541641985,0.0
4346,3489,3388,32.14163049318144,1034676.06919078
4347,3489,3477,24.573729150558723,952398.226094304
4348,3478,3490,26.187215827322884,798877.662814163
4349,3490,3485,26.12187163289088,656859.739526228
4350,3481,3489,15.997449989930114,582826.805092362
4351,3485,3491,5.4249877401984,118576.093019274
4352,3468,3492,26.376294258167043,831052.804637288
4353,3493,3393,38.01285351667585,68110.4292658608
4354,3463,3494,12.368304718678656,0.0
4355,3494,3483,8.533482488796674,0.0
4356,3480,3495,19.19673898471296,0.0
4357,3495,3474,5.529069462698497,0.0
4358,3496,3481,5.520553417754496,0.0
4359,3488,3497,21.011945135385602,0.0
4360,3497,3463,12.18864641073869,0.0
4361,3498,3395,42.68182947861889,139519.468562962
4362,3461,3499,38.06119761497856,17157.2176804346
4363,3470,3500,11.832403394059776,0.0
4364,3501,3491,2.58540122244096,54385.7615906586
4365,3502,3471,8.369722586066688,144691.424354577
4366,3501,3502,3.9337479763084806,66974.7290000545
4367,3503,3426,31.2890392134144,60008.8292299169
4368,3502,3504,4.587393344928768,0.0
4369,3504,3505,2.004845803221888,0.0
4370,3497,3506,10.314073856439938,0.0
4371,3494,3506,3.0239586151948803,0.0
4372,3507,3500,3.0292090501052162,0.0
4373,3507,3508,2.7425666208695043,0.0
4374,3509,3472,8.393149957953025,0.0
4375,3488,3510,19.433731094807044,0.0
4376,3510,3497,3.9028631264156166,0.0
4377,3507,3511,2.005921800964224,0.0
4378,3511,3508,1.722342611582208,0.0
4379,3509,3512,9.796490088447744,0.0
4380,3512,3437,22.09858400509056,1123152.83609652
4381,3511,3513,0.5500797917091841,0.0
4382,3514,3483,7.423083207948673,0.0
4383,3514,3515,0.025127088598656002,0.0
4384,3506,3516,3.4250496781754887,0.0
4385,3516,3514,1.507950155568384,0.0
4386,3517,3515,1.363515073734528,0.0
4387,3518,3500,3.543336497581056,0.0
4388,3474,3518,14.487746969063808,0.0
4389,3519,3516,2.7154513680053762,0.0
4390,3520,3519,0.43629233280652796,0.0
4391,3510,3519,13.223925128253313,0.0
4392,3518,3521,2.110597889609088,0.0
4393,3521,3507,2.7709350328915203,0.0
4394,3484,3522,20.033784548616964,2281952.79987214
4395,3522,3486,8.819662856057857,0.0
4396,3521,3523,0.8533655770083841,0.0
4397,3523,3524,1.051383199223808,0.0
4398,3524,3511,2.9779345600773124,0.0
4399,3525,3517,4.385887175083392,0.0
4400,3526,3391,41.2197780810816,411645.616478123
4401,3527,3495,7.564257605950848,0.0
4402,3527,3528,3.480567409655424,0.0
4403,3457,3529,38.58927740705664,20715.6405454104
4404,3528,3518,8.23960252577088,0.0
4405,3530,3527,17.850370372116483,0.0
4406,3531,3480,11.924992469187073,380661.312783486
4407,3531,3530,0.628839141372288,0.0
4408,3532,3520,5.885145950897664,0.0
4409,3499,3533,37.84844628107136,9391.16670298575
4410,3533,3487,19.172502296259843,35037.9581210903
4411,3534,3531,10.302965425463041,0.0
4412,3535,3469,16.22106881670528,739666.849539931
4413,3536,3531,0.7635997386547201,22486.3296799124
4414,3536,3530,1.08020016599616,0.0
4415,3537,3521,5.331795595593984,0.0
4416,3538,3539,0.059893460567424006,0.0
4417,3539,3532,1.178268397612416,0.0
4418,3540,3527,2.44129346347392,0.0
4419,3540,3528,3.973498462505088,0.0
4420,3541,3539,0.6044945190451201,0.0
4421,3537,3542,1.375223778758016,0.0
4422,3542,3523,4.92405283383552,0.0
4423,3543,3515,8.646000661305216,0.0
4424,3544,3525,4.669061569387776,0.0
4425,3542,3545,1.4721760300896,0.0
4426,3545,3524,5.065189169242752,0.0
4427,3546,3544,0.090674739517824,0.0
4428,3547,3484,15.83758629775872,0.0
4429,3465,3548,37.17649313097984,1218551.82038161
4430,3541,3543,5.276321971405056,0.0
4431,3549,3445,30.46841068030848,0.0
4432,3492,3549,27.42945027533568,839495.714604075
4433,3550,3546,1.5152804744774402,0.0
4434,3551,3422,35.55709874551296,1056473.95497054
4435,3510,3552,10.103889485758465,0.0
4436,3552,3538,10.4133069425088,0.0
4437,3553,3419,35.53977509077248,760664.788446423
4438,3554,3550,1.294848813481344,0.0
4439,3555,3503,29.77239891567744,37201.2846908418
4440,3556,3540,9.564727573868543,0.0
4441,3556,3557,8.28829000980288,0.0
4442,3557,3540,4.8474660760416,0.0
4443,3557,3558,1.3511359401408,0.0
4444,3558,3537,10.055770888737024,0.0
4445,3559,3560,12.839002188490369,48589.1183955698
4446,3561,3482,20.1673215729216,0.0
4447,3524,3562,15.221344000427138,0.0
4448,3563,3455,29.87316803851776,107427.292374422
4449,3564,3542,5.3922772440345605,0.0
4450,3558,3564,6.446666112049153,0.0
4451,3564,3565,2.481724496186496,0.0
4452,3565,3545,4.547163549417984,0.0
4453,3566,3444,30.29326913631744,239194.100998988
4454,3566,3559,12.842254407172609,50358.3779390942
4455,3567,3563,5.124383308687104,0.0
4456,3565,3562,14.668335518069377,0.0
4457,3560,3568,30.328956387797763,106097.994438808
4458,3569,3557,1.474355324876544,0.0
4459,3569,3558,1.9510139142996483,0.0
4460,3570,3569,0.105038393822208,0.0
4461,3571,3493,35.460049717889284,80156.0724527186
4462,3552,3572,12.185392066113025,0.0
4463,3568,3573,30.30396797476224,91940.4700253305
4464,3573,3571,18.55950738314112,49108.0128955197
4465,3574,3536,9.216263958713856,254339.125504785
4466,3575,3564,3.598654781449728,0.0
4467,3575,3576,2.788836654561408,0.0
4468,3576,3565,3.821861101170816,0.0
4469,3552,3577,7.533224728596864,0.0
4470,3578,3574,0.49724731989504006,12851.7579055594
4471,3579,3574,0.6886319970182401,0.0
4472,3579,3556,10.203051142703233,0.0
4473,3580,3571,2.820409629371136,0.0
4474,3581,3578,0.316957471573248,0.0
4475,3581,3579,0.49430689069132805,0.0
4476,3582,3578,0.633261675011328,16242.0185242502
4477,3583,3478,23.8327320851136,0.0
4478,3584,3585,0.29586061648281603,0.0
4479,3586,3582,0.46350628995686405,11799.6902060248
4480,3586,3587,0.716786427443328,0.0
4481,3587,3581,0.41792970006374397,0.0
4482,3585,3549,13.650240719174402,398199.273304008
4483,3588,3586,0.538898605508736,13625.538379977
4484,3587,3589,0.289077175195776,0.0
4485,3589,3579,0.8821213227256322,0.0
4486,3590,3555,29.853987265175043,25828.2497986494
4487,3588,3589,1.5094222563214081,0.0
4488,3591,3570,5.587128251793793,0.0
4489,3591,3575,11.597083978182912,0.0
4490,3576,3592,17.012171214339844,0.0
4491,3592,3562,5.827047565502593,0.0
4492,3589,3591,13.579620362858881,0.0
4493,3593,3543,11.196256986021888,0.0
4494,3577,3593,9.162793019901311,0.0
4495,3594,3489,28.705806775134725,283796.7571738
4496,3595,3448,37.63547655918336,18726.8670922815
4497,3596,3584,10.024694731294849,0.0
4498,3597,3588,13.003098019249535,445916.463360216
4499,3598,3466,33.86814868939392,917944.117211934
4500,3598,3596,0.29440335710016,0.0
4501,3554,3599,11.131155499977217,0.0
4502,3522,3600,20.63581257095424,1949298.04967841
4503,3572,3600,12.519472072707073,1021619.52173804
4504,3599,3601,2.7490664056204803,0.0
4505,3602,3501,23.26427544532608,808714.632724657
4506,3602,3597,12.927587301040896,480881.839127872
4507,3603,3547,15.246815886149763,0.0
4508,3599,3593,11.637016730634242,0.0
4509,3604,3535,15.891908370332544,713417.936793065
4510,3600,3603,19.34371737885312,0.0
4511,3529,3605,37.679400899965444,20725.8064267783
4512,3606,3533,32.559080904852486,61586.6902879018
4513,3607,3603,15.761675284198274,0.0
4514,3608,3475,32.81327664481152,129830.325733612
4515,3609,3607,15.621321883381635,0.0
4516,3610,3576,13.503153607409665,0.0
4517,3611,3498,42.120380196195846,152319.369259526
4518,3612,3611,37.1056475389248,227090.429711337
4519,3613,3609,18.25007942381184,0.0
4520,3614,3601,16.41511880084736,0.0
4521,3548,3615,37.357873667136,991823.504475926
4522,3616,3612,37.472446230024964,250962.758892733
4523,3613,3617,11.898699958037376,0.0
4524,3618,3575,17.286215026037762,0.0
4525,3600,3619,18.60623468618112,417410.497480051
4526,3619,3577,17.18239741941888,0.0
4527,3617,3620,12.393139209225986,0.0
4528,3611,3621,34.794014157872645,62246.6849257932
4529,3622,3561,20.640497435712003,0.0
4530,3620,3622,9.100406453732353,0.0
4531,3604,3623,31.37779282910976,344242.190385517
4532,3624,3614,15.986350899585794,0.0
4533,3625,3563,30.96857501667072,93252.0141573882
4534,3626,3592,17.70676424567424,0.0
4535,3627,3618,3.5295839900513286,0.0
4536,3628,3629,15.75016080124608,0.0
4537,3629,3626,0.887139017525376,0.0
4538,3630,3598,13.50044805230669,335169.144817148
4539,3631,3602,12.610579584138625,114614.836877802
4540,3630,3632,1.485937678693248,0.0
4541,3632,3633,0.946785134794752,0.0
4542,3634,3627,1.144451797708032,0.0
4543,3634,3635,0.6051614215426561,0.0
4544,3636,3610,12.683331497270016,0.0
4545,3635,3637,0.400911531001344,0.0
4546,3635,3636,4.330604845569025,0.0
4547,3636,3628,16.088029868275203,0.0
4548,3638,3633,1.081061596340352,0.0
4549,3639,3512,35.07191716038913,1754821.7873069
4550,3640,3602,33.98890491520128,968919.927767182
4551,3605,3641,26.20481266820736,14146.6237728002
4552,3631,3642,19.560252795494403,0.0
4553,3637,3643,1.878886328470272,0.0
4554,3642,3634,19.75014867652992,0.0
4555,3619,3644,12.745315556848514,284991.681084317
4556,3644,3593,19.481979710730243,0.0
4557,3645,3634,4.31734965913152,0.0
4558,3646,3638,2.807433376045056,0.0
4559,3646,3585,22.64907495844224,619781.001522933
4560,3647,3583,23.09435535356928,0.0
4561,3647,3640,32.26121006321664,874447.087101669
4562,3643,3648,4.287200862029184,0.0
4563,3648,3636,4.833479405741184,0.0
4564,3649,3551,34.633794387075845,878628.389412923
4565,3650,3638,6.204155487349248,0.0
4566,3650,3646,6.0733998810144,66126.4629549227
4567,3651,3594,27.657532445495043,231329.432941511
4568,3651,3647,16.00550615999808,0.0
4569,3601,3652,20.076183376128,0.0
4570,3653,3650,3.5045971284234243,1254.93489000838
4571,3654,3630,9.866548440916993,232070.220433039
4572,3654,3653,0.868151743658496,20191.2416262218
4573,3655,3526,41.39738594475264,362389.527338084
4574,3656,3653,2.100705847498368,47734.8648671784
4575,3656,3650,3.39314075280576,35533.5745809253
4576,3641,3657,25.04638867142016,12908.0870260244
4577,3658,3622,12.716501568971905,0.0
4578,3659,3651,3.15010908045504,23608.5218584254
4579,3660,3647,5.6834738158429445,147702.687435734
4580,3661,3590,34.38730397697408,54405.35342504
4581,3662,3566,34.9093536536448,479621.769356206
4582,3659,3660,13.417407298817281,241698.327761617
4583,3663,3553,35.787866959088646,598808.620938292
4584,3664,3646,7.614737355240576,112126.996939349
4585,3664,3665,0.380258220773376,0.0
4586,3666,3595,39.300164982017286,10778.191741129
4587,3644,3667,7.910768753699329,0.0
4588,3619,3668,22.658667984437763,0.0
4589,3669,3645,13.490174014694785,0.0
4590,3644,3670,11.458412829477505,253924.941826161
4591,3667,3670,5.7902229777427205,0.0
4592,3669,3648,19.704380606887682,0.0
4593,3671,3656,6.669081987980544,148074.426516148
4594,3671,3664,6.391077519543552,88994.3482218607
4595,3672,3654,9.392247551719297,3413.09603432998
4596,3673,3671,1.124749532535552,42559.6387167922
4597,3673,3674,5.554486466572032,0.0
4598,3675,3604,27.091027408896,867772.867280709
4599,3676,3616,39.992407743467524,283559.429702185
4600,3677,3664,5.067232616083968,0.0
4601,3678,3606,34.700966039900166,72409.9584563865
4602,3679,3659,6.472660854325248,160471.538683885
4603,3680,3672,3.3161523494204164,245.468896622119
4604,3680,3681,1.174270849880832,15631.0616739981
4605,3681,3656,10.89547165941696,112830.470100714
4606,3682,3679,1.4545959151173122,10189.1737202752
4607,3683,3679,1.447079979299328,25137.3963193286
4608,3683,3682,1.3518175069808642,4792.37757898559
4609,3657,3684,25.012940612901122,11983.5063295944
4610,3684,3672,8.02728751720896,3613.95018834379
4611,3685,3631,18.40802652729216,165667.19004006
4612,3681,3671,13.423273697268865,38059.7650148227
4613,3686,3683,1.409739785080704,28306.9632071247
4614,3686,3683,1.35877125548736,28306.9632071247
4615,3687,3626,25.455469609152,0.0
4616,3621,3688,37.95537088721664,54749.7173539097
4617,3689,3660,9.51814183838285,70248.746517898
4618,3690,3670,13.536334204221314,295400.225442549
4619,3682,3691,10.621858826823553,109079.264387201
4620,3691,3689,3.0366464982163204,20255.994356184
4621,3692,3666,36.09956068164865,3479.0196766759
4622,3623,3693,34.15304969898624,330751.493170037
4623,3694,3669,14.39629209360461,0.0
4624,3695,3658,13.802104244839681,0.0
4625,3696,3684,5.864057847419905,0.0
4626,3697,3692,34.94008517167872,372.638124681211
4627,3696,3680,11.776329371904769,156635.87726752
4628,3667,3698,15.8451063116544,0.0
4629,3699,3625,31.953915385920002,26385.8202809549
4630,3700,3608,32.80848665770368,103763.965053797
4631,3701,3663,29.769324103031042,354789.095706338
4632,3701,3700,14.593595136506496,0.0
4633,3702,3690,12.61077768794765,269073.011397086
4634,3652,3702,19.847920170862082,0.0
4635,3702,3703,0.79237940405184,19672.412665091
4636,3702,3703,0.935098237991808,19672.412665091
4637,3615,3704,40.534168166553606,776154.502536594
4638,3689,3705,35.77901588895744,6891.23309214556
4639,3706,3686,34.918577721434886,684751.059746104
4640,3707,3700,18.101539998178563,0.0
4641,3707,3706,33.98708495635201,576189.491404502
4642,3708,3661,30.279737273068804,88667.1188646884
4643,3709,3655,36.889265943383045,248835.82379633
4644,3710,3709,0.4410284921856001,2477.230306889
4645,3711,3709,1.077647186360448,0.0
4646,3688,3711,35.87851506235392,38105.6580057212
4647,3711,3710,0.835519167103104,739.027910313125
4648,3712,3694,14.771038515564674,0.0
4649,3713,3676,37.71902628058753,265740.006572975
4650,3714,3696,37.612053378028804,502929.940534575
4651,3668,3715,25.23526979668992,0.0
4652,3716,3704,9.307679086594945,143488.161942998
4653,3717,3685,18.304688601745923,161102.397569472
4654,3717,3712,4.691765385039744,0.0
4655,3698,3718,16.08854060164032,0.0
4656,3715,3719,5.098060310124672,0.0
4657,3719,3718,0.5487397843023359,0.0
4658,3720,3639,35.74033781649408,1662108.34835181
4659,3693,3721,32.06011976234496,256551.547530965
4660,3721,3720,8.209450279844352,301091.974024456
4661,3722,3719,0.621031608514944,0.0
4662,3722,3718,0.824765491870848,0.0
4663,3723,3700,13.954091437325953,36323.4105848523
4664,3724,3675,25.78111780869504,763480.943256408
4665,3725,3723,0.270483450310656,660.698693764827
4666,3701,3725,22.35096768807936,183497.091831456
4667,3726,3713,35.20685066076288,225325.789474384
4668,3727,3687,25.799477510822403,0.0
4669,3728,3707,14.463323429334912,216891.797119527
4670,3725,3728,6.232337416635264,54330.8206164117
4671,3729,3673,25.098169893984,862955.138280104
4672,3705,3730,35.64874580078592,7200.60897337427
4673,3730,3717,4.06509515013888,35097.3117047114
4674,3731,3704,21.5170412903424,0.0
4675,3732,3727,33.935550349662726,0.0
4676,3727,3733,4.23920635186752,0.0
4677,3734,3716,6.694209356605057,0.0
4678,3733,3735,1.5741762415441922,0.0
4679,3736,3733,0.44664224616,0.0
4680,3736,3737,0.19109256992179202,0.0
4681,3731,3734,9.384338715485184,0.0
4682,3738,3736,0.47759262693119997,0.0
4683,3739,3649,36.92568182535936,742827.177400294
4684,3740,3741,33.29511037598592,546958.237492574
4685,3716,3742,33.84899786594304,533747.931333628
4686,3730,3743,5.343614886690433,0.0
4687,3743,3712,10.125546270250751,0.0
4688,3744,3732,33.657841691527686,0.0
4689,3745,3714,38.752502434652165,504770.450794761
4690,3746,3725,5.173821725504256,0.0
4691,3746,3747,1.2398693930853122,0.0
4692,3747,3728,9.113742595001089,0.0
4693,3748,3721,7.333664004589824,309389.797705635
4694,3742,3749,33.41824350632064,549195.65441117
4695,3741,3750,33.83724638777473,656786.39576555
4696,3743,3744,33.83035361570304,0.0
4697,3720,3751,9.20786044071168,60010.8077200512
4698,3752,3662,36.36991721265409,557278.260924547
4699,3753,3751,0.474385392632448,0.0
4700,3753,3754,0.21568307748134402,1919.5287931688
4701,3754,3751,0.37978595072985605,2489.52083625184
4702,3748,3753,8.993014722616321,79107.8768676698
4703,3754,3755,1.8335359769379842,0.0
4704,3755,3756,3.9473994105976318,0.0
4705,3749,3757,13.11414840082829,222313.683601025
4706,3758,3697,40.4514133645248,0.0
4707,3759,3734,9.515849170139138,0.0
4708,3757,3760,13.126765611117312,226404.966786129
4709,3760,3678,36.28936568302848,79387.0433673033
4710,3760,3740,18.021801171179522,296015.776036862
4711,3761,3715,12.24366329666304,0.0
4712,3761,3722,10.944311623964929,0.0
4713,3762,3739,5.116959140882688,87528.5198365321
4714,3763,3708,29.86858676723328,135784.946219903
4715,3764,3739,10.911213065073026,4565.49641117769
4716,3765,3746,23.798798294388483,0.0
4717,3762,3764,7.685072931697921,0.0
4718,3766,3748,35.01273160357632,1428900.22881157
4719,3767,3695,32.72455009828224,0.0
4720,3768,3766,34.812142098370565,415971.749239325
4721,3769,3762,5.8345608539496965,10629.2178458981
4722,3769,3770,9.067961143663489,79092.136813756
4723,3770,3764,4.22090247788352,1935.00117602788
4724,3703,3771,29.02603982179968,587240.217842292
4725,3772,3730,13.250018343070082,115013.270412574
4726,3749,3773,15.680681621104895,0.0
4727,3772,3743,16.3357704328896,0.0
4728,3774,3724,23.239645240078083,620643.162623692
4729,3774,3775,0.253252097885952,0.0
4730,3776,3774,0.5045941715950081,12690.6895804819
4731,3775,3776,0.576981132178176,6974.37870346085
4732,3777,3760,8.47462752664704,0.0
4733,3775,3768,34.81245361908864,421247.252650876
4734,3750,3778,33.69572482852224,757456.694491704
4735,3778,3762,12.499209429125761,179072.805707278
4736,3779,3745,37.48551917273856,455954.110668708
4737,3778,3769,9.08359359994944,91739.936233386
4738,3780,3779,9.663497561545345,0.0
4739,3770,3781,35.5049533605888,354368.268850246
4740,3782,3777,4.4615006885306885,0.0
4741,3783,3776,1.7997226617047042,66730.3129734947
4742,3781,3779,35.7828617222208,396451.142912811
4743,3784,3769,7.026598819747585,0.0
4744,3784,3770,9.009754991766144,0.0
4745,3785,3740,18.08562482521344,0.0
4746,3777,3786,7.606422018024192,0.0
4747,3786,3785,0.5978953138498561,0.0
4748,3787,3786,5.072362293867264,0.0
4749,3788,3748,14.714227996440194,223379.23326888
4750,3782,3789,5.132571443353728,0.0
4751,3789,3787,0.285651182767104,0.0
4752,3790,3731,24.099029914924802,0.0
4753,3791,3783,3.553833876734592,130452.923809436
4754,3789,3792,0.36103744074816,0.0
4755,3793,3789,1.078424192127744,0.0
4756,3794,3782,4.924890140113153,0.0
4757,3794,3793,4.9523472160335364,0.0
4758,3773,3794,15.461256667545216,0.0
4759,3795,3726,39.30377948817408,206256.210079527
4760,3793,3787,3.972596434849152,0.0
4761,3796,3699,36.28290012741505,42675.655254112
4762,3797,3761,15.014419599028608,0.0
4763,3798,3765,25.49547139924224,0.0
4764,3799,3691,40.53996803311488,386450.699276274
4765,3800,3729,24.18006487539456,0.0
4766,3801,3788,7.136824015018369,105605.830942498
4767,3802,3801,0.16384502737152,2399.86444089539
4768,3803,3785,6.352955863284096,0.0
4769,3804,3710,36.36440141140224,188412.064789478
4770,3805,3794,5.616340645652353,0.0
4771,3805,3803,10.972980302562434,0.0
4772,3806,3797,5.653947080086272,0.0
4773,3807,3784,16.27139789599104,0.0
4774,3808,3754,21.64555774073088,339536.075444193
4775,3806,3809,6.0842479925525765,0.0
4776,3810,3797,24.858285358199044,0.0
4777,3811,3772,20.76510324455424,172636.55114948
4778,3812,3763,32.69340293497344,206576.722556083
4779,3813,3806,9.255358085225472,0.0
4780,3814,3747,34.26864955443072,0.0
4781,3815,3791,20.269351568505602,712519.938920129
4782,3771,3816,28.220931560828166,519228.629546178
4783,3817,3807,16.963233477315843,0.0
4784,3818,3752,37.36457339839488,593356.396810984
4785,3819,3767,34.3881517472064,0.0
4786,3820,3795,39.26120615949313,147165.552371214
4787,3821,3800,24.601303666748162,0.0
4788,3822,3810,25.126614437633283,0.0
4789,3821,3823,1.9349665433809922,0.0
4790,3823,3821,1.967415228244224,0.0
4791,3824,3758,45.8838378833472,0.0
4792,3825,3802,31.466884600166402,435568.159453157
4793,3826,3804,32.76014986582272,93099.7787055216
4794,3827,3798,31.909421562670083,0.0
4795,3828,3811,19.783240007857923,154341.095712349
4796,3829,3823,6.477325549174656,0.0
4797,3830,3784,35.76916923034752,0.0
4798,3829,3831,1.0391471878106882,0.0
4799,3831,3829,1.070752054990464,0.0
4800,3832,3799,38.29823180941824,317826.583720933
4801,3833,3796,36.25684151671296,58872.6183165992
4802,3834,3815,21.4999205256,503478.727388129
4803,3835,3828,8.493318909744769,91447.8890562797
4804,3835,3828,12.432107866451329,91447.8890562797
4805,3836,3813,26.59918539269376,0.0
4806,3837,3808,38.14648346450304,600890.52396186
4807,3816,3838,28.332957111528962,462154.573794512
4808,3838,3839,4.478676542727553,0.0
4809,3840,3822,25.1922837678336,0.0
4810,3841,3812,40.67041725736704,329946.102038928
4811,3842,3835,10.795768781694337,75822.3946933436
4812,3843,3820,38.929863167458564,85228.7331685656
4813,3844,3814,35.1606605245632,0.0
4814,3845,3833,18.47503035772416,26647.1632097693
4815,3846,3843,27.179242039192324,27652.3380649654
4816,3847,3833,14.618869504221314,8064.76633751238
4817,3847,3845,6.665403487868928,526.315237854145
4818,3848,3824,28.880410428080644,0.0
4819,3849,3826,26.252731175489284,33099.0900803661
4820,3843,3850,6.425937806390785,0.0
4821,3851,3834,33.43588993109376,561845.250658576
4822,3838,3852,13.853466988073857,203261.79634134
4823,3845,3853,37.504445621448966,70257.6047841704
4824,3854,3855,37.08022294538496,97461.834671815
4825,3856,3819,33.68578843289088,0.0
4826,3857,3834,18.494879314602244,173946.421905256
4827,3853,3854,37.27044647276544,86411.416607519
4828,3856,3840,24.17468416247808,0.0
4829,3855,3858,37.24934243678208,102089.704673806
4830,3859,3842,25.527727046511362,166231.858858033
4831,3860,3861,31.19689263385728,48438.3324323783
4832,3862,3847,33.84861564674304,8211.01869582966
4833,3863,3862,32.785472314298886,6175.1663657674
4834,3864,3860,31.35104125097472,40933.0469335434
4835,3858,3864,37.395851980734726,98499.1350274261
4836,3865,3818,36.84731969559168,561105.352235783
4837,3865,3866,29.95896197403648,68835.8443390538
4838,3861,3865,31.55013973115136,55338.508514987
4839,3867,3863,33.23684328788736,5469.32129591721
4840,3868,3827,32.65374684806784,0.0
4841,3869,3867,39.04900039320192,12359.0969169195
4842,3870,3825,33.70089975462144,395165.641639966
4843,3871,3852,11.56436680646016,158515.018828403
4844,3872,3831,32.69824619136768,0.0
4845,3852,3873,17.5443979157568,0.0
4846,3871,3873,6.1870640754320645,0.0
4847,3874,3859,25.339971383781123,52272.7968360466
4848,3875,3869,39.57462677253888,28381.9658116852
4849,3876,3836,27.580740987191042,0.0
4850,3866,3877,31.05451142741376,59659.081418454
4851,3878,3856,17.05241680395264,0.0
4852,3879,3830,35.246916422277124,0.0
4853,3880,3841,36.91084874311296,344838.384496152
4854,3881,3875,39.909576320570885,49508.6232561121
4855,3882,3832,38.77877095209217,143272.390158622
4856,3883,3882,2.5001499271415044,7945.53213032544
4857,3884,3856,32.17709425506048,0.0
4858,3885,3849,26.9618331350016,2169.45926639936
4859,3886,3848,29.789234665597444,0.0277950282545756
4860,3887,3851,35.4675649198464,715841.526073681
4861,3888,3883,2.6289550503912964,8176.4669231519
4862,3888,3874,25.934861804544006,70768.7809657041
4863,3889,3846,33.62847227397504,28715.9730811434
4864,3890,3837,39.7170043579584,580118.753906415
4865,3891,3864,21.91163661929088,64358.0904664429
4866,3892,3893,36.813450857990404,68966.9355301411
4867,3894,3881,40.444843603887364,70474.0037304585
4868,3895,3888,4.172781325223808,0.0
4869,3896,3865,23.36990509282176,280071.517000014
4870,3897,3892,36.97178409137664,53006.9558832195
4871,3898,3847,33.0128646230592,16252.2073374535
4872,3893,3899,36.61193670418944,79064.4381096485
4873,3900,3878,17.912922499549442,0.0
4874,3901,3844,35.851400110437126,0.0
4875,3899,3902,39.55369026926592,88776.6986601753
4876,3902,3894,39.4885181458944,82940.5180029287
4877,3903,3842,38.1514292039232,0.0
4878,3904,3905,41.26415852604672,151258.481025331
4879,3906,3873,31.78543692842496,0.0
4880,3907,3870,32.497027915461125,296270.874057079
4881,3877,3908,33.137814815424,51019.7435091418
4882,3909,3876,26.679934356641283,0.0
4883,3905,3910,39.77147572776576,172544.332643547
4884,3908,3911,39.496575165696,74810.5047696422
4885,3912,3868,32.226804557671684,0.0
4886,3911,3904,40.54585929432193,112909.501701659
4887,3913,3857,37.96532572593024,323639.342306002
4888,3910,3914,6.371234409412224,29502.6546204307
4889,3914,3887,32.9866285339008,773235.134544409
4890,3915,3871,30.860856987840002,0.0
4891,3916,3872,33.40191449054592,0.0
4892,3917,3908,13.452778891956097,73471.9581173831
4893,3918,3914,5.6399989809335045,114972.572097731
4894,3919,3917,2.7722597788892163,15453.7632339964
4895,3920,3879,33.88046395295232,0.0
4896,3921,3889,32.11596169778304,56279.3029708582
4897,3922,3891,21.646236385002243,54645.2454719131
4898,3923,3885,28.25989413312384,4414.44884201648
4899,3924,3880,41.2329668965632,401821.562208634
4900,3924,3925,6.3058767785671686,0.0
4901,3926,3897,39.58032838864896,35738.6613276348
4902,3927,3896,23.549914323048963,253671.957475501
4903,3922,3928,12.950609452982786,28369.6016459498
4904,3929,3886,32.45548984558848,817.04007399074
4905,3930,3931,2.683584446514048,0.0
4906,3932,3926,36.91696874038272,15202.5390714088
4907,3933,3915,25.46297565394176,0.0
4908,3934,3884,35.773303168373765,0.0
4909,3930,3932,36.64760726677248,12861.6458981066
4910,3935,3895,27.47959102918656,0.0
4911,3928,3936,13.038591425245057,64772.9880288183
4912,3937,3900,30.04857489896064,0.0
4913,3938,3909,28.54527107401728,0.0
4914,3939,3898,33.51325452507648,20572.7483192662
4915,3940,3890,39.2135107877568,477234.425113264
4916,3941,3916,30.167315373127682,0.0
4917,3942,3901,34.868052076872964,0.0
4918,3943,3903,36.502384602562564,0.0
4919,3936,3944,15.700765358741762,76848.1833422165
4920,3945,3933,24.946418008512,0.0
4921,3945,3906,34.82373346290432,0.0
4922,3946,3907,33.52864170446208,217017.897441849
4923,3947,3948,41.49264262987008,43817.2801851518
4924,3949,3930,20.33944459911936,13310.5093121621
4925,3950,3921,32.29183193664384,88242.4392415382
4926,3951,3918,39.700792357585925,873532.99713466
4927,3952,3919,35.52531677646336,206745.694179873
4928,3948,3953,41.62791256360704,62933.076079842
4929,3954,3920,33.26086804182912,0.0
4930,3955,3927,24.72939830807424,227995.562609166
4931,3953,3956,39.77307433744129,72328.0762360147
4932,3957,3946,17.01969623329536,0.0
4933,3946,3957,17.701309293719042,0.0
4934,3958,3913,37.41863979287808,260105.771965645
4935,3959,3943,30.76852061834496,0.0
4936,3960,3938,24.95897504381952,0.0
4937,3961,3924,33.70971158894592,314730.72313107
4938,3956,3962,34.19027870201856,65746.7613548253
4939,3963,3934,35.0213095197504,0.0
4940,3964,3954,8.426869524070273,0.0
4941,3944,3965,17.68027565044224,84882.1372442551
4942,3957,3966,15.562297500761089,0.0
4943,3967,3935,27.894677700764163,0.0
4944,3968,3923,38.74193380823041,10134.8266671992
4945,3969,3929,32.14740086046721,5611.075473911
4946,3969,3947,43.00077413275776,23951.9525048166
4947,3970,3949,21.837257792951043,19795.7816690468
4948,3971,3937,29.601286477044486,0.0
4949,3971,3960,25.007137865614084,0.0
4950,3972,3963,30.3950694624192,0.0
4951,3973,3940,35.51962666716288,322582.38316902
4952,3974,3975,2.839329085481856,0.0
4953,3975,3972,7.106996587819393,0.0
4954,3976,3950,31.1605745356224,113582.34400943
4955,3977,3941,31.587501279755525,0.0
4956,3978,3974,2.868128087147136,0.0
4957,3966,3979,17.837753243904,0.0
4958,3979,3973,10.743496107315842,0.0
4959,3980,3939,33.50542459980672,23555.162679396
4960,3981,3951,38.40434580508416,909642.009243366
4961,3962,3982,37.241051820698885,68660.2897795472
4962,3983,3970,35.59268156666112,44328.6483832716
4963,3984,3955,25.36774658516736,188103.652488555
4964,3985,3945,36.841583768267526,0.0
4965,3986,3952,34.20774254671488,210510.39118691
4966,3987,3978,7.177859897142528,0.0
4967,3988,3975,9.0497851690752,0.0
4968,3988,3972,18.72700755260544,0.0
4969,3987,3988,6.313288181054976,0.0
4970,3989,3969,23.06560711061376,527.827566036476
4971,3982,3983,34.73182081759104,55662.3712870506
4972,3990,3979,9.692704068423552,0.0
4973,3990,3973,18.72041524505856,124926.322793781
4974,3991,3968,34.479600788793604,12839.6600140722
4975,3992,3967,26.24700615951744,0.0
4976,3992,3959,35.50783168842624,0.0
4977,3993,3961,33.810214928624646,281889.594349527
4978,3994,3958,36.24898848126336,187502.100654761
4979,3971,3995,26.379759529854724,0.0
4980,3965,3996,35.31912517698048,163740.475284544
4981,3997,3976,29.889728896389123,130990.361705361
4982,3998,3990,12.475239489440641,66720.8339958339
4983,3999,3991,31.17618914750208,14070.5506684259
4984,4000,3989,23.531807529331203,176.996597271217
4985,4001,3977,31.13309191297536,0.0
4986,4002,3985,33.04034037380736,0.0
4987,4003,3984,25.4404898352,140171.46990052
4988,4004,3980,31.280845978736643,23318.0509527644
4989,4005,3997,26.932500571426562,131231.883347219
4990,4006,3988,29.681836912316165,0.0
4991,4007,3981,40.23728324123905,935535.552315541
4992,4003,4008,6.828889100444929,3735.06336237848
4993,4009,3998,12.556669703187456,54901.7653531943
4994,4010,4011,7.42476908752128,0.0
4995,4010,4012,28.643521927553284,0.0
4996,4013,4014,0.940000140490752,3917.89979956494
4997,3996,4015,32.826113528947204,144306.750861121
4998,3995,4016,26.674757161367044,0.0
4999,4015,4013,9.576412187012354,40376.0943490338
5000,4017,4014,1.567243251965952,6514.05996584741
5001,4018,3986,37.39786052251392,233889.728091539
5002,4012,4002,31.29465382838784,0.0
5003,4019,3993,32.97659055647616,235213.113689305
5004,4008,4020,10.93632248307456,5996.99655119918
5005,4020,4018,8.112945839746176,50214.232258487
5006,4021,4017,5.899375525925376,24315.8092153688
5007,4021,4022,3.5873659993374725,10663.0808749374
5008,4023,4003,13.834623879242496,48796.6150829026
5009,4022,4023,4.21066817658432,13606.9157046745
5010,4024,4020,0.546732969349248,3104.21202942449
5011,4023,4025,4.076799759381888,1342.68053379372
5012,4025,4008,10.094198639006594,0.0
5013,4025,4026,3.0350597284846086,1009.60994155683
5014,4026,4024,4.716506337295105,1584.47238113804
5015,4024,4027,0.461653972027776,156.037513246291
5016,4020,4027,0.44900970222873604,464.508503656021
5017,4028,4019,2.01074803693632,12485.0153948454
5018,4028,4019,1.916041494799872,12485.0153948454
5019,4029,3992,32.937363842549765,0.0
5020,4027,4030,7.825295368927872,10776.9510543404
5021,4031,4022,3.4896006317779205,0.0
5022,4032,4023,3.251776521413376,0.0
5023,4032,4033,1.64915089048512,0.0
5024,4034,4021,3.5797130793768965,0.0
5025,4034,4031,4.019567413492224,0.0
5026,4031,4032,4.560247263470976,0.0
5027,4035,4026,3.847997818165248,0.0
5028,4035,4024,4.453380524507904,25204.3396285086
5029,4036,4021,6.164190409614337,37532.74093686
5030,4036,4034,3.6500029440272646,0.0
5031,4007,4037,17.56970118085248,181611.200487286
5032,4033,4038,2.4438507191366403,13660.6232954947
5033,4038,4025,3.7859452600780807,0.0
5034,4039,3994,36.302810030150404,127862.538150602
5035,4040,4035,1.343942954601984,7576.76286422883
5036,4038,4040,3.9848517535622405,22380.756034211
5037,4041,4007,34.24038723680256,1034098.7568633
5038,4037,4042,4.619152029989377,22858.136750579
5039,4043,4000,30.76792797741696,15.6398039272033
5040,4044,4041,32.031720521729284,879906.933275766
5041,4042,4045,24.30933614030592,116226.551514611
5042,4046,4047,24.8468727595968,67983.9431847439
5043,4048,4046,24.876737082616323,85174.8437938592
5044,4049,4030,12.998277444949634,17983.575253398
5045,4027,4050,12.455723856673153,0.0
5046,4051,4048,16.297415066085122,64366.2335683268
5047,4045,4051,23.875491341306883,104682.123304239
5048,4052,4030,9.166459343716225,0.0
5049,4050,4053,0.797279771236608,0.0
5050,4053,4052,0.8533302374234881,0.0
5051,4052,4049,10.08751722530112,0.0
5052,4054,4039,7.369603187607936,11980.7119291315
5053,4055,4044,32.056561438387206,750666.25103353
5054,4047,4054,25.13520205815168,51409.2464408886
5055,4056,4033,8.441541808710912,46779.7574276785
5056,4049,4055,31.87789506088704,590929.453118457
5057,4056,4057,1.364279840440704,0.0
5058,4057,4050,12.93214879509696,0.0
5059,4058,4031,9.16560325156608,0.0
5060,4059,4036,9.158705001287425,50928.6058468232
5061,4059,4060,4.821461927149824,0.0
5062,4060,4034,9.467039919921408,0.0
5063,4060,4058,4.8054109931435525,0.0
5064,4058,4061,4.49858499222528,0.0
5065,4061,4056,2.795775907706496,15346.865316725
5066,4061,4062,1.684054309360896,0.0
5067,4063,4005,33.4653226763328,171170.130623655
5068,4064,3999,37.276517304576004,18620.2186822306
5069,4016,4065,26.483208580604163,0.0
5070,4066,4001,32.40462923216641,0.0
5071,4057,4067,8.735935635275904,0.0
5072,4067,4068,7.82680380223104,0.0
5073,4068,4053,6.308042537161728,0.0
5074,4069,4006,30.43711935196416,0.0
5075,4070,4010,29.997555781248003,0.0
5076,4071,4004,38.57428519287552,28393.5087523547
5077,4072,4068,2.4394538110821125,0.0
5078,4072,4073,2.314163081526912,27062.9965908112
5079,4073,4049,17.309325350718723,228809.990241104
5080,4074,4043,28.250421437779202,0.0
5081,4075,4067,6.448106763001728,0.0
5082,4075,4072,9.05592836503872,98280.7932609838
5083,4076,4061,10.858102936357248,58868.3101125076
5084,4076,4075,8.043119955408384,77562.7863147759
5085,4077,4054,14.400795406656384,0.0
5086,4078,4060,12.248644824675074,0.0
5087,4078,4076,9.437866097210497,130417.072143014
5088,4079,4028,30.661303159872002,183757.713843704
5089,4080,4059,13.663980326202624,66421.231873311
5090,4080,4078,3.8515246102460168,49868.9397144985
5091,4081,4029,32.24351204287488,0.0
5092,4082,4037,34.36223865338881,0.0
5093,4083,4077,14.833099677204865,0.0
5094,4084,4064,30.997146601935363,15746.9546851844
5095,4085,4075,23.983086030013443,0.0
5096,4085,4073,20.78744996769408,0.0
5097,4086,4063,32.447003211406084,163237.188601274
5098,4087,4080,31.84435958280192,33149.2592503021
5099,4088,4079,28.4287770670464,147893.705440607
5100,4089,4088,0.6813499149768961,3345.78874651578
5101,4090,4070,32.013015663594246,0.0
5102,4091,4074,33.13401140446848,0.0
5103,4092,4086,29.35631816840448,135718.706933542
5104,4093,4089,10.72735450769664,51784.4455087518
5105,4093,4094,16.8111035408448,15450.3580311918
5106,4095,4082,31.491130574534402,0.0
5107,4096,4081,31.109759321794563,0.0
5108,4097,4071,42.31949153503105,27666.16515417
5109,4098,4087,30.17949522648192,56495.9930503033
5110,4099,4093,6.7536683313073915,24630.057482986
5111,4085,4100,28.361089667750402,0.0
5112,4101,4084,34.29990644281344,16325.5592899027
5113,4102,4099,13.351503818721026,51609.8822060758
5114,4103,4102,0.48292821223257604,1934.85404317784
5115,4104,4103,0.35513901474163206,1425.74982135041
5116,4104,4102,0.8444646654935041,0.0
5117,4105,4099,13.103318357395201,0.0
5118,4106,4104,2.0687446071832323,0.0
5119,4105,4106,8.658829569532033,0.0
5120,4107,4104,2.9088131387166722,11768.4465701924
5121,4094,4108,21.49725736705536,764550.664943155
5122,4107,4108,10.004113851202945,14217.5058219617
5123,4106,4109,4.148331780105217,0.0
5124,4109,4107,2.6355317682228483,7028.26714139763
5125,4110,4090,30.822550223224322,0.0
5126,4111,4108,2.1679426401304323,14999.0102464587
5127,4112,4108,2.169409175771904,76762.8272252849
5128,4112,4111,0.8232351521771519,1259.95402197711
5129,4111,4113,31.984670062414082,278320.249999159
5130,4114,4092,36.20094328642176,141428.533410589
5131,4115,4091,37.190765630430725,0.0
5132,4116,4112,7.770986452741249,303840.097901456
5133,4117,4098,41.123280817048325,120384.765792916
5134,4118,4109,10.256832240728832,28679.738647215
5135,4118,4116,11.217367687908096,0.0
5136,4119,4120,36.514504073329924,292340.53000234
5137,4121,4114,33.258196659536644,103686.696214035
5138,4122,4123,35.94464435916288,0.0
5139,4124,4125,33.59745781717248,0.0
5140,4113,4126,33.79205830961664,304026.834520952
5141,4127,4096,35.49916699642368,0.0
5142,4128,4117,37.659981396533766,149738.643698899
5143,4129,4095,35.806394210019846,0.0
5144,4130,4122,37.535628801876484,0.0
5145,4131,4119,33.898325707952644,292354.327982481
5146,4126,4131,32.38945018924032,290635.916122307
5147,4125,4132,34.24641686940672,0.0
5148,4100,4133,28.97305725612672,0.0
5149,4134,4118,13.200273610153344,39806.0382647058
5150,4134,4116,18.53388049506048,831766.580615549
5151,4135,4121,30.874404928435204,79160.3708869455
5152,4136,4101,33.39680559583105,13595.2741383885
5153,4120,4137,35.90909016824448,103162.816351296
5154,4138,4115,32.093725375641604,0.0
5155,4139,4097,41.29547281972992,20650.1423565258
5156,4137,4140,34.67190135163392,98658.7622738896
5157,4141,4138,28.50076802922624,0.0
5158,4142,4135,30.366563538389766,69502.2607311411
5159,4143,4110,30.708994089818884,0.0
5160,4123,4144,38.01475125512064,0.0
5161,4144,4141,28.7086881768192,0.0
5162,4132,4145,34.34390931958272,0.0
5163,4140,4146,34.18136713664641,89799.1925221028
5164,4145,4130,34.846852220547845,0.0
5165,4147,4128,38.94939189706752,181761.001544679
5166,4146,4142,33.634474531637764,78316.0774387096
5167,4148,4124,37.33878901991041,0.0177194146034592
5168,4149,4150,34.6319966532672,408.63833105022
5169,4150,4148,34.723150589445126,63.8715842626806
5170,4151,4134,34.17044352112512,2022863.06390856
5171,4133,4152,28.775744407491842,0.0
5172,4153,4149,36.20816850068352,1070.60397074457
5173,4154,4142,25.961613092997123,9470.79849983386
5174,4144,4155,40.825102220559366,0.0
5175,4156,4127,36.07600294324224,0.0
5176,4157,4147,39.2227365936384,192388.678523468
5177,4158,4129,34.7075565610752,0.0
5178,4159,4153,8.853608607427585,379.722200057336
5179,4159,4160,2.742478760343168,0.0
5180,4161,4143,28.012857881817602,0.0
5181,4162,4136,33.93191545311745,10583.8094716801
5182,4162,4159,5.580019256308992,263.946878495664
5183,4163,4139,41.2617452664384,12935.2248225398
5184,4164,4154,24.434239082330883,12057.3205203999
5185,4155,4165,40.297511685150724,0.0
5186,4166,4161,25.01786763565056,0.0
5187,4167,4166,22.30388338425984,0.0
5188,4168,4162,26.853370688010244,4687.76552965646
5189,4169,4157,34.8061691951424,162298.969841262
5190,4153,4170,32.00624475105025,0.0
5191,4171,4151,35.479289859932166,2529572.4586856
5192,4172,4156,33.507985227045125,0.0
5193,4173,4164,23.04194867555328,17498.3020849462
5194,4152,4174,33.813664444834565,0.0
5195,4165,4175,40.895663747304965,0.0
5196,4175,4176,38.06700642949248,0.0
5197,4177,4173,33.2025032826432,38354.130768367
5198,4176,4178,35.51487672053376,0.0
5199,4170,4179,27.45400616107776,0.0
5200,4173,4180,12.928538518296191,0.0
5201,4180,4181,12.924870720322176,0.0
5202,4182,4158,35.942936684244486,0.0
5203,4183,4177,34.2531671340672,57392.3238220485
5204,4178,4184,37.48014055196928,0.0
5205,4185,4168,30.418315326051843,3149.70667234805
5206,4179,4186,30.379160244026885,0.0
5207,4187,4183,35.369196938254085,78172.1678443086
5208,4188,4169,36.84035582270209,148244.445418954
5209,4189,4163,42.88573999391616,5895.12355216947
5210,4190,4172,33.80357313374976,0.0
5211,4174,4191,32.59786591822464,0.0
5212,4192,4171,36.32014358235648,2845126.57534187
5213,4193,4185,34.53647104676737,1416.80366824301
5214,4194,4182,34.794421515025924,0.0
5215,4195,4194,9.719555862018817,0.0
5216,4184,4196,41.952230398932485,0.0
5217,4191,4197,29.482302138981122,0.0
5218,4186,4198,30.88385219614464,0.0
5219,4199,4193,30.877149519786244,1360.79956924491
5220,4200,4187,39.135327102051846,105320.58246775
5221,4201,4199,30.38140223724672,4407.13282408438
5222,4202,4195,11.690438914370304,0.0
5223,4203,4188,36.802364135454724,112664.849413082
5224,4204,4192,34.1381775740544,2689311.0906842
5225,4197,4205,26.05385602397952,0.0
5226,4205,4202,4.316775749358336,0.0
5227,4205,4206,7.034072624548992,0.0
5228,4207,4208,2.0838455148487682,0.0
5229,4207,4209,38.183654466777604,1301.26338645072
5230,4210,4189,42.490227242327045,40877.435628673
5231,4210,4203,32.13302471926272,64991.1761940386
5232,4196,4211,39.29199498626688,0.0
5233,4212,4213,38.563293743504644,141.224572282341
5234,4213,4207,39.22546898616192,630.206812128602
5235,4209,4214,38.415681493136645,2030.07841211535
5236,4215,4212,39.02554674716544,1.97398208822722
5237,4216,4201,32.67067349373696,10369.6113139442
5238,4217,4218,29.521275542161924,1760.76965658377
5239,4218,4210,30.15832163465088,1918.10085511595
5240,4214,4219,38.141071916555525,2609.33424221167
5241,4220,4221,37.88168848839936,3000.81114063781
5242,4219,4220,37.903424674705924,2945.80538149854
5243,4222,4215,39.09618428322816,0.0
5244,4223,4222,40.571695123534084,0.0
5245,4221,4224,38.0680107084288,2766.50979673206
5246,4224,4217,30.49127118652032,1915.60872305934
5247,4198,4225,35.493642311592964,0.0
5248,4226,4223,41.8037062620672,0.0
5249,4227,4200,39.702690916796165,118940.141768022
5250,4227,4228,39.661342958730245,532995.700108951
5251,4229,4230,19.04921738869248,0.0
5252,4231,4229,9.386397150147072,0.0
5253,4232,4216,33.0736942052352,17572.7513306386
5254,4230,4233,19.012181925369603,0.0
5255,4234,4226,42.002173654087684,0.0
5256,4235,4204,35.24443737268608,2565947.92754667
5257,4236,4232,31.934441888997124,23652.4493722097
5258,4233,4237,18.910676608116482,0.0
5259,4238,4235,10.468980888182784,0.0
5260,4237,4238,18.46622784150144,0.0
5261,4235,4239,20.54980829417472,1319361.86664826
5262,4240,4241,38.741557270014724,353838.022058718
5263,4228,4242,43.74822778977024,564165.189692723
5264,4242,4240,38.783273108025604,433060.985590355
5265,4211,4243,40.7534016966912,0.0
5266,4244,4210,31.86237580263936,0.0
5267,4241,4245,35.10242956623745,264144.09076194
5268,4243,4234,42.717154515045124,0.0
5269,4225,4246,33.769837211869444,0.0
5270,4247,4236,34.40415269820672,31580.1241004254
5271,4248,4227,37.423176710641926,526057.9959641
5272,4239,4249,21.19319974037376,1185478.49303046
5273,4249,4250,15.745192218797184,0.0
5274,4251,4250,5.862855739872384,0.0
5275,4252,4249,8.819506381150081,435874.332714927
5276,4252,4253,2.541183910239744,119099.693007423
5277,4254,4248,34.89030343028736,429758.214992783
5278,4255,4252,6.597673334740224,0.0
5279,4253,4256,14.75057020103885,633315.023834266
5280,4257,4247,33.76628439186816,35012.0409344217
5281,4258,4255,5.132112226699393,0.0
5282,4258,4253,11.688866677014913,0.0
5283,4245,4259,38.67280899115392,219737.363252772
5284,4251,4260,15.626448876779138,0.0
5285,4256,4260,5.173859374497793,0.0
5286,4246,4261,33.779657799106566,0.0
5287,4262,4257,30.36602540594304,32677.4880722279
5288,4263,4244,32.64145244160768,0.0
5289,4264,4255,20.816573429203203,0.0
5290,4265,4254,39.037319887104005,385444.293545726
5291,4266,4256,22.31450796757248,771444.570321958
5292,4267,4262,29.829197767057924,31106.7598316058
5293,4268,4260,21.561638642691843,0.0
5294,4266,4268,4.005192577465729,115447.341006117
5295,4261,4269,31.618235839449603,0.0
5296,4269,4270,0.895131373885056,0.0
5297,4271,4265,35.01679276706688,260807.561816993
5298,4272,4267,29.591535574402563,28027.4534326545
5299,4259,4273,40.09914439432704,155925.866096835
5300,4274,4264,21.238083137525763,0.0
5301,4275,4272,38.90605475763072,30057.2667283063
5302,4276,4268,15.788569401931394,68263.1916604895
5303,4276,4271,34.87803522394753,192119.068991456
5304,4277,4266,18.071110296518402,0.0
5305,4277,4276,13.254968397141505,0.0
5306,4278,4263,33.3183646243008,0.0
5307,4273,4279,37.408197741361924,103000.519772638
5308,4280,4274,22.390860251992322,0.0
5309,4281,4269,35.802134968469765,0.0
5310,4282,4275,40.71159457668864,21246.0845054061
5311,4279,4282,38.03929061289985,10510.99635789
5312,4283,4277,15.753317861026947,0.0
5313,4284,4276,18.05823939085056,0.0
5314,4285,4286,12.525394304130048,0.0
5315,4287,4283,14.87989471592448,0.0
5316,4286,4287,9.282001795469569,0.0
5317,4287,4288,1.9994618539146243,0.0
5318,4288,4284,16.2911670615936,0.0
5319,4289,4280,23.45932978887168,0.0
5320,4289,4285,13.90180148020224,0.0
5321,4290,4281,40.863111433562885,0.0
5322,4291,4278,38.999421638369284,0.0
5323,4292,4288,44.77316548877568,0.0
5324,4293,4290,40.865145451257604,0.0
5325,4294,4291,38.0964671290368,0.0
5326,4295,4292,42.98767568194177,0.0
5327,4296,4293,42.84411918766848,0.0
5328,4297,4294,39.53586918238848,0.0
5329,4298,4295,41.86494416700288,0.0
5330,4299,4298,37.82323264034304,0.0
5331,4300,4296,42.60371158289664,0.0
5332,4301,4297,38.169594996192004,0.0
5333,2,1,13.704585230831617,0.0
5334,1,3,14.271748345895041,0.0
5335,3,4,10.84405543929101,0.0
5336,3,5,14.460488309165184,0.0
5337,4,6,6.3591492691710725,0.0
5338,6,5,6.575407500448513,0.0
5339,7,6,12.203033175222913,0.0
5340,8,7,5.22904916673216,0.0
5341,9,7,1.9617049152391681,0.0
5342,7,10,2.641848313065984,0.0
5343,11,10,7.125270508692864,0.0
5344,6,12,13.242112933129343,0.0
5345,5,13,13.776836562339842,0.0
5346,10,14,12.840623541415296,0.0
5347,14,12,14.28729212571725,0.0
5348,14,15,1.226773145461248,0.0
5349,13,16,6.536894229638784,0.0
5350,12,16,7.872419325374209,0.0
5351,17,16,13.073412294429698,0.0
5352,15,17,4.70565622695168,0.0
5353,17,18,0.564234760767744,0.0
5354,18,17,0.6381568955139841,0.0
5355,13,19,14.517340267288322,0.0
5356,14,20,19.15179073099776,0.0
5357,21,20,3.391380732364416,0.0
5358,18,22,12.9853023857568,0.0
5359,20,22,4.989918661719552,0.0
5360,16,23,20.60054355579264,0.0
5361,22,23,13.418331397016832,0.0
5362,19,24,14.876568114971905,0.0
5363,23,24,9.97503853482893,0.0
5364,26,25,39.218866765056006,1116910.39908007
5365,24,27,39.19524156294912,1028345.33239254
5366,27,26,39.1638421671552,1096754.20802791
5367,23,28,9.940340397436417,0.0
5368,20,29,13.056278001541633,0.0
5369,22,30,12.836344599885312,0.0
5370,28,31,12.821341931405568,0.0
5371,29,32,12.952063112262913,0.0
5372,31,33,11.686363540372225,0.0
5373,30,33,12.707173136832768,0.0
5374,32,33,4.994607361544064,0.0
5375,32,34,11.096768548559233,0.0
5376,24,35,32.67601715955456,779217.772200754
5377,25,36,41.9312440381824,640421.833771
5378,33,37,31.84930154026368,0.0
5379,34,38,29.832258514037765,0.0
5380,35,39,32.7471482492352,451543.496897215
5381,39,40,33.84707272036992,755872.922875661
5382,36,41,42.501451756896,658285.858388128
5383,37,42,31.605398746099205,0.0
5384,40,43,34.69756636507392,1083065.17052021
5385,38,44,29.49642982965888,0.0
5386,41,45,32.49680487647616,492973.580644093
5387,45,46,30.95821571762304,408518.664391542
5388,42,47,30.975128490746883,0.0
5389,47,48,2.041144965915264,0.0
5390,44,48,29.0048413495104,0.0
5391,43,49,36.11587759515648,1410481.98969462
5392,48,50,19.842199757614083,0.0
5393,48,51,16.227717467385602,0.0
5394,46,52,32.24265730418304,531857.804776862
5395,50,53,20.688279551089924,0.0
5396,51,53,16.385285216298243,0.0
5397,49,54,36.20298367711872,1607359.57687525
5398,53,55,15.896854138720897,0.0
5399,53,56,33.22190292676992,0.0
5400,52,57,33.2444625822144,640841.723693851
5401,57,58,16.41772848089088,0.0
5402,55,59,15.95454614061581,0.0
5403,56,60,33.02994631292928,0.0
5404,54,61,30.377207900540164,1402326.27415016
5405,57,62,25.882408117589762,541238.627269539
5406,58,63,17.73979490473344,0.0
5407,64,63,1.983804114834432,0.0
5408,63,65,0.98294439399552,0.0
5409,67,66,32.837094646329604,173669.051488663
5410,68,65,1.6520969507834882,0.0
5411,70,69,12.27901381222349,54991.0756179382
5412,72,71,0.42562652292864006,0.0
5413,69,72,12.426400562919554,72827.9704940665
5414,59,73,31.409220179208962,0.0
5415,65,74,18.33798182527872,0.0
5416,60,75,31.00385858030208,0.0
5417,61,76,30.762270988416,1377257.20564489
5418,74,77,17.00671339775232,0.0
5419,78,77,13.516379486083585,0.0
5420,62,78,26.97518158131456,578444.010861461
5421,79,78,24.362478079315203,410549.909721348
5422,66,80,32.968482166414084,375602.646282945
5423,77,81,12.840503981640193,0.0
5424,75,82,30.244231346376964,0.0
5425,72,83,36.90036809952768,409074.751296081
5426,84,79,25.05988501644672,396473.297879092
5427,73,85,31.055513469361923,0.0
5428,81,86,12.402705864510722,0.0
5429,78,86,20.5848126849024,87418.2536451932
5430,87,84,24.703689230795522,351970.211236666
5431,76,87,30.98618120784384,1259976.53170649
5432,88,87,14.155397153720065,553926.880519855
5433,80,89,36.1935135245376,715939.596412214
5434,83,90,36.68931774566784,773538.465521022
5435,82,91,31.685327041167362,0.0
5436,91,88,18.51395173081344,0.0
5437,92,91,15.654390970356866,0.0
5438,86,93,28.84766150078208,119777.010088352
5439,85,94,31.1469907871232,0.0
5440,88,95,13.215679250323968,469218.25319637
5441,96,95,6.944572004477184,0.0
5442,91,96,7.603451729051904,0.0
5443,97,96,18.12177399060864,0.0
5444,97,92,6.006155048099712,0.0
5445,98,97,20.8547733816576,0.0
5446,94,98,21.23215323596928,0.0
5447,99,95,7.444339944928128,242984.58086923
5448,96,99,6.455534062589568,0.0
5449,87,100,28.974671717840643,276367.186530833
5450,99,101,9.838251750919682,0.0
5451,102,99,9.920940270506497,299437.201719173
5452,103,102,10.768893464317825,0.0
5453,101,102,15.195884025459458,67895.0023839447
5454,103,104,1.584353388600576,0.0
5455,97,104,12.734046720945793,0.0
5456,101,105,18.49164144322176,100260.317698903
5457,93,106,28.4375616712704,109892.25326833
5458,90,107,37.10175859133569,1227424.12928636
5459,89,108,36.07868221132032,1048733.4282311
5460,104,109,13.298463506566657,0.0
5461,94,110,29.752041921085443,0.0
5462,100,111,28.019570198146564,222608.262611153
5463,105,111,18.94466838350592,123467.63434187
5464,102,112,16.11119483018496,485774.195435149
5465,109,113,13.235461839464834,0.0
5466,111,114,15.84791512709645,222755.84987349
5467,112,115,15.995764010578176,304912.099322322
5468,116,115,6.318231128263297,0.0
5469,113,116,4.992414435613441,0.0
5470,106,117,28.82700584413056,98353.5500478147
5471,114,117,15.554734229308032,215446.778395682
5472,107,118,37.148401790058244,1678150.40981003
5473,110,119,29.756105643432964,0.0
5474,108,120,35.79464850939649,1337347.10519613
5475,115,121,24.22717969237632,448642.519433019
5476,117,122,24.351729190272003,398806.716349242
5477,118,123,25.527051749675522,1368840.32571829
5478,120,124,34.28956265784193,1482696.79561179
5479,121,125,23.2476623964288,417185.672548519
5480,119,125,29.084003870423047,0.0
5481,122,126,24.70627340273664,378399.81479039
5482,124,127,33.325532658570246,1528533.36950691
5483,128,127,19.64613979937664,553748.312773381
5484,123,128,25.298602278935043,1474283.21506946
5485,125,129,22.54485990822912,393531.11431502
5486,128,130,10.119726327123074,17104.6441040206
5487,131,127,14.455142808695424,240696.621240518
5488,130,131,3.3625338060441603,40557.8087803865
5489,133,132,5.494447094830849,0.0
5490,127,133,10.320406600939776,8795.79040619803
5491,131,134,7.879142987578368,0.0
5492,134,133,6.355474547799169,0.0
5493,136,135,26.131584442360325,0.0
5494,131,137,4.262836708703232,32805.1588293486
5495,133,138,4.27727919028608,3550.65526839349
5496,134,138,7.6216020024165125,0.0
5497,139,130,10.570734963347329,109423.02986574
5498,128,139,12.856305129364225,392145.164652976
5499,130,140,5.255761034304,0.0
5500,140,137,2.7072334878336,16100.2522324594
5501,139,141,1.98909931847616,12711.5386650585
5502,142,140,7.016860936698625,40765.3352686863
5503,141,142,1.3902322682350081,0.0
5504,143,139,10.36926612545472,359420.475227456
5505,142,144,2.9256633389364484,16563.1671277753
5506,141,144,3.6525411579317764,23177.2448451466
5507,132,145,11.932028722323073,0.0
5508,138,145,9.237663338289408,0.0
5509,126,146,24.322164881160962,347492.240762678
5510,138,147,13.062965437412352,10442.6412992261
5511,137,147,10.509147280368001,17065.4142186154
5512,144,148,3.576254589464832,42350.173760457
5513,140,149,10.565921462114305,0.0
5514,149,147,7.909826778906625,0.0
5515,150,149,9.112525082812802,0.0
5516,148,150,1.6690854097463041,19542.322639749
5517,129,151,22.422052670054402,382352.916929354
5518,152,150,8.101568511527041,92744.7194615534
5519,143,152,13.546079580375938,13963.1925135262
5520,152,153,3.58131482888256,39850.1522162981
5521,154,145,17.875241753656322,0.0
5522,147,154,12.009442100350466,27769.3647701282
5523,155,143,37.037491772244486,1311739.60394864
5524,157,156,18.21439168952832,0.0
5525,135,157,27.09789493036032,0.0
5526,149,158,11.002487533069825,0.0
5527,152,158,15.82193656999296,14555.061849815
5528,158,154,13.470564560390786,10787.0950123948
5529,159,155,36.3247432967232,1191198.51192603
5530,156,160,19.520536084600323,0.0
5531,160,161,1.547857095751296,0.0
5532,156,162,9.547859920313089,0.0
5533,163,159,36.221123398014726,1009387.07352346
5534,165,164,36.02572494453504,565299.538073378
5535,166,162,9.631279312212095,0.0
5536,157,166,13.282995513972097,0.0
5537,164,163,36.05118355960705,782799.353642183
5538,161,167,3.452036310657792,0.0
5539,153,168,26.049754433767685,267722.152647735
5540,169,166,2.638801691298432,0.0
5541,157,170,14.170145251337857,0.0
5542,170,169,11.311033402905984,0.0
5543,167,171,1.57383208654848,0.0
5544,151,172,24.18707252244096,405363.079732159
5545,173,160,12.882356988868224,0.0
5546,162,173,13.272106043902465,0.0
5547,146,174,32.898463181717766,438809.342602932
5548,175,173,7.827155506659457,0.0
5549,176,175,1.1975814413291521,0.0
5550,162,176,6.4496621102918406,0.0
5551,154,177,19.49738106843648,54434.3790506874
5552,176,178,1.34690090312448,0.0
5553,166,178,9.065231173202688,0.0
5554,179,165,36.147169084435205,387256.96054754
5555,180,178,3.6943375516565764,0.0
5556,178,181,3.8881548423590404,0.0
5557,180,181,2.5720967257032963,27653.8666988864
5558,170,182,7.130108259521281,0.0
5559,181,183,0.7142660836945921,7519.13888067629
5560,169,184,7.5217124198684155,0.0
5561,182,184,10.974920968649089,153517.967393532
5562,184,180,7.89898630853376,90654.2821886244
5563,173,185,5.969663638000128,0.0
5564,183,185,8.634693204365185,85489.8898218937
5565,186,179,31.2686332142976,216661.055053345
5566,171,187,7.624834101080064,0.0
5567,188,187,0.12481616619648,1357.35243441111
5568,185,188,10.869816736563841,93980.7402091662
5569,187,186,31.13331829939584,124515.729103067
5570,185,189,2.093784113672064,0.0
5571,180,190,4.551788060557056,0.0
5572,184,190,9.430896907048322,11091.1931409808
5573,183,191,4.492062325821312,0.0
5574,190,191,4.00760867434752,4703.53524289242
5575,191,189,8.180865811780992,0.0
5576,192,182,38.40222950163072,671269.487026103
5577,193,192,38.0757944616192,847375.853173001
5578,188,194,10.589179720914432,38679.1123818281
5579,189,194,13.758340835238911,0.0
5580,168,195,26.96407355106432,235288.690935101
5581,182,196,14.949028728792575,0.0
5582,172,197,24.750549336902402,406422.56673694
5583,190,198,15.769500494090112,0.0
5584,196,198,13.980711596429952,0.0
5585,191,199,15.315578525187073,17895.7105962014
5586,198,199,11.704656734749442,0.0
5587,199,194,20.6332767919872,128815.631326559
5588,199,200,0.060874513451136,569.873016159204
5589,177,201,35.473557408791045,77134.8293683373
5590,203,202,12.314591707169665,43572.6288653977
5591,202,203,7.262739208669824,43572.6288653977
5592,174,204,33.510362276413446,411741.322246316
5593,206,205,18.564976980126723,0.0
5594,203,205,16.98489130466304,113206.150968551
5595,205,207,16.15742672886144,122254.208329938
5596,200,208,17.20699365141504,192288.232301632
5597,209,193,40.847873247244806,1037613.01045458
5598,195,210,27.05893514222976,194990.408776287
5599,201,211,33.92437263481728,46487.4912357081
5600,207,212,26.46886087650816,228824.303544697
5601,213,202,23.814185876110084,123274.047643437
5602,197,214,24.389292502333443,385944.827548451
5603,215,209,38.370519582912,1004911.03688524
5604,214,216,5.58415449307584,50463.104742285
5605,216,217,0.375538407501312,0.0
5606,218,215,24.229585468535042,611729.140158387
5607,216,219,15.575900488967807,132916.837799555
5608,217,220,2.613854088008064,0.0
5609,217,221,4.947046226800128,0.0
5610,214,221,8.110660904400385,51287.3521359241
5611,220,222,0.9670258864696321,0.0
5612,212,223,26.882944958960643,262697.132895635
5613,224,218,23.92459881584256,565706.51664401
5614,225,224,20.08055335663872,317612.667312339
5615,225,224,14.471949989540738,317612.667312339
5616,227,226,37.67649107726592,521985.234069
5617,226,225,37.672126504151045,613864.835138382
5618,211,228,33.96139713850752,23490.4916247034
5619,229,227,37.726550430497284,423642.264575182
5620,231,230,32.5621418449536,168894.697853553
5621,204,232,33.3080294171328,330804.540765639
5622,230,232,32.4572802086016,197057.857545906
5623,207,233,23.9588669155968,0.0
5624,222,234,9.41198981391821,0.0
5625,220,235,12.828593038402945,0.0
5626,235,236,2.66246651867328,0.0
5627,237,213,24.57996854505984,141303.547560129
5628,236,238,0.8539907508253441,0.0
5629,210,239,27.027683435934723,159176.117590244
5630,240,231,32.42403325370881,136879.381629874
5631,219,240,17.09606784593664,73080.776579314
5632,238,241,2.0315646038476802,0.0
5633,235,242,6.5334569363965445,0.0
5634,242,240,8.721959707346688,0.0
5635,234,243,4.042090506250369,0.0
5636,221,244,13.94318115361037,89627.521442816
5637,241,245,0.775597753839744,0.0
5638,243,245,7.310791484625025,0.0
5639,245,246,0.6400113281210881,0.0
5640,247,229,28.5191393990976,391977.561826666
5641,248,237,28.539970136282882,240903.865332503
5642,243,249,3.086662172242176,0.0
5643,244,249,3.7610753398225927,24361.8055315984
5644,232,250,34.32416788297728,298299.713719401
5645,242,251,4.31111277520704,0.0
5646,252,251,1.410479917558272,0.0
5647,246,252,4.280801783588352,0.0
5648,237,253,25.792795144385284,217703.59913439
5649,208,254,34.411551367564805,586389.099454679
5650,232,255,20.6570307094272,188481.953981974
5651,256,247,28.41141612380544,412647.500921363
5652,250,257,34.100968961410565,269684.287381186
5653,229,258,17.8650966422016,33225.3278180917
5654,259,248,28.595462924540165,251776.196233399
5655,223,260,28.72744211994624,303336.4466117
5656,228,261,34.5967123493376,8350.5957752682
5657,249,262,10.937544012185473,70939.6459994609
5658,260,263,6.981021293216257,112082.736967085
5659,265,264,6.601013714896128,0.0
5660,263,256,28.30480490521728,438162.738702003
5661,257,266,34.06580703199872,232389.194890782
5662,262,267,5.5330882569895685,35797.4209138678
5663,268,264,27.11682097673472,236518.314407862
5664,251,269,12.193918459138944,0.0
5665,267,269,1.292442541644672,8340.96557228439
5666,264,259,28.504337763432964,253589.956878995
5667,240,269,23.234736483383042,105693.101036526
5668,263,270,3.967121084458752,0.0
5669,271,260,31.018453318702083,180895.145608045
5670,253,272,25.804065428697605,242029.625982365
5671,233,273,23.80680598779648,0.0
5672,273,271,30.769919138280965,204006.484311593
5673,272,273,25.30469586686976,253861.481773277
5674,274,268,27.23174650094976,227047.063030996
5675,266,275,41.058396476570884,227266.273326331
5676,277,276,10.529998284022273,0.0
5677,279,278,37.68068472195456,0.971504596484278
5678,255,280,20.043193320817924,196944.813563164
5679,261,279,38.22751642938624,1156.41749122373
5680,275,281,41.203132893584645,184525.463977047
5681,237,282,32.471733920186885,42399.151044442
5682,276,283,28.01798538054912,94491.9188633001
5683,239,284,32.93731182855168,160699.41875172
5684,278,285,37.72574506647936,0.0
5685,269,286,18.808628410851842,218576.251611859
5686,287,274,28.0626609631104,218472.156687743
5687,281,288,41.512207923774724,199368.892418738
5688,289,276,38.742881824500486,122743.063633014
5689,283,290,27.89843703178752,96593.5777314007
5690,254,291,34.35802213992192,860687.284043347
5691,280,292,25.89737735033856,275003.897439167
5692,293,287,10.36272306383424,58768.5531274214
5693,290,293,27.726753855398403,96604.5617982727
5694,258,294,33.52116379100544,68282.3197211136
5695,285,295,37.52083402201728,0.0
5696,273,296,25.69312491381504,292606.014904778
5697,295,297,37.4132952097344,0.0
5698,298,289,37.76598896628096,148195.109932007
5699,297,299,37.77570111591937,0.0
5700,300,298,37.993531507303686,178717.053177451
5701,287,301,15.06606598753344,25212.9755638531
5702,293,301,9.10385603753472,3741.33486627473
5703,288,302,41.470293766302724,205649.600897252
5704,303,300,37.741013975174404,202269.628887101
5705,302,303,37.36920632962176,217535.398666965
5706,286,304,18.65250453318912,223142.015579566
5707,282,305,32.17602837043584,55521.9922151448
5708,284,306,32.64292009896192,148173.926817484
5709,291,307,31.94991653622912,1021297.58245214
5710,299,308,40.656650623015686,102.477611813468
5711,308,309,39.484701828000006,5201.87666279526
5712,292,310,26.773460739463683,305636.858904272
5713,309,311,39.61309197707136,22746.3835271303
5714,301,312,23.26976977792896,54006.6816042249
5715,294,313,32.29892978742144,74239.3800730558
5716,296,314,25.931617721095684,302475.682257365
5717,311,315,39.51213666922368,48228.1587869711
5718,302,316,25.31624865542784,165684.383889481
5719,312,317,21.6233948690496,58392.0552286077
5720,306,318,17.4590997869376,83167.4824242206
5721,315,319,39.627045890784004,75080.8342957782
5722,321,320,37.1817620266752,497186.879371088
5723,322,321,37.101193808152324,520821.802521608
5724,318,323,16.90923395107584,85149.2082883708
5725,319,324,40.172140053872646,98161.7068696018
5726,324,322,13.960455100542722,192043.013350081
5727,307,325,32.528760928266244,1202344.30345084
5728,305,326,32.4962857986624,69165.4138431515
5729,304,327,38.48313336493824,465435.436867525
5730,313,328,31.882567308387845,81278.2618499797
5731,310,329,27.30685682241792,328087.810946088
5732,320,330,37.71321241273344,431835.926337937
5733,317,331,40.733685929122565,132838.962702994
5734,316,332,26.0360918756928,170204.17617979
5735,330,333,37.85855484432384,325538.39008473
5736,332,334,7.953417504286849,92969.1072924502
5737,332,334,14.31964780659072,92969.1072924502
5738,314,335,39.464190851374084,446829.172983258
5739,323,336,28.402870764660484,151483.985080352
5740,337,324,40.07126870550144,438493.393934275
5741,334,338,13.097979397299456,84413.8264930956
5742,333,339,39.32516556169344,209535.302659508
5743,328,340,32.40316181621376,89136.9462197606
5744,331,341,41.166171009469444,170985.227740827
5745,326,342,32.497646740416,82200.1207337903
5746,325,343,34.145278514772485,1357596.98929851
5747,344,337,38.02779588947328,343093.412278106
5748,338,345,13.473042951760128,87792.3909300261
5749,327,346,38.2766084059392,443085.125113771
5750,329,347,36.46642810783104,450760.936885608
5751,340,348,34.77581532577152,100219.672810522
5752,336,349,28.79810455256064,157827.277282529
5753,350,344,38.148446799809285,253813.970509632
5754,339,351,39.784981117305605,94475.9496231797
5755,353,352,36.844777463155204,0.0
5756,349,354,9.496086152230657,51561.5410490001
5757,342,355,32.26274869264128,92811.6182101468
5758,335,356,39.542846316272644,396520.684819322
5759,343,357,33.431008179191046,1330377.92269292
5760,341,358,42.46703516297088,222945.077779644
5761,359,350,38.064440797194244,163145.483594527
5762,345,360,34.846363768550404,263846.504270911
5763,348,361,35.7745892112576,104771.254245148
5764,347,362,35.7087533622336,440581.868038636
5765,346,363,38.990250373155845,401780.069432895
5766,365,364,1.9236808608652802,0.0
5767,364,366,0.567550403697024,0.0
5768,351,364,39.836833295846404,105154.082274041
5769,367,359,38.36233779067008,95598.5614857946
5770,354,368,27.02673738306432,141784.870294973
5771,355,369,31.91994723570048,99246.7638954812
5772,364,370,23.57829339858432,120494.333084697
5773,357,371,32.55264047109888,1203812.90164913
5774,352,372,37.61754054905088,0.0
5775,361,373,36.08309926514304,105127.507781495
5776,360,374,34.524111735463684,311262.519942745
5777,375,367,35.98515610208641,62665.0835217219
5778,356,376,39.29759376529537,317558.915087331
5779,358,377,43.29172167306624,271339.746606701
5780,379,378,42.22378247940865,239103.197105255
5781,368,380,26.72414913573504,128818.819223692
5782,362,381,38.66357520292608,454559.581409435
5783,383,382,6.776231903895169,0.0
5784,384,382,3.669535547327232,0.0
5785,363,385,38.075398402060806,332485.058805621
5786,382,385,10.653786266086657,0.0
5787,370,386,25.173718874346243,181677.164022422
5788,369,387,32.09835845170944,102687.0992107
5789,382,388,3.96623800843776,0.0
5790,373,389,36.473141534607365,103719.874010565
5791,371,390,34.79817902749056,1097601.57058551
5792,391,375,36.297296659008005,97022.8391348498
5793,385,392,24.822963202498563,99559.7949871701
5794,380,393,24.63028022733696,102522.220295046
5795,372,394,38.00921660845056,0.0
5796,378,394,43.912677721271045,152403.515339438
5797,374,395,36.07062094285056,366149.379314154
5798,396,379,44.26742295689472,328002.45848329
5799,398,397,37.64376379564416,184222.006491349
5800,392,399,24.301231178146562,53418.6671169442
5801,386,400,24.34386656313216,226891.389979897
5802,402,401,38.73333175189632,274524.091554922
5803,403,391,35.546925792407045,120365.580325133
5804,404,402,37.813227187760646,230667.268881352
5805,380,405,25.02977962978944,2581.99596751891
5806,376,406,38.17016618456448,228247.449687166
5807,407,406,3.204476451234432,11881.9864234947
5808,397,404,37.8735085308096,201673.717864683
5809,406,408,4.763451257440129,19723.2585212472
5810,409,407,34.46278859966976,93408.6569912348
5811,400,398,37.948873756273926,160842.038642834
5812,411,410,38.7648473262336,329205.099360894
5813,413,412,32.89239651810816,31253.0668133418
5814,377,414,43.85330726692608,306081.203718218
5815,415,414,8.823532031246593,92465.0696791733
5816,395,415,20.111501154412803,215595.716764987
5817,413,416,1.8241539166287362,1666.74770319574
5818,414,416,0.895953759934464,815.948971895147
5819,399,417,24.29685556493184,72316.9341154041
5820,418,403,41.59972920039552,98529.2394644022
5821,419,409,34.42081666674816,119133.344420952
5822,420,419,34.33271351571072,143283.299206007
5823,387,421,32.443689057120004,102172.762125375
5824,410,422,41.83297403345281,359700.799891841
5825,385,423,39.1290406664256,319256.847086678
5826,401,411,39.17854656625536,312103.138443219
5827,421,420,34.22696302257408,162770.174244546
5828,408,424,42.264769509895686,164700.270572584
5829,422,396,43.66342446985728,363264.292181215
5830,415,425,4.898884871117952,57706.2705361826
5831,424,426,42.19040317206529,177253.826075661
5832,414,427,4.712365350342145,28656.0341076683
5833,425,427,10.549500420830977,5211.04861950455
5834,412,428,33.39791110250496,33652.6691173121
5835,390,429,34.22552377014144,828667.66897286
5836,431,430,30.906709950378243,142421.92949159
5837,425,432,2.227064368750848,0.0
5838,433,421,19.70901337718016,159307.160433854
5839,417,434,35.15722917784704,138500.754468227
5840,436,435,1.9397863532424962,0.0
5841,430,437,31.091136105680643,142556.943301809
5842,407,438,15.882334218723457,46649.0541457761
5843,381,439,39.191825006104324,409781.891616692
5844,438,408,18.8404214682816,52223.4214316413
5845,440,418,41.74927448212224,114220.828357782
5846,393,441,26.829133629408002,91585.0430800127
5847,389,442,37.933554410737926,102562.451795719
5848,432,443,5.02885078039872,0.0
5849,443,444,10.126400260597633,0.0
5850,446,445,1.351875885934464,1400.11400497638
5851,428,446,7.692196192407936,7938.59028839987
5852,394,447,37.00218097851264,56654.7723869132
5853,448,425,36.263683079458566,452211.863938275
5854,434,449,35.041457170874885,173059.036336305
5855,426,450,42.07603863298176,184761.226054696
5856,445,451,25.6649043264768,26733.7514727826
5857,453,452,33.909926712456965,579434.991570455
5858,454,433,19.78661003856768,158989.481550983
5859,455,454,3.06590771957184,2507.63495391475
5860,435,456,8.72379477471744,0.0
5861,442,457,12.579900962023297,26108.8023695904
5862,451,458,25.724785699261442,26629.5308008581
5863,405,459,24.627288424654083,4711.1642153436
5864,460,455,26.161114343696642,22459.3150386263
5865,456,461,5.205334478661504,0.0
5866,400,462,31.461150185625602,238114.083069546
5867,463,453,35.12766377438208,544830.945391873
5868,465,464,11.351305572444288,47656.9872726503
5869,427,466,15.67297875837197,100586.447092091
5870,450,467,41.68091664620928,182429.659694712
5871,468,465,1.57332651113088,6734.70722384742
5872,468,465,1.5775976103275522,6734.70722384742
5873,437,468,31.607512941312,139511.201500585
5874,457,469,35.15300722479744,314936.887782892
5875,470,440,41.61666707928576,135423.643362926
5876,464,470,41.06160367385473,158433.118927714
5877,469,463,34.89301449900289,318194.412246808
5878,471,457,9.50051893900032,62833.4799207145
5879,442,471,9.047439114062977,4571.2166784482
5880,472,431,34.21998910737792,153622.075145966
5881,452,473,34.035622980606725,784983.600174096
5882,474,460,26.550166206769923,24714.4557940152
5883,475,474,1.8036697935168002,1745.37906725472
5884,449,476,35.116846279004164,197945.308007084
5885,435,477,11.796578744835458,0.0
5886,403,478,35.30612282009472,159115.444976228
5887,458,475,26.071180789167364,26013.5807084857
5888,467,479,41.20361601865344,170147.805675613
5889,480,471,14.306015961236737,97895.089620823
5890,481,477,8.668841222916864,0.0
5891,482,461,11.4762360471264,122525.761122661
5892,477,482,4.514565298560768,0.0
5893,479,483,41.05860730063488,160216.50046044
5894,485,484,1.5199611758622722,0.0
5895,481,482,9.669150956881152,0.0
5896,486,457,14.9920737256224,0.0
5897,480,486,13.824249048415874,0.0
5898,487,448,36.66043895272705,446298.724166186
5899,488,472,33.54140373800832,140472.892766411
5900,483,489,41.14333771726464,200441.197375737
5901,489,480,41.55058255442688,252626.088513061
5902,473,490,34.49314602569088,818967.21500546
5903,476,491,35.477006812346886,210359.136125677
5904,484,492,13.010664171428353,0.0
5905,438,493,27.68012819852544,168192.56806738
5906,441,494,26.81354928928896,69185.3472671536
5907,447,495,36.49748773891968,55462.9515152207
5908,496,494,9.671891494294657,12482.8734981876
5909,429,496,35.549507405491205,578179.296333661
5910,459,497,24.94058352496128,7283.32979091992
5911,498,497,8.400900386457216,3441.6549464293
5912,423,499,40.0238347234176,391535.818338991
5913,462,500,31.26753380703744,298698.886949272
5914,494,501,23.74052277332736,11091.8211190434
5915,501,498,17.3713515123456,7490.57162957834
5916,498,502,2.52812547415296,0.0
5917,497,503,15.246485062959744,5955.59362243408
5918,505,504,40.39984809983232,0.0
5919,506,496,10.906575669525889,70505.357570799
5920,507,506,0.0016318378010880003,12.0729055002018
5921,506,507,0.0019211222131200003,12.0729055002018
5922,490,508,34.3670740883712,802332.253057599
5923,509,454,38.562432036353286,269687.142928905
5924,492,510,13.061226256366465,0.0
5925,478,511,34.251594418736644,152815.268642972
5926,508,507,34.13347589165184,758036.960526887
5927,512,510,5.004434751478272,0.0
5928,484,512,23.98582988106624,0.0
5929,503,513,10.842510274320384,3985.34114737642
5930,514,488,34.427304881925124,128906.473515635
5931,510,515,1.972013705025408,0.0
5932,517,516,17.297740970737923,0.0
5933,516,518,38.14325690681088,0.0
5934,517,516,17.83011806535168,0.0
5935,504,519,39.38810294998657,0.0
5936,520,513,8.831940691102849,21786.0681063134
5937,503,520,5.303988746457985,0.0
5938,521,520,13.603616121249791,26329.6672168944
5939,522,521,2.426023917478656,4156.26249983322
5940,522,521,2.3949026678269445,4156.26249983322
5941,523,522,0.038005110785664,64.8026103019083
5942,497,523,9.12453677903117,3314.85657363622
5943,524,512,10.379143866934657,0.0
5944,525,523,0.9441955667232,0.0
5945,502,525,9.873999151632,0.0
5946,513,514,33.30857276385409,107080.505104572
5947,523,526,1.0203503781968641,2118.44863898769
5948,525,526,1.331490209613696,0.0
5949,439,527,39.06826847345664,341011.880061387
5950,515,528,7.426721719080577,0.0
5951,501,529,9.40658209299072,0.0
5952,502,530,8.474060424398976,0.0
5953,529,530,14.518920760578434,0.0
5954,519,531,39.137952859441924,0.0
5955,530,525,9.50715186638976,0.0
5956,532,528,4.4599165661698565,0.0
5957,515,532,5.224125521995776,0.0
5958,533,529,12.288309473290752,0.822785135974061
5959,526,534,1.0352058335435521,2127.15823382796
5960,494,535,15.411416458686338,17897.4287375039
5961,536,533,12.32096632519104,9.81538755108669
5962,535,536,0.6910330159560961,4005.88689117372
5963,537,532,3.6327241803283203,0.0
5964,512,537,7.658053017981697,0.0
5965,531,538,38.9181420093312,0.0
5966,538,539,38.565735745996804,0.0
5967,539,517,38.88785018017152,0.0
5968,540,524,4.563244407566593,0.0
5969,541,537,2.2776469679969282,0.0
5970,542,541,0.001822079964672,0.0
5971,542,541,0.017942962498560002,0.0
5972,543,535,2.489112920460672,12590.1601019901
5973,496,543,14.568768291952512,95079.9930309675
5974,540,542,12.296881381783681,0.0
5975,466,544,37.068569202677764,218576.964731142
5976,536,545,1.239321432374784,7001.59904354344
5977,546,505,40.468395210693124,0.0
5978,547,545,2.475669641943168,42.4274233186828
5979,543,547,2.41808964395328,542.072967772084
5980,545,548,1.6588931606058241,8987.56328502851
5981,530,549,5.120791450828416,0.0
5982,549,534,11.29433227300224,17099.3809200811
5983,482,550,31.179773430178564,383992.575198645
5984,551,487,38.63417435488512,425139.651233232
5985,552,532,6.105151639458432,0.0
5986,537,552,5.45164863179904,0.0
5987,548,553,5.376439361424384,6328.4964620685
5988,495,554,35.09741560672512,112797.050367898
5989,555,543,16.1373478128192,174.640840440376
5990,507,555,14.605210079539201,219217.502465704
5991,549,556,3.1385793602338565,4199.16759938638
5992,500,557,34.17150784468608,390526.294803779
5993,554,558,30.345727924892163,0.0
5994,553,559,4.358363401510273,1834.76295968532
5995,560,520,17.3623265525952,5136.51078724158
5996,561,540,7.943622843581569,0.0
5997,559,562,1.1625450343119361,476.507775026457
5998,562,563,12.12724436558976,22111.536984173
5999,529,564,9.156487780699777,0.0
6000,528,565,11.04840202726656,0.0
6001,518,566,39.204411862556164,0.0
6002,563,564,2.025425091672576,4197.03050175483
6003,564,567,6.085962378435457,13542.4402256894
6004,534,568,8.70053769717581,3552.08331911057
6005,567,556,8.275687504089984,20762.6667710652
6006,552,569,4.556210378544001,0.0
6007,556,568,10.512001461608065,15484.5684151133
6008,541,570,8.093449847412865,0.0
6009,570,569,1.3823478296559362,0.0
6010,558,571,30.17976923339136,0.0
6011,568,560,5.020581666760704,9783.18324781136
6012,562,572,1.1055017203591682,1320.99127948181
6013,559,572,1.397792935769472,0.0
6014,565,573,6.382042203664512,0.0
6015,552,573,5.7527509235328,0.0
6016,573,569,5.4252769393152,0.0
6017,570,561,13.749495470232194,0.0
6018,570,574,1.792292030774784,0.0
6019,575,527,13.588490563262209,8555.18704264554
6020,491,575,37.49996670444288,215770.538135388
6021,566,540,38.68020003222144,0.0
6022,576,569,3.4253380307773442,0.0
6023,574,576,0.7460010743834881,0.0
6024,577,546,40.14376130020608,0.0
6025,527,578,12.692378165461633,190582.534105151
6026,572,579,3.2537746748770564,3643.02813051173
6027,553,579,7.368321217973761,5286.15478307913
6028,493,580,27.868576458539525,180938.560958369
6029,582,581,11.368102387504898,0.0
6030,583,581,13.125577990884482,0.0
6031,560,584,6.493324539993984,11188.8952626876
6032,585,581,20.13374563592832,0.0
6033,565,586,8.560887610264706,0.0
6034,573,586,8.871681864025728,0.0
6035,571,587,30.583369212168964,0.0
6036,579,588,4.140475670808576,7056.23517887111
6037,567,589,11.492510554419841,0.0
6038,547,590,15.107730609780866,3155.54734861971
6039,555,590,18.134279526908163,259605.799040013
6040,548,591,15.016017317127554,47171.9400575982
6041,590,591,5.42957559369984,74672.7043523351
6042,591,588,7.811348986945153,64221.0467433292
6043,592,577,39.922395598483206,0.0
6044,593,589,4.147966832385024,0.0
6045,563,593,10.866914442375553,0.0
6046,572,593,16.32894121381248,0.0
6047,586,594,4.245541299559296,0.0
6048,587,592,30.47558714754048,0.0
6049,595,509,37.932010711879684,266476.559240107
6050,593,596,1.9926544511047681,0.0
6051,588,596,15.065868389058434,0.0
6052,584,597,8.193695035439234,15234.6990819919
6053,578,598,12.372027778306945,185479.775081186
6054,575,598,20.71199035420416,97050.515035771
6055,576,599,14.048935338582146,0.0
6056,511,600,32.557468535285764,135864.051534275
6057,499,601,39.4316254214784,440583.736797167
6058,602,555,37.529506487151366,108304.039474831
6059,588,603,9.184302153518978,82847.2167690352
6060,604,590,10.917350269448834,23802.0942692816
6061,554,605,26.57882609673984,128055.642822939
6062,591,606,10.450181452119553,0.0
6063,604,606,12.361277339465474,0.0
6064,606,603,11.367618110145793,0.0
6065,568,607,23.373696256669444,19787.0631602391
6066,594,608,17.01676576271232,0.0
6067,609,551,38.58794657612928,349058.432097341
6068,550,609,30.933820975495678,459660.438986803
6069,544,610,37.09059399264384,185821.91129402
6070,580,611,30.0155006105856,205695.364912838
6071,604,612,12.849543893805697,36936.8858825438
6072,603,613,18.702048944620802,198087.638773032
6073,581,614,35.6739549192576,0.0
6074,598,615,25.891096756631043,499517.047282785
6075,599,616,22.582699077945602,0.0
6076,557,617,37.07930380074624,476866.790448317
6077,619,618,36.041579091175684,242062.970689485
6078,618,602,37.86146447390208,178402.872394534
6079,597,620,27.4413159364608,59819.5001970224
6080,621,619,36.40110330599425,314037.987998054
6081,622,595,37.670558697319684,268034.478494874
6082,616,623,15.402466309291777,0.0
6083,608,624,16.880052231313922,0.0
6084,605,625,25.922902061168642,158119.046419321
6085,626,622,27.34370466841728,197355.084622065
6086,623,624,15.247440752582015,0.0
6087,622,627,3.5858286654347524,0.0
6088,607,628,22.898132175663363,22791.6894289257
6089,613,628,17.936902401073922,228308.503697237
6090,612,629,12.793530782102401,47995.0419430823
6091,600,630,33.04778624522496,122453.617707956
6092,631,621,38.75824779273216,392996.110695031
6093,609,632,26.71044018027264,560578.355193683
6094,601,633,40.61658254404608,492205.298297524
6095,614,633,35.0015854801536,0.0
6096,624,634,26.275759407532803,0.0
6097,615,635,27.389900501694722,515639.216872764
6098,616,636,29.262867730525443,0.0
6099,637,626,28.869417224524803,208484.481590109
6100,638,637,12.196307763661824,47556.7203286903
6101,620,639,26.82550837283328,70305.2024532934
6102,611,640,30.315880387330562,214885.934405623
6103,642,641,9.873249483791232,0.0
6104,643,641,20.12188795714944,0.0
6105,644,643,20.09601833171328,0.0
6106,625,645,26.62309882831104,190870.41759494
6107,641,645,7.946193699810433,0.0
6108,646,638,12.570912095030785,47291.452548861
6109,610,646,37.50190290620928,150152.683869857
6110,629,647,22.72484739621888,116284.930635795
6111,645,648,3.36166042310208,25755.1401911419
6112,617,649,36.673427227852805,490935.321252433
6113,648,650,6.882011096463361,53668.7064114376
6114,628,651,25.06753504924416,407816.801132122
6115,641,652,5.946051965648256,0.0
6116,653,631,39.9476993946624,434700.072578359
6117,654,637,15.442660015263362,50144.7887090773
6118,648,655,5.821273854,0.0
6119,652,655,11.213987891698945,0.0
6120,632,656,26.84170262214144,565254.273128382
6121,650,657,4.195241647128576,0.0
6122,650,658,11.12239249475904,89031.451310014
6123,655,657,5.8129507291680005,0.0
6124,657,658,7.191432286891776,0.0
6125,660,659,41.06206801787904,341380.360749729
6126,658,660,16.99316360641152,139932.12151238
6127,662,661,9.250100567592192,0.0
6128,634,663,25.609667311261443,0.0
6129,664,653,38.194706395296,405201.069980714
6130,660,665,2.179760206010112,0.0
6131,633,666,27.62054228520576,251282.138633346
6132,668,667,11.037549794198402,106897.337967543
6133,661,668,16.26306406902144,0.0
6134,665,669,1.7590266891267843,0.0
6135,669,670,1.7155639597029122,0.0
6136,667,671,39.18924509892481,395719.109382598
6137,659,672,41.199380595394565,314320.557976519
6138,630,673,33.310456018202885,104516.929391844
6139,674,654,14.477229178600322,47934.7068571645
6140,646,674,16.95930466627584,33246.5096965781
6141,675,675,0.11557509246835201,0.0
6142,652,676,12.158874095524993,0.0
6143,639,677,26.94048877567872,79791.374972133
6144,635,678,26.931072278626566,495049.967945633
6145,679,646,22.52436692406912,108664.763638643
6146,671,680,39.47425813495296,400108.377938691
6147,679,675,7.136551670561281,101198.428114483
6148,636,681,28.9118007471744,0.0
6149,675,682,3.7813541605297925,53905.6322598623
6150,682,674,8.94343535623296,136669.000901553
6151,680,683,39.29661462431232,366862.243588063
6152,684,668,16.0949480357952,149961.869748997
6153,662,684,11.110650160883328,0.0
6154,672,685,41.13739650201985,250687.158684848
6155,647,686,22.87219293000576,159192.196435657
6156,687,682,11.150098230420864,10768.5157618446
6157,679,687,6.3590044652259845,19835.4092256939
6158,688,679,36.033375830284804,950934.610661988
6159,689,633,40.12438740558336,138263.895824222
6160,690,688,35.73744600235393,1063037.6800061
6161,692,691,37.21674800650752,421.465192430339
6162,670,693,14.026599081006335,0.0
6163,694,664,39.45746339111808,369073.284278959
6164,683,695,39.42179704501632,303877.816209904
6165,658,696,19.06944330221568,0.0
6166,656,697,25.653492178490882,533512.255471772
6167,698,697,2.4344246336129283,37409.3064426032
6168,676,699,12.138125444539776,0.0
6169,640,700,31.170918256220162,224729.823849403
6170,678,701,17.42201745951744,130940.777041231
6171,701,698,6.170358209228929,79065.9267953244
6172,702,690,35.969045329451525,1128175.36845402
6173,685,703,41.16517234714369,166508.170284393
6174,651,704,24.91719737481216,469185.459783695
6175,663,705,26.93489406829056,0.0
6176,674,706,15.698377201681152,292341.307432577
6177,677,707,24.716294514236164,78658.7714984892
6178,708,692,41.607519149560325,20081.1494105386
6179,693,709,13.161390856492032,0.0
6180,696,710,6.549541928949888,0.0
6181,649,711,35.78254817372928,459474.741682679
6182,710,709,5.786203233938688,0.0
6183,712,710,10.275453318024576,0.0
6184,686,713,8.891312685590018,73238.8115306845
6185,673,714,18.18429864653952,57078.9624996576
6186,715,701,8.632541669152896,352517.379437032
6187,678,715,16.184118069250562,172050.246476404
6188,713,716,26.23366128594816,4589.53157656524
6189,716,704,26.466406401600004,3129.49629205258
6190,717,684,31.000981829621765,263121.947406257
6191,703,708,41.30911162388736,81667.2879388434
6192,719,718,37.54030236903936,89110.3368021957
6193,705,720,15.757177880657665,0.0
6194,698,721,10.300984015614336,25130.9070552611
6195,701,721,6.3494131193856,243461.431426577
6196,697,722,8.17763645704896,42807.9836244977
6197,723,702,35.7972214159296,1103225.83066924
6198,691,724,37.86575080071168,8560.99459714566
6199,721,725,1.079392499006976,45441.1981168585
6200,725,726,2.3059331087443202,0.0
6201,726,722,7.094195041659264,0.0
6202,724,719,37.571632659601924,40517.4417631479
6203,666,727,28.902483176497924,258491.437749234
6204,728,715,9.706166818394113,225526.899539518
6205,695,728,40.04927993265408,222628.292430311
6206,681,729,31.157418756879363,0.0
6207,730,723,31.789670500938243,903455.48328426
6208,720,731,8.251083043517953,0.0
6209,705,731,16.5916162976256,0.0
6210,725,732,5.768401597592832,249891.712588115
6211,728,732,15.974198380939393,15850.1285538021
6212,733,687,24.73082991612288,112746.011898181
6213,681,734,27.870964902063363,0.0
6214,735,694,34.3754322164352,260519.992437372
6215,722,736,8.545264319192833,45511.9045585497
6216,732,736,10.409877919685377,201329.281095356
6217,718,737,38.35968731375616,145730.328908685
6218,720,738,22.26045298333824,0.0
6219,731,739,4.64355930246912,0.0
6220,736,730,31.97687996840832,795495.582530563
6221,731,740,6.945704966559744,0.0
6222,739,740,4.910675543250049,0.0
6223,740,738,18.36338504673024,0.0
6224,740,741,0.5342995123488,0.0
6225,738,742,6.210134982450432,0.0
6226,706,743,16.051859388728065,296908.914027787
6227,732,744,6.605120306949121,213567.816905056
6228,713,745,18.34817698733184,174283.729027581
6229,707,746,25.770847651211522,86069.684238375
6230,745,747,2.060230194114048,21135.86928911
6231,744,748,4.3914236515776,22562.5075081386
6232,747,749,0.410993010603648,4252.52773167565
6233,751,750,5.6288648052806405,0.0
6234,742,750,14.118127822136449,0.0
6235,714,752,18.311058562325762,61388.1680781018
6236,739,753,9.072847474149889,0.0
6237,741,754,8.809139308970881,0.0
6238,753,754,5.669935677762049,0.0
6239,756,755,14.511055032232704,0.0
6240,750,755,9.985247414930305,0.0
6241,741,757,14.676653229068162,0.0
6242,754,757,11.388370377326977,0.0
6243,758,733,23.82165297477504,126938.385026693
6244,755,759,2.055672465922944,0.0
6245,760,717,32.39116198407937,230000.110538159
6246,761,753,16.11230782030848,0.0
6247,762,759,10.01225681158349,0.0
6248,750,762,6.63360590496384,0.0
6249,742,763,12.496893333661442,0.0
6250,757,763,13.849846285942657,0.0
6251,763,762,9.768862233770113,0.0
6252,746,764,19.85998350771072,68379.9787913357
6253,729,765,31.13475182256384,0.0
6254,765,761,15.972120066051072,0.0
6255,766,736,15.459791995524098,39284.3171414248
6256,744,766,12.82346085808973,378222.565674991
6257,767,748,12.596033605643138,65958.3198694321
6258,728,767,20.95301823234048,514453.817823212
6259,764,768,3.488511265214976,12130.6773459128
6260,700,769,30.894769712252163,221489.285519074
6261,768,770,1.5317688973847041,5333.78456706326
6262,704,771,31.368590600117763,652767.548808611
6263,772,689,40.2180559900416,147168.861093501
6264,774,773,0.28443086388288,0.0
6265,775,773,0.288818616379392,0.0
6266,711,776,35.214526426970885,400729.471147793
6267,748,777,10.765477720191745,0.0
6268,762,778,4.9803264951137285,0.0
6269,763,779,4.828591998603649,0.0
6270,779,778,8.057649909665665,0.0
6271,777,766,10.632087067333249,19137.0827232784
6272,780,765,12.666706904548224,0.0
6273,767,777,10.535719783577472,19640.1173165171
6274,737,781,39.218234292864004,198131.503766935
6275,773,782,2.4518092567415044,0.0
6276,770,782,7.240528759951873,25255.4661224704
6277,759,783,7.285195536182785,0.0
6278,778,783,11.4017479624224,0.0
6279,727,784,28.875268767121923,246284.430327916
6280,755,785,15.40975441349837,0.0
6281,782,786,2.151678204111744,7513.90509150317
6282,785,787,3.0118133321591043,0.0
6283,781,788,37.91540503377792,221696.35882538
6284,783,785,9.905190251641345,0.0
6285,779,789,3.6511695703676166,0.0
6286,757,789,16.80927728946048,0.0
6287,734,790,26.985697244225282,0.0
6288,791,790,16.503107366592,181.571712610106
6289,786,792,2.02370772206592,7068.42167917207
6290,788,791,16.7280407908416,51.0386998108199
6291,793,767,13.70457457858368,510600.09419944
6292,794,784,11.987974550572416,49297.5167916655
6293,710,795,37.79762228022528,0.0
6294,796,735,35.30090072412288,203705.416850833
6295,797,780,13.499931720033793,0.0
6296,790,797,9.451466193426048,193.935591735048
6297,766,798,15.649789059235585,580933.344052515
6298,754,799,21.288626774553602,0.0
6299,784,800,9.210175728285313,36708.8586143734
6300,792,801,31.221048517148166,108339.568234866
6301,802,758,24.124156715450884,146075.169018837
6302,803,802,7.292544195176064,0.0
6303,788,804,15.482539895936258,93997.988103407
6304,778,805,14.20127413732685,0.0
6305,789,805,12.924738601226498,0.0
6306,777,806,12.85494157403597,0.0
6307,765,807,18.549029008730884,0.0
6308,797,807,21.176105079191043,750.090140389667
6309,808,799,3.7069897844897284,0.0
6310,800,809,2.827182159305856,10921.0010754666
6311,810,809,5.7170492523302405,85151.292128388
6312,811,808,7.096323714530688,0.0
6313,813,812,1.2733794000829441,0.0
6314,805,813,4.803424206476545,0.0
6315,807,811,21.32350425241344,1287.30587763164
6316,815,814,6.075952255536769,0.0
6317,785,815,15.544018985210498,0.0
6318,816,812,0.9079341157877762,0.0
6319,813,816,0.9622957621305601,0.0
6320,789,817,14.527692098979841,0.0
6321,799,817,22.020140877039363,0.0
6322,818,813,4.902267754048896,0.0
6323,805,818,2.525079463936128,0.0
6324,819,760,31.735358005570564,175458.894526787
6325,809,819,1.32470575604928,22823.3065713564
6326,783,820,14.296252106594306,0.0
6327,812,820,5.769606297793536,0.0
6328,820,815,17.561015390350082,0.0
6329,817,818,15.63170827090752,0.0
6330,821,793,14.413128696476928,604194.634177543
6331,816,822,2.428800037488,0.0
6332,816,823,2.88757691443584,0.0
6333,823,822,1.2412226196437761,0.0
6334,749,824,34.75192432440961,398941.992393897
6335,818,825,3.4530680031598084,0.0
6336,825,823,5.469186108811392,0.0
6337,826,820,4.249277563855104,0.0
6338,822,826,3.1286697376492802,0.0
6339,797,827,11.287990464676993,0.0
6340,808,828,5.784851339917056,0.0
6341,817,829,5.193069114423168,0.0
6342,830,827,9.359480638392194,55807.1615450215
6343,804,830,14.863232899075971,89915.5917924617
6344,831,828,0.386968826369664,0.0
6345,811,831,8.224412194905984,656.325729233009
6346,807,832,5.929606743971328,0.0
6347,833,832,13.242124148647681,0.0
6348,834,794,13.521058735840128,54248.0722576489
6349,828,835,0.42424707371903997,0.0
6350,831,835,0.4958987910117121,42.6291940218433
6351,827,833,13.240588142453761,0.0
6352,829,825,18.19218610585728,0.0
6353,828,829,20.94187740365952,0.0
6354,834,819,18.63307167220224,228094.257299475
6355,743,836,33.243346325122566,598455.179032773
6356,837,826,3.725809330915584,0.0
6357,823,837,3.714349541519232,0.0
6358,838,831,14.415732261013249,0.0
6359,832,838,14.411583977294592,0.0
6360,752,839,34.75766221513344,125632.74480239
6361,837,840,3.891245994675072,0.0
6362,806,841,12.09123062166413,0.0
6363,832,842,5.428263238041601,0.0
6364,843,842,13.728657164302083,0.0
6365,798,844,23.85706308112512,990994.640663037
6366,825,845,7.592311323628416,0.0
6367,845,837,9.45452377482624,0.0
6368,846,843,13.798333770718466,0.0
6369,835,847,7.246533055044096,665.865527077395
6370,846,847,4.1314385041839365,0.0
6371,827,848,8.175356707009536,47903.8176919167
6372,801,849,31.936677702336,106245.680876743
6373,829,850,10.28728436698829,0.0
6374,847,850,14.793889743908354,1637.47520541563
6375,851,846,15.866588041362434,0.0
6376,842,852,5.397653217432961,0.0
6377,852,851,15.67138193506829,0.0
6378,853,852,19.30061315977344,0.0
6379,848,853,2.9359021785857284,16967.1527787904
6380,848,854,2.4760943719649284,0.0
6381,855,854,18.59035852371456,0.0
6382,854,853,2.225797314516864,0.0
6383,840,856,6.779873857413888,0.0
6384,857,856,8.088394708006273,0.0
6385,845,857,3.9203252346297606,0.0
6386,840,858,7.666233120412417,0.0
6387,826,859,18.7065622694016,0.0
6388,850,857,21.826037993760004,3221.03785160002
6389,859,860,0.238333808921472,0.0
6390,858,861,0.795542740274304,0.0
6391,861,859,9.431155671860736,0.0
6392,856,858,6.517430630181504,0.0
6393,862,821,39.1326443899776,1964649.50621095
6394,815,863,18.55256307987456,0.0
6395,860,863,10.106972266267007,0.0
6396,849,864,17.68527613974528,55241.5127747539
6397,863,865,22.331987535559684,0.0
6398,865,866,22.586418127088642,0.0
6399,771,867,31.63127677231104,694605.684949215
6400,782,868,32.44387406730625,0.0
6401,821,869,19.293212430455043,0.0
6402,769,870,33.53642988334848,240054.941883996
6403,871,772,39.85266351154176,147871.563656291
6404,819,872,29.82035133183744,255978.484655196
6405,798,873,25.2661772803968,0.0
6406,856,874,8.127701786134656,0.0
6407,857,874,11.29024065267648,2092.29290066398
6408,871,875,34.81381900263168,293226.904205406
6409,875,876,34.798792943946246,274247.213167936
6410,876,834,36.0870530049216,253932.232960856
6411,866,877,33.1374942340992,0.0
6412,776,878,38.19223664771329,351736.767791696
6413,852,879,15.098601757219202,0.0
6414,853,879,14.223392399601792,80170.2906317286
6415,881,880,1.724379407004672,0.0
6416,882,881,4.054343341745664,0.0
6417,860,883,11.071377910568449,0.0
6418,861,883,17.272649768901122,0.0
6419,880,884,6.683165949563137,0.0
6420,802,885,31.385814459436805,211261.647291492
6421,886,796,36.85185070706304,153146.228997128
6422,795,887,37.18542936759552,0.0
6423,863,888,13.65309618628032,0.0
6424,866,889,12.749914088347392,0.0
6425,890,888,3.0526423105812484,0.0
6426,883,890,5.640215246189568,0.0
6427,864,891,38.84874770760192,109490.044466865
6428,888,892,21.853977589635843,0.0
6429,882,893,8.034108092499457,0.0
6430,889,894,2.357229389289984,0.0
6431,895,890,4.863870805014144,0.0
6432,874,895,23.99934101596416,5487.59116384026
6433,897,896,24.148509759475203,0.0
6434,888,898,3.3315504192368643,0.0
6435,890,898,4.112794049557248,0.0
6436,899,894,2.212617878292096,0.0
6437,892,899,21.47991394957056,0.0
6438,884,900,18.24494009640192,0.0
6439,844,901,26.45734210948224,1231992.18109288
6440,869,902,19.1144464828416,0.0
6441,898,903,4.031999842121857,0.0
6442,871,904,27.762837230810884,335753.25280317
6443,900,905,17.62040572009344,0.0
6444,834,906,30.61600006189824,321036.949197029
6445,895,903,11.024846216854272,3001.29362729901
6446,824,907,35.4766151462976,467931.55634418
6447,905,908,7.8441171893568,0.0
6448,903,909,3.156341942628864,914.073344024892
6449,872,910,29.333571619841283,254659.769385468
6450,893,911,8.002972922022144,0.0
6451,877,912,34.31338506896256,0.0
6452,908,913,23.912877754275844,0.0
6453,839,914,34.143775210448645,130655.810308299
6454,836,915,33.28603847167104,559882.256805891
6455,916,862,40.37677993996416,2418374.60095996
6456,891,917,38.42585299783296,90981.1944977897
6457,873,918,24.54506248525056,0.0
6458,913,919,24.7574161663488,173461.342722197
6459,879,920,33.15990565286784,171572.078695771
6460,912,921,33.924392397561604,0.0
6461,867,922,31.55979793557888,688898.016148785
6462,921,923,29.93694608374272,0.0
6463,868,924,32.6925478744128,0.0
6464,904,925,28.049959119029765,323390.626494225
6465,885,926,31.4485060526208,226410.692548264
6466,927,886,35.658881127429126,143779.302690517
6467,909,928,30.09699265693824,0.0
6468,923,929,29.77911601175808,0.0
6469,870,930,33.7117714205184,235690.710289917
6470,896,931,25.4383128755712,0.0
6471,887,932,36.170163713376,0.0
6472,910,933,29.948685942447362,258490.14416712
6473,934,916,39.374108593459205,2548411.83495592
6474,918,935,19.93372025407488,0.0
6475,878,936,37.659515958155524,255718.101928009
6476,917,937,39.0587964218496,77865.6433922038
6477,901,938,27.03460385653632,1370914.57635733
6478,928,939,29.520940058311684,0.0
6479,909,940,36.52052585233536,12226.5505248075
6480,907,941,35.40196337521537,492089.426644804
6481,925,942,27.8429518718208,292978.851920218
6482,919,942,26.52214421248128,234512.373603609
6483,906,943,31.37697500876928,340979.400363435
6484,933,944,23.784532747303682,84224.1969675732
6485,945,927,34.4555626612032,144838.636157048
6486,914,946,35.16395705653248,135301.814645304
6487,920,947,33.642113910577926,148495.008402379
6488,911,948,36.48780772788096,0.0
6489,915,949,33.55195791252096,508417.600916444
6490,950,945,4.8139243038120965,20931.1619859914
6491,951,949,17.37044305375104,144657.48627424
6492,952,934,39.58276018790016,2521451.94921523
6493,932,953,35.134228739174404,0.0
6494,935,954,20.80686987346176,0.0
6495,929,955,33.99437607325056,0.0
6496,931,956,25.63050509737344,0.0
6497,954,957,29.661734451571203,0.0
6498,958,950,14.221885223196288,58336.4337659758
6499,956,958,0.38461170711744,1692.36758955411
6500,926,959,31.8270063805056,233142.025257051
6501,942,960,18.79823335218048,310757.01681293
6502,942,961,25.45884638301312,174980.452466288
6503,963,962,40.04952212283264,108051.747941666
6504,958,964,2.80099090808064,765.355910397189
6505,933,965,27.059040457701123,133515.812604299
6506,950,966,10.270693987310594,3319.95692552667
6507,964,966,12.382081892623873,0.0
6508,967,963,39.98137672032768,166788.672914901
6509,924,968,38.904936295737606,0.0
6510,944,969,24.2557746292224,74505.5162818918
6511,970,951,18.16525638943488,0.0
6512,922,971,38.890824972088325,783980.921980668
6513,938,972,27.237523997629438,1446929.24112198
6514,973,972,3.636903250797696,0.0
6515,964,974,4.343162592206593,1360.80745041072
6516,974,975,0.723589776315648,248.351637285775
6517,976,975,9.395973076862592,10445.2066553785
6518,976,956,16.216311322252803,127974.152806929
6519,930,977,33.593972203376644,220826.626658958
6520,957,973,29.83770574114176,0.0
6521,939,978,33.02583041564928,0.0
6522,979,952,15.822085503514755,948575.300874309
6523,969,979,19.61848177432704,255921.837040779
6524,940,980,36.66066974875009,14857.1568352744
6525,982,981,35.3932623925056,207177.895646851
6526,983,976,38.0327141734848,419328.327484895
6527,961,984,25.03019456695296,192788.151106548
6528,985,967,34.5478695636096,184847.277469727
6529,979,986,4.237054121418624,0.0
6530,962,987,40.564821245160964,59984.9626323316
6531,988,966,10.705032600641282,3883.30669417001
6532,975,988,9.036376287067009,13528.4386537564
6533,937,989,41.99305126465153,74684.7857668809
6534,990,979,14.237412505633152,620517.358784356
6535,969,990,9.833650576877952,127175.291514864
6536,936,991,37.99011570685057,183215.870406695
6537,992,983,38.20419959368321,520467.108254727
6538,955,993,31.604434700762884,0.0
6539,995,994,17.941207106592,0.0
6540,996,985,34.178902989580806,206115.107547552
6541,990,997,9.070999063708033,0.0
6542,941,998,35.38426533878016,476453.320528107
6543,947,999,33.7550833737216,121210.661642508
6544,943,1000,31.14433775135232,339982.767175685
6545,953,1001,35.577008197632004,0.0
6546,999,1002,7.721221509682561,219123.895684735
6547,987,1002,40.33867992777216,1012789.8566953
6548,981,996,35.50482969859584,220622.515548041
6549,972,1003,18.8234356470336,1020956.19805502
6550,1004,990,15.826881784766975,882915.568951115
6551,960,1005,20.129779954817284,325328.944055998
6552,968,1006,35.121505732220164,0.0
6553,1007,999,30.83102110192896,1010116.91031323
6554,984,1008,25.37554646398464,210831.998944918
6555,948,1009,35.76345477167232,0.0
6556,949,1010,33.510380236692484,548549.174245221
6557,946,1011,35.67688276660992,131058.80933905
6558,1012,1002,36.40079865717504,861446.424324902
6559,1008,1013,14.00470284222029,120427.350874143
6560,1013,1014,13.688930934138241,118924.536970263
6561,1015,992,38.73357725732352,596651.630543656
6562,989,1016,38.28254179977216,58264.3129214588
6563,959,1017,32.22661616786304,229080.361701605
6564,1019,1018,40.74842739141504,55.8416731030623
6565,1014,1020,3.27847100967936,28521.2222869436
6566,1021,1008,14.924820836331648,0.0
6567,1022,1004,16.13745454451328,883765.135940852
6568,965,1022,27.26800960790016,141193.033951138
6569,1024,1023,36.85348752256512,330427.518501844
6570,1025,982,43.41095327074176,211228.60796421
6571,1022,1026,2.855439356001408,99196.56926251
6572,1027,1026,6.13190399329728,0.0
6573,1028,1007,30.6773101780992,1381219.09371222
6574,1020,1029,30.796531202384642,264760.468958148
6575,1003,1030,18.149620212345603,981842.691575
6576,1023,1031,36.92181333253248,305493.841727263
6577,1032,1028,30.348453477703682,1706587.7173436
6578,1031,1033,37.04840605357057,256845.187814974
6579,980,1034,36.64270011942144,16786.0697611479
6580,1030,1035,8.552662423671169,283146.969174101
6581,1005,1036,16.464387547745282,0.0
6582,1037,1024,37.733574685973764,334552.268101155
6583,1039,1038,33.978559295577604,57453.0550493694
6584,1040,1017,16.84605992484096,577319.65556326
6585,1035,1040,2.842143284179584,95433.3283450251
6586,1041,1036,1.6087411815805441,0.0
6587,1005,1042,22.285877077981443,351182.874399344
6588,1043,1041,4.20338900101824,0.0
6589,988,1044,28.443023479031044,62357.7891497126
6590,978,1045,33.464382030858246,0.0
6591,1045,1032,30.278522604591362,1968247.60502756
6592,1017,1046,19.95286056850944,562051.527068688
6593,998,1047,24.893074032456962,0.0
6594,1040,1048,2.798401230573696,0.0
6595,1049,1021,15.653075951234307,0.0
6596,1043,1050,9.900002643911424,0.0
6597,1042,1050,8.002079092364545,0.0
6598,1051,1019,41.4273347744256,5479.38277145226
6599,1045,1052,2.311123376719872,158357.243582544
6600,993,1053,33.00097549769856,0.0
6601,977,1054,33.43256026273152,197951.910020705
6602,1038,1055,34.933854129672966,76423.3510159427
6603,971,1056,39.14199710872704,656856.136749944
6604,1057,1012,37.027252771660805,1212961.43354594
6605,1018,1058,40.985990335825925,0.0
6606,1016,1059,38.12694667208064,44190.889181507
6607,1033,1060,37.78189301867904,196062.289664911
6608,994,1061,33.19440470957952,0.0
6609,1062,1026,35.53243461529345,1191386.45823567
6610,1063,1015,39.089236165816324,628360.798272445
6611,991,1064,36.92336073288192,120368.546926323
6612,1064,1039,34.124449386931204,39348.1845345744
6613,1065,1037,40.5347333681664,320693.118779264
6614,1067,1066,7.1073183809802245,0.0
6615,1029,1067,32.369702283072,262518.615692267
6616,1036,1068,14.435831136139775,0.0
6617,1050,1068,9.879170186337408,0.0
6618,1060,1064,38.26414855891584,128176.421230304
6619,1042,1069,10.089795425542272,164305.494275942
6620,1022,1070,18.6653493835776,448880.656535136
6621,1000,1071,30.502959578403843,324595.140746654
6622,1066,1071,19.40379916324608,0.0
6623,1052,1072,36.586479682368,2590010.8463481
6624,998,1073,33.71753081207808,404369.76648838
6625,1054,1074,8.772719659520257,13156.8830765801
6626,1075,1054,22.500480187468803,51235.105404599
6627,1069,1068,21.154313080834562,0.0
6628,1076,1030,31.10792882174208,774763.424516896
6629,1054,1077,18.22856354060544,137231.089019676
6630,1074,1077,11.960709252129794,75765.6524383133
6631,1006,1078,36.744310784332804,0.0
6632,1058,1079,40.545491285629446,0.0
6633,1044,1080,25.98180598278144,72050.7755091965
6634,1061,1081,29.63175142333824,127715.793170081
6635,1082,1063,38.147607221137925,598265.122618225
6636,1077,1082,4.167858197086848,59411.5390487606
6637,1001,1083,37.917624560555524,0.0
6638,1084,1065,40.624942056145926,255634.19313091
6639,1085,1084,40.510522702805766,181113.209898948
6640,1055,1086,35.262168786915844,90270.456268235
6641,1071,1087,6.696380538688897,69371.6542590313
6642,1087,1088,0.390992577440256,496.642206289176
6643,1034,1089,21.847715229795842,10554.6611265709
6644,1009,1090,34.490837775778566,0.0
6645,1091,1051,36.56144014047361,20470.8309643082
6646,1048,1092,18.07127498068992,0.0
6647,1074,1093,4.929714776397312,38977.177862116
6648,1011,1094,33.82982092283904,113699.563000826
6649,1075,1093,14.202663834839042,71046.4284970157
6650,1059,1095,37.49482901856384,28581.3077439048
6651,1095,1094,13.364248509976319,18083.8529115788
6652,1093,1096,0.907917866241408,2891.58780061219
6653,1067,1097,12.361553866607617,93445.5813937752
6654,1096,1098,1.192844786272128,3813.25298346203
6655,1100,1099,38.369339032527364,68279.9634820354
6656,1094,1101,28.30695360476544,80127.3668168288
6657,1103,1102,43.51198502242944,91033.4247211769
6658,1099,1025,42.69875826471552,142157.844294807
6659,1079,1083,41.17840076858113,0.0
6660,1082,1104,5.653327540582657,38586.6364495446
6661,1106,1105,0.173770637179392,183.00714332556
6662,1105,1095,12.034157990291714,11751.1822467416
6663,1102,1106,42.87689338166784,58970.7929697802
6664,1088,1107,6.02426367968832,7565.29881957431
6665,1053,1108,31.2261260940288,0.0
6666,1110,1109,1.040216361934464,4545.09347864171
6667,1097,1109,6.404756100247297,46646.7422579851
6668,1112,1111,31.525774777981443,0.0
6669,1107,1113,0.191669896332288,237.947994211095
6670,1087,1114,5.528478585611521,49706.6574548448
6671,1110,1114,2.970882363170304,12828.435584978
6672,1034,1115,35.798278513536005,0.0
6673,1116,1103,42.702926015059205,117152.20524046
6674,1046,1117,33.001597798836485,934329.186779679
6675,1118,1116,42.59439116368128,135495.660818217
6676,1113,1119,1.302370916305536,1612.19013687517
6677,1080,1120,25.11714814747776,84754.0084646457
6678,1119,1121,0.461161485404928,568.914819632014
6679,1010,1122,33.56871829686145,613489.930690364
6680,1123,1100,38.923072122021125,23278.1384958372
6681,1047,1124,24.8598459229824,0.0
6682,1101,1125,28.390342198648323,83528.0001135806
6683,1126,1085,40.48842565329409,141644.220317169
6684,1114,1127,2.645493490100736,86459.3494430432
6685,1109,1127,3.123577971182592,8723.07896166099
6686,1128,1057,38.03219060560128,1513682.09449252
6687,1129,1062,36.0765877627584,1094960.27199573
6688,1130,1069,18.442667930480642,306855.421469575
6689,1070,1131,17.991811673383683,412726.077042532
6690,1131,1132,13.051561328099714,504546.368789391
6691,1083,1133,32.05591807093632,0.0
6692,1064,1134,19.949354226362882,80303.5068323147
6693,1135,1121,4.651226342813952,154181.035347716
6694,1127,1135,3.547599340843008,62861.2255170085
6695,1121,1136,12.94897955122253,463014.479938351
6696,1133,1112,32.0163234126912,0.0
6697,1081,1137,30.0239211811968,169058.494368453
6698,1138,1049,33.44060051316864,0.0
6699,1139,1135,3.6247942600784646,53620.5061263502
6700,1127,1139,3.395136056121216,62575.698902271
6701,1125,1126,40.022291668296965,122301.049164552
6702,1072,1140,36.94979990515968,2613693.13320798
6703,1136,1141,13.037756273879042,493071.103842454
6704,1142,1139,6.540617327891328,201880.765059753
6705,1143,1131,16.02284004533837,266033.24941246
6706,1144,1142,1.1848049735765762,0.0
6707,1141,1129,11.071672977353472,444122.754438725
6708,1129,1145,28.407031546544644,388106.923230332
6709,1146,1091,36.57904341873408,41831.2943647207
6710,1111,1147,32.06408599063296,0.0
6711,1148,1143,15.935798781315071,257411.118880752
6712,1092,1149,17.88509407715712,0.0
6713,1145,1148,27.89381613845376,424957.553705036
6714,1147,1123,38.804967113425924,1775.26856692649
6715,1120,1150,35.44169952698496,144391.223964416
6716,1151,1075,41.13276202582272,347342.692834475
6717,1089,1152,22.008499960803842,10739.3006624488
6718,1140,1152,35.63410086694656,2301633.23434969
6719,1098,1153,25.212379163558403,84219.9074374304
6720,1137,1154,30.38186048185728,212817.021622609
6721,1155,1076,32.713829662440965,812573.444295824
6722,1156,1118,44.565477312026886,152228.590921564
6723,1086,1157,38.31580158113664,104380.73607603
6724,1158,1130,18.76860100000512,318482.822800845
6725,1090,1158,33.528275063712,0.0
6726,1134,1159,19.173233083276802,45462.7109146526
6727,1161,1160,31.176390074100485,20700.1623483221
6728,1056,1162,38.938222953146884,484672.504705526
6729,1132,1163,21.24981128020608,792884.871128107
6730,1078,1164,36.86013847460736,0.0
6731,1162,1164,7.621191605212417,1421.61449763193
6732,1154,1165,6.861095366602752,53624.3743127854
6733,1166,1128,37.12580688998016,1607134.26331091
6734,1167,1162,19.302310486609922,3861.97449054046
6735,1160,1167,31.386384151119366,12257.8697836994
6736,1152,1168,6.846968295522433,405018.617508913
6737,1141,1169,14.941144966137987,64915.7417901271
6738,1115,1170,35.27085937326336,667.354970623588
6739,1171,1161,31.381790005082884,29541.912168419
6740,1073,1172,33.829413098976005,332695.957764337
6741,1117,1173,33.031327339296,903209.414098213
6742,1172,1171,31.125217151381765,37519.7935371558
6743,1108,1174,33.09356661025536,0.0
6744,1175,1158,12.638054063505024,102779.435628783
6745,1176,1172,20.302834469322242,28678.9963510205
6746,1178,1177,23.057625182803204,0.0
6747,1180,1179,28.391438902210563,159299.696630002
6748,1124,1181,25.78724578831104,0.0
6749,1181,1176,20.126787186528002,31297.2995775496
6750,1164,1182,7.6813300143740175,1902.53598349833
6751,1162,1183,8.34176285729741,106687.96442025
6752,1183,1184,0.332630214567552,0.733318263316247
6753,1185,1181,17.63995181452416,29355.2163971325
6754,1150,1186,36.30720814199424,176342.027116968
6755,1165,1187,15.795273077692416,130620.559611633
6756,1177,1180,28.590678103426562,169309.747120185
6757,1184,1182,7.911988411143169,25.5906308291156
6758,1188,1183,2.335462073442432,30207.077188578
6759,1167,1188,18.65068016473728,10.1663200566822
6760,1104,1189,32.351699662191365,220474.502294467
6761,1190,1166,35.86743859133952,1528314.75941261
6762,1191,1177,8.0738576034336,48331.4199621302
6763,1192,1156,41.586405779381764,142267.90989405
6764,1182,1193,17.427159909054723,34185.2238642873
6765,1194,1185,17.718328396200963,30844.7524575059
6766,1179,1194,28.188328729777922,143743.749810485
6767,1157,1195,35.873263499293444,94303.3544365087
6768,1197,1196,28.48669697136384,0.0
6769,1198,1146,37.94828404435201,67221.2175940317
6770,1182,1199,6.048449604603649,9601.40815155499
6771,1201,1200,38.6099437819392,134242.357478654
6772,1202,1175,12.916487909749248,108294.995994023
6773,1187,1202,15.922186821015554,140855.347751123
6774,1186,1203,34.8559116041664,191625.748408272
6775,1204,1199,6.646326966221185,10541.5325065353
6776,1184,1204,8.382500003332224,0.0
6777,1193,1205,40.54054831428096,93210.6652652807
6778,1153,1206,24.48465157391616,87624.0467563635
6779,1122,1207,33.605514499011846,658969.481027591
6780,1208,1142,36.354245662183686,1163435.80914786
6781,1203,1191,34.93175054003712,205695.946770615
6782,1195,1198,35.69037407438976,82033.2788281142
6783,1209,1192,40.81094984254464,130606.346307301
6784,1205,1209,40.462055554060804,113079.85535315
6785,1139,1210,30.4611624041472,89754.2996998331
6786,1158,1211,17.860006544624643,159799.912143302
6787,1212,1204,5.492329116050304,8699.98188350733
6788,1188,1212,8.449182357644162,110504.305723466
6789,1159,1213,38.07891570384,27950.2544864598
6790,1163,1214,21.79457456216832,767382.20235503
6791,1214,1215,19.874884327246082,445327.544555847
6792,1216,1138,35.48003630586624,0.0
6793,1217,1151,41.56211831612544,415452.247313535
6794,1218,1214,11.217117209607936,92174.3631791909
6795,1220,1219,5.6157492004669445,0.0
6796,1219,1221,2.96025017409792,0.0
6797,1169,1222,18.94048330052736,73024.9560804331
6798,1168,1223,29.890587127357442,1572116.52590501
6799,1224,1214,6.122163295505664,64070.4731265543
6800,1225,1201,39.43250217599616,100789.834067992
6801,1202,1226,14.770726008318722,62674.5117137004
6802,1212,1227,7.3678826250627845,109602.552114988
6803,1204,1228,8.125062851435905,0.0
6804,1215,1229,20.435292042232323,472448.364568125
6805,1219,1230,3.127853315828736,0.0
6806,1218,1224,8.72145794285568,6047.39053149877
6807,1227,1228,7.33066144183296,0.0
6808,1231,1155,32.55604054826112,774865.100497787
6809,1233,1232,4.212975205004544,15962.2257709658
6810,1230,1233,1.0503373605880322,0.0
6811,1172,1234,20.58255205547904,161023.917213503
6812,1199,1235,11.630259586028162,0.0
6813,1228,1235,7.970451201909505,0.0
6814,1181,1236,18.89513480295936,0.0
6815,1202,1237,19.07903188642176,192339.931408664
6816,1170,1238,35.5558659236352,5384.34685371706
6817,1232,1239,23.267990905632,102718.158334837
6818,1240,1219,10.187418473983874,0.0
6819,1241,1240,23.86919235279744,66213.1820440017
6820,1242,1218,33.510091922714885,320091.525294165
6821,1213,1225,38.98061339597568,61479.8270562488
6822,1173,1243,32.898918883564804,828966.594952909
6823,1174,1244,31.302875982977284,0.0
6824,1224,1245,7.781577585838849,86177.4449624674
6825,1233,1246,6.475734736770817,23047.8970343609
6826,1240,1246,5.252907583706112,17417.7703047771
6827,1194,1247,24.83965768420224,69282.9495266562
6828,1232,1246,11.392911281435905,0.0
6829,1248,1227,35.42834271208321,294962.291826124
6830,1249,1217,39.57576721807104,481142.166520654
6831,1211,1250,18.010586457515522,155374.114462484
6832,1226,1250,19.67535497740032,84661.6781903481
6833,1251,1242,33.6248054480448,348999.290173515
6834,1252,1191,26.29835144297856,0.0
6835,1253,1216,31.648147750771205,0.0
6836,1222,1254,17.71724949198336,59504.0902585189
6837,1239,1255,24.449821700451842,135876.292198905
6838,1189,1256,32.12636956683264,205067.514688772
6839,1254,1257,12.227485488413185,176240.428494823
6840,1258,1254,23.52229714315008,280688.259684824
6841,1200,1259,35.384893095594244,145888.896617483
6842,1255,1260,4.571886216306816,28616.1324329152
6843,1257,1251,33.01343510332032,360447.006003663
6844,1196,1261,28.662316764111363,0.0
6845,1262,1248,35.29712681244288,319905.533109501
6846,1250,1263,10.696276182468097,135061.190635547
6847,1250,1264,6.930042690738817,0.0
6848,1236,1265,18.661322370366722,0.0
6849,1229,1266,27.369571091258884,646080.156697849
6850,1264,1263,5.46954221157696,0.0
6851,1268,1267,16.10323739659008,0.0
6852,1237,1269,20.41715769654528,223391.332686911
6853,1260,1269,7.4141963492256,48506.8637061305
6854,1270,1253,13.937251931197057,0.0
6855,1263,1270,8.738911808009856,108156.581975331
6856,1265,1271,1.71131342792256,0.0
6857,1272,1208,35.79604175068416,1200122.98860344
6858,1273,1190,41.61633222307968,1563179.33415057
6859,1245,1274,14.71750988176973,160393.08314588
6860,1206,1275,34.16569219046016,128855.850443556
6861,1269,1276,14.413047402074113,40231.4432993798
6862,1264,1277,5.714704547557632,0.0
6863,1274,1278,1.872652082260608,20120.093380556
6864,1279,1277,7.130353496188032,0.0
6865,1280,1249,39.57592243929984,548168.33221933
6866,1234,1281,23.35187162081664,144017.212548885
6867,1282,1258,23.70530469390336,294408.305404788
6868,1210,1282,30.650060894238724,113178.412988542
6869,1278,1283,1.5223026313693442,16302.5223851574
6870,1283,1284,0.199600920592128,2133.93247133669
6871,1285,1272,6.395779794184705,58820.3434929015
6872,1207,1286,33.57101206267777,676263.202477035
6873,1287,1231,32.351159598531844,708539.54513277
6874,1267,1287,17.422984160271362,0.0
6875,1223,1288,31.993058832387845,1298890.80821777
6876,1276,1289,14.493275310324096,42090.0419080192
6877,1289,1279,19.50892973707392,259252.065988868
6878,1268,1290,10.282488127579008,0.0
6879,1277,1270,20.26552759013376,0.0
6880,1284,1291,3.4304003349834242,36539.7472781029
6881,1271,1292,8.402564504480257,0.0
6882,1247,1292,25.06569722667648,58217.4295589511
6883,1293,1286,17.92341328200192,245048.492178326
6884,1286,1294,23.4979988329152,198342.851072092
6885,1244,1295,30.975449377847042,0.0
6886,1296,1272,26.221708237443842,657422.27367351
6887,1227,1297,31.075370843109123,220181.548332637
6888,1287,1298,5.063279090348161,104004.298846701
6889,1299,1280,39.29949687894912,577945.391692732
6890,1300,1253,21.99349887913728,0.0
6891,1270,1300,16.64187430828032,199814.298729732
6892,1287,1301,7.888966330012416,0.0
6893,1298,1301,6.351884944631424,71829.0388851528
6894,1238,1302,39.51275753804544,16452.3675931758
6895,1269,1303,13.833989157187585,189365.146331399
6896,1304,1262,36.012610239344646,341902.450021051
6897,1285,1305,8.48189626883597,74803.3270974869
6898,1306,1293,17.901320416784642,271582.548761048
6899,1243,1306,33.33922769320704,739915.107060113
6900,1307,1298,3.7922641851409926,118551.690145339
6901,1279,1308,19.388272469829122,219830.550656374
6902,1309,1307,9.446168862231552,287327.391662742
6903,1290,1309,17.622522635097603,0.0
6904,1310,1309,0.317488139882496,9458.36142941714
6905,1301,1311,27.53974127507328,332277.295375562
6906,1311,1312,27.66281809446144,362883.307739009
6907,1308,1300,18.180180641018882,178376.855568876
6908,1266,1313,27.935750074763522,661307.709754906
6909,1314,1252,26.340402056728323,0.0
6910,1315,1299,33.33453637497984,491439.251805677
6911,1316,1282,28.464827193411843,347148.455311411
6912,1317,1289,22.52235844666368,288544.520459285
6913,1259,1318,34.55987361222528,152499.938576688
6914,1292,1319,19.56334357283328,38065.4863421617
6915,1300,1320,18.714916003956482,501680.10725036
6916,1321,1310,13.952913291301249,402871.790972048
6917,1290,1322,14.664934245164545,0.0
6918,1322,1323,0.38356085376576005,0.0
6919,1323,1321,2.6161854432721925,60113.5641478451
6920,1282,1324,17.945738327278082,86081.0229082403
6921,1325,1323,1.907104873550976,43333.1408898736
6922,1256,1326,31.960793368120324,228003.016506648
6923,1325,1327,0.498570953836032,832.47996554443
6924,1286,1328,17.24959000980864,318223.817956378
6925,1310,1329,9.552659569922303,0.0
6926,1303,1330,13.491701613675648,198128.525682246
6927,1330,1317,22.057131053422083,345281.266210558
6928,1325,1331,2.204831657977344,53163.4966792041
6929,1332,1321,5.909110201551744,28449.7534408047
6930,1327,1332,4.3347838854608645,7623.86115563826
6931,1306,1333,17.89288756687872,116358.882991349
6932,1261,1334,28.76198334147072,0.0
6933,1335,1296,27.33226797793536,697416.614262587
6934,1281,1336,23.965643364284162,108237.259727012
6935,1337,1331,5.905799211235968,127880.626427111
6936,1338,1337,22.612668829090563,623610.14271952
6937,1339,1335,2.436805564718976,61801.5517995324
6938,1334,1339,1.7096270912962561,0.0
6939,1294,1340,25.815985727051523,248166.239913596
6940,1340,1315,33.62093872549632,469117.803187812
6941,1295,1341,30.070230553693442,0.0
6942,1337,1332,11.293381636720127,59213.0049723989
6943,1342,1339,2.5975272335823365,65707.9969002164
6944,1339,1343,2.144017229384448,0.0
6945,1342,1343,1.432380442027392,25776.5867405245
6946,1344,1342,3.6428758562972163,157342.780905626
6947,1319,1345,20.16431283993984,33511.994356556
6948,1306,1346,19.448755013064964,42079.4336690424
6949,1343,1347,6.978258633760128,125614.441050596
6950,1275,1348,34.377973982161926,132478.430786045
6951,1320,1349,19.5573882436416,569604.859675986
6952,1350,1344,7.987106946703104,300941.429378609
6953,1351,1349,32.56725912435072,122960.338579492
6954,1352,1273,40.579218887201286,1157850.88256917
6955,1353,1352,21.376217719676163,0.0
6956,1305,1354,20.626632470442242,166654.593213888
6957,1355,1338,23.124139466883843,660136.075073589
6958,1347,1356,2.8678615508125445,59868.8010332521
6959,1313,1355,26.83879109353728,620760.065053534
6960,1348,1357,1.2871662333108482,4934.26806071175
6961,1358,1350,19.30662236980224,712137.956144792
6962,1359,1316,28.9500354614592,343197.804223256
6963,1354,1359,8.844994862428033,101081.053768676
6964,1360,1357,4.595109747072769,19766.1508647402
6965,1288,1361,32.07538590296832,940443.38766632
6966,1312,1362,35.8801616143872,497654.551022089
6967,1363,1358,19.426316251541763,689596.625952973
6968,1364,1363,0.14347821095308802,4979.77626707852
6969,1365,1291,33.31149916279681,339323.147280109
6970,1349,1364,12.557835011475072,428953.621496331
6971,1302,1366,37.69804503755136,28149.8436234614
6972,1344,1367,4.665352623706368,29692.9361075595
6973,1368,1340,22.24820854700928,63055.3933389958
6974,1367,1347,12.864241049248513,39676.1540478024
6975,1369,1304,37.649516218744324,358867.442807609
6976,1336,1370,8.741018318605057,30820.003352252
6977,1370,1371,2.1065857917984,7132.96473281717
6978,1371,1369,0.910431700193664,3071.67036406541
6979,1372,1369,0.137665654714368,832.579729593895
6980,1371,1372,0.9448612750874881,0.0
6981,1374,1373,1.3095211962919682,0.0
6982,1354,1374,3.75469031095488,0.0
6983,1373,1359,7.9620167249568,0.0
6984,1357,1375,18.27545515766784,8537.32180528749
6985,1376,1354,20.296393665419522,366763.838395675
6986,1356,1376,9.21088306233216,190812.415720342
6987,1336,1377,22.161646020983042,0.0
6988,1345,1377,12.708859851654912,18776.4360386725
6989,1378,1372,3.5229521167822084,21194.2155039371
6990,1370,1378,2.7043407193524485,3200.19355301805
6991,1379,1370,11.159292496378754,60772.1960176529
6992,1377,1379,3.788165237472,1831.33503143974
6993,1376,1374,20.643916084704003,143432.744402942
6994,1328,1380,16.88182796539008,249566.436482626
6995,1359,1381,22.737630142022404,0.0
6996,1382,1314,25.66426491801216,0.0
6997,1324,1383,17.846182778561282,96593.2389274343
6998,1381,1383,22.4713992609216,0.0
6999,1384,1380,4.387112777443969,12675.6096132798
7000,1333,1384,18.0966103521984,110336.456482986
7001,1297,1385,30.968352605329923,218183.799888679
7002,1353,1386,15.762318073894658,0.0
7003,1384,1387,1.4159260889326082,12629.1709958398
7004,1388,1379,4.366024850994048,23765.4102602388
7005,1377,1388,4.614566860873728,4263.46136866331
7006,1389,1387,0.5552081562677761,2924.88629629412
7007,1387,1390,0.9237153301770241,7457.85988660628
7008,1379,1391,9.024140512227456,3809.77121512815
7009,1367,1392,6.968910472672896,67968.5613962658
7010,1393,1389,2.2302302863610883,11882.2209169064
7011,1378,1394,3.8466022385007363,26926.1544358278
7012,1391,1394,2.295878762681856,0.0
7013,1362,1395,35.38725538727808,494500.506850811
7014,1395,1396,35.298693428359684,465632.260682013
7015,1380,1397,3.7976108926187524,50124.9839993153
7016,1398,1368,22.41905957989632,59452.6416245637
7017,1399,1397,1.3860422542264321,20526.0532112937
7018,1390,1399,2.726181012513024,21939.0594507374
7019,1400,1398,3.136131531916416,7913.59894099316
7020,1380,1400,7.806552634881792,0.0
7021,1402,1401,17.5199659816896,87291.7900248446
7022,1372,1402,8.975040212147329,0.0
7023,1391,1403,1.811912975794944,681.30853103924
7024,1404,1402,5.285761525528704,24424.3541124269
7025,1394,1404,1.7183209059878402,11756.871074476
7026,1403,1404,1.991762583237504,22400.5016657366
7027,1405,1388,4.261051389374209,27173.5614405322
7028,1406,1403,9.209414160955008,45771.8949362168
7029,1407,1406,2.073384390996864,10484.8179035065
7030,1388,1407,2.9490878333157124,0.0
7031,1405,1407,3.4122924066781444,17399.1199826901
7032,1408,1393,16.478192951193602,94634.2182860661
7033,1399,1409,2.19722081914368,44345.441461881
7034,1410,1400,3.004430711179392,7479.41148361021
7035,1397,1410,3.9676458818810882,5598.56825261597
7036,1352,1411,14.92975402286861,317185.677659208
7037,1386,1411,10.599374282682241,0.0
7038,1409,1412,0.661666004372736,0.0
7039,1346,1413,18.503820507997442,40837.4955134832
7040,1413,1408,16.18651510667136,105421.732550441
7041,1414,1410,3.5133918200156162,3654.0133599824
7042,1409,1414,2.517881915907072,51201.7616915646
7043,1415,1413,11.210058367719553,105420.196674173
7044,1396,1415,34.62061284582912,404486.033397157
7045,1332,1416,28.412514806860806,346876.367523664
7046,1341,1417,29.6950300086528,0.0
7047,1403,1418,5.748960359970432,0.0
7048,1406,1418,8.594344096918274,0.0
7049,1418,1402,13.31451299699136,0.0
7050,1419,1355,30.7113087771072,188087.121273212
7051,1398,1420,7.313531807995777,0.0
7052,1318,1421,37.00504242433152,160277.82373688
7053,1326,1422,32.06209891750272,250160.059427415
7054,1375,1422,19.90395978202368,8788.43046431525
7055,1401,1423,18.190267574688,100783.112882514
7056,1414,1424,3.5167100475513604,75811.5218752342
7057,1423,1425,31.3104482361792,195436.345244368
7058,1393,1426,13.17046873951987,0.0
7059,1427,1420,9.477283642320383,0.0
7060,1424,1427,1.920887303613696,14753.6786961526
7061,1412,1428,7.678938954056833,0.0
7062,1426,1428,1.55237603070528,0.0
7063,1429,1424,2.891194560422784,40684.4203044537
7064,1428,1429,1.017924593064192,0.0
7065,1429,1427,3.083662065344256,0.0
7066,1340,1430,29.669704373675522,5914.85309525628
7067,1330,1431,35.90566556467968,1272700.5023556
7068,1374,1432,25.88833811570688,206958.784021781
7069,1361,1433,31.5131102706816,744250.847660224
7070,1434,1351,35.533358491403526,170382.853606392
7071,1435,1365,32.71570816922496,299988.68918064
7072,1383,1436,22.083226679036162,133663.75976041
7073,1425,1437,33.13683337307904,229961.509735985
7074,1438,1419,30.36709690717824,174304.392750017
7075,1439,1405,36.43237171728,429819.662881374
7076,1366,1440,39.44228341477248,41708.9724358157
7077,1360,1441,36.7073077010112,153907.305268418
7078,1427,1442,21.63513208843008,170276.886246788
7079,1392,1443,27.10234275484032,282509.126892864
7080,1444,1429,16.56032025390336,241375.211823558
7081,1417,1445,34.98956928099072,0.0
7082,1435,1446,12.452469850009729,104087.105440518
7083,1385,1447,31.250279064407042,218489.55632063
7084,1437,1447,32.25764139117696,235806.375223849
7085,1416,1448,28.717082418562562,378201.201200555
7086,1411,1449,43.55139637639296,591747.932354749
7087,1415,1450,30.984593718735358,30895.3405010016
7088,1422,1451,26.226870224417283,209204.071379669
7089,1452,1438,30.487101810739205,162104.9467533
7090,1446,1452,12.31174302183936,97119.0285012481
7091,1432,1453,25.6542668040384,232072.734243294
7092,1454,1434,33.501037721184,193443.567527032
7093,1430,1455,28.361772946932483,5502.10052435071
7094,1442,1455,21.199383660787202,174925.782487434
7095,1436,1456,21.728289754448642,144750.047349105
7096,1453,1456,17.6826988236096,172842.778276589
7097,1457,1444,16.7268237244416,258983.180139433
7098,1450,1457,27.669235723810566,21815.812403833
7099,1441,1458,34.84504331789184,135959.730283717
7100,1421,1459,37.66130194375296,146728.497628986
7101,1433,1460,33.87992894263296,841336.367265081
7102,1461,1452,18.48748457204352,209223.579847914
7103,1443,1462,26.015772555843846,305622.64302204
7104,1463,1439,37.14733450530432,448306.396937284
7105,1452,1464,13.654415623052161,24700.1740575797
7106,1457,1465,23.28923133351936,0.0
7107,1465,1455,23.96700058845312,0.0
7108,1431,1466,35.9444303646912,1502014.60787447
7109,1440,1467,38.47167710483328,49477.8652665709
7110,1445,1468,34.44095123390592,0.0
7111,1448,1469,27.69830474121216,398292.33177229
7112,1470,1462,11.72771916535296,0.0
7113,1471,1470,22.58388530931456,0.0
7114,1462,1472,8.238188659130497,104905.486248515
7115,1470,1472,5.584215521009664,0.0
7116,1455,1473,20.26571081394816,177101.828286516
7117,1462,1474,8.954624112787585,0.0
7118,1472,1474,10.357254591780096,0.0
7119,1475,1458,16.14264339143808,57577.364704414
7120,1476,1461,18.415015843910403,108854.026403905
7121,1477,1476,2.142068548764672,0.0
7122,1451,1478,25.45527299559552,205404.413053697
7123,1474,1479,14.247445778945282,0.0
7124,1464,1480,28.01543786946432,60201.2544220485
7125,1449,1481,43.232250860029446,105570.84161729
7126,1483,1482,8.557770145174272,0.0
7127,1479,1482,14.36360342497344,0.0
7128,1484,1471,23.80849019847936,0.0
7129,1485,1457,24.632205694778882,423176.200809243
7130,1447,1486,34.514650080218885,493402.370900866
7131,1473,1487,19.592734957931523,175911.135462965
7132,1460,1488,32.85511764150528,980922.702768092
7133,1489,1475,16.116164017747202,59521.7988549044
7134,1456,1490,30.055408382799364,526513.335945718
7135,1491,1463,36.18520868185344,420798.27851686
7136,1492,1454,36.9446149689408,240476.62588253
7137,1494,1493,3.6072814848871677,0.0
7138,1495,1494,13.867378967109888,210857.946170004
7139,1489,1496,5.452569971582976,20620.6875253
7140,1498,1497,7.78993258051008,121708.677585792
7141,1499,1476,37.33936477881984,254261.396323119
7142,1481,1500,40.437391407747846,101411.257475817
7143,1501,1498,10.227380633978113,144532.455055729
7144,1502,1501,2.320337223566208,30387.6959869279
7145,1503,1502,13.289776758504578,0.0
7146,1468,1504,35.58995590119552,0.0
7147,1484,1505,18.87737004312192,0.0
7148,1459,1506,37.315766597598724,129608.680030233
7149,1467,1507,39.05587967897088,54050.3644664173
7150,1508,1504,5.523560642780929,0.0
7151,1487,1509,13.303222542770689,35354.1929798926
7152,1483,1510,28.17778553099136,0.0
7153,1511,1502,6.87349996806528,84852.4303838083
7154,1509,1512,1.225018762551936,3279.14184849541
7155,1511,1513,1.2920858772180481,0.0
7156,1514,1496,20.47697041471488,79570.1746618894
7157,1515,1511,4.560376912223616,52081.7361268285
7158,1503,1515,8.830439132917249,0.0
7159,1515,1516,0.7787911477800961,8561.70697132524
7160,1517,1516,1.161782028228096,12593.1133169785
7161,1518,1517,0.058054472834688,624.738933995768
7162,1518,1517,0.05815406547878401,624.738933995768
7163,1519,1518,0.48930288497164803,5235.31466100709
7164,1503,1520,12.557547283298689,0.0
7165,1521,1520,5.572399775298048,156578.094034256
7166,1516,1522,0.44989570403712004,0.0
7167,1517,1522,0.883113911387136,0.0
7168,1520,1519,6.572024780061313,66682.3379981573
7169,1466,1523,35.66291893933824,1662746.9417977
7170,1524,1495,14.965055603106048,319014.927620678
7171,1525,1524,0.5429815981413121,1689.7026243562
7172,1524,1521,12.765525969170305,309849.737056326
7173,1526,1525,1.4935316918353922,0.0
7174,1527,1525,1.501333217011584,4794.69110427205
7175,1526,1527,0.11500609441305601,0.0
7176,1469,1528,33.3100434306816,524167.161186649
7177,1529,1472,31.934262688542724,445396.906501163
7178,1530,1492,23.91933404006784,163076.957976042
7179,1522,1531,0.9105312155892481,0.0
7180,1519,1531,1.84883017486464,0.0
7181,1531,1532,0.46012162065408,0.0
7182,1533,1499,36.78744685233024,290453.661965047
7183,1480,1534,30.179733602515203,78410.3105941208
7184,1535,1508,11.085636809453185,0.0
7185,1537,1536,2.398160120095872,0.0
7186,1531,1537,2.599925299373952,0.0
7187,1505,1538,17.460653029205762,0.0
7188,1501,1539,8.804743751155968,0.0
7189,1513,1539,9.10364362826688,0.0
7190,1539,1540,0.164081066637312,0.0
7191,1478,1541,26.86340020028544,213671.298062164
7192,1536,1540,10.518506457414912,0.0
7193,1520,1542,3.25380791748672,65391.2806015593
7194,1497,1543,26.56006932116736,489026.60379635
7195,1488,1544,32.73530321990016,1683565.8271799
7196,1545,1542,5.455978309507969,0.0
7197,1521,1545,7.477489495884672,0.0
7198,1487,1546,35.71719897423744,238391.25008803
7199,1547,1545,1.6593493693962242,0.0
7200,1545,1548,0.91866112740864,0.0
7201,1547,1548,1.6203231298425602,0.0
7202,1549,1485,25.19465396139648,457801.171612102
7203,1542,1550,8.424355796334721,182849.254037867
7204,1500,1551,41.01381793745281,146469.484598349
7205,1532,1552,6.976093584886273,0.0
7206,1550,1552,0.480153260606976,0.0
7207,1527,1547,19.50781492839168,79673.8227341849
7208,1539,1553,13.74170663473344,0.0
7209,1554,1534,16.335235245542403,47505.7231560432
7210,1555,1554,2.254748787042048,6800.76672383544
7211,1537,1556,10.53655430408064,0.0
7212,1552,1556,4.36539495858048,0.0
7213,1490,1557,29.393856648288,532949.789849623
7214,1538,1558,12.269450444828545,0.0
7215,1550,1559,4.700256494807808,110500.446819264
7216,1555,1560,2.1766293640523524,6618.29373516573
7217,1548,1559,13.680109102568832,0.0
7218,1549,1561,8.516253020913792,2610.22186721845
7219,1562,1561,0.005016378356352,1.63990775261751
7220,1557,1563,14.247479261347202,292843.935235223
7221,1562,1564,0.321178808244096,105.251662197325
7222,1563,1533,36.49262455884673,315102.104655006
7223,1565,1491,37.56656145572352,395855.734021154
7224,1512,1566,18.24410631136896,49215.4723292725
7225,1567,1514,22.7881640264256,92403.1196842028
7226,1541,1568,32.60913876139392,60725.2379683901
7227,1486,1569,34.5383143250112,488874.771784906
7228,1535,1570,19.82602255125888,0.0
7229,1571,1530,25.073851209454084,170419.626664642
7230,1572,1549,19.09624388487552,364707.259767943
7231,1553,1573,13.752390211769088,0.0
7232,1547,1574,14.668875185830274,82727.1384081592
7233,1540,1575,21.42354482522496,0.0
7234,1559,1575,15.188822735758848,398043.646864245
7235,1543,1576,27.2109873473856,610094.543458079
7236,1577,1570,36.56225224764288,0.0
7237,1578,1573,5.064943481959681,0.0
7238,1575,1578,1.810034179329024,51527.9745397319
7239,1510,1579,28.77212879088768,0.0
7240,1507,1580,38.77506703078272,51751.9552005787
7241,1582,1581,17.328422180678402,0.0
7242,1580,1583,4.860150011342208,0.0
7243,1581,1580,17.3402287305984,0.0
7244,1584,1572,17.65081549807488,360102.693240259
7245,1585,1584,36.138226201228804,0.0
7246,1586,1567,13.77819456221261,141213.955586121
7247,1567,1587,31.079547750620165,263580.838640466
7248,1558,1588,13.290503533426945,0.0
7249,1546,1589,35.20812497152897,250507.041496733
7250,1590,1585,35.74377350843904,0.0
7251,1589,1586,13.103415460384127,134966.279422437
7252,1560,1591,14.298152621157504,44723.5189424798
7253,1593,1592,36.663295763635205,267247.795988962
7254,1544,1594,32.73533584130304,2006065.26190699
7255,1592,1565,34.83057333583872,286343.245566504
7256,1595,1582,23.10963163305984,0.0
7257,1594,1595,22.65737812740864,0.0
7258,1551,1596,42.16853564719489,194019.400198296
7259,1597,1557,32.301418621824,184877.477753132
7260,1598,1590,35.63319388894848,0.0
7261,1506,1599,37.64265796710144,122835.264045406
7262,1600,1598,35.28602364241152,0.0
7263,1601,1600,3.6860326059744,0.0
7264,1564,1602,21.245344513747202,8112.54853669991
7265,1583,1577,35.58108492347904,0.0
7266,1603,1529,32.0446740993984,505830.535488319
7267,1604,1588,15.134633829963649,0.0
7268,1570,1605,20.13332133238272,0.0
7269,1528,1606,34.00856815378176,568578.906568534
7270,1566,1607,18.4417835798592,50190.2207376602
7271,1602,1608,5.312314620049536,2393.18756584465
7272,1609,1589,31.187047954740482,98377.3636704628
7273,1591,1610,13.480037876942209,44012.7990716767
7274,1523,1611,36.61960860797184,1754876.76027232
7275,1606,1612,23.26290801791616,0.0
7276,1613,1597,31.23031254494976,172366.840916348
7277,1612,1601,23.78466930014208,0.0
7278,1614,1571,25.688287113096962,168054.766888407
7279,1615,1593,37.93404205806336,240522.19138379
7280,1617,1616,34.88265513558144,0.0
7281,1611,1618,4.482106759684224,94665.9283126735
7282,1576,1618,27.226518112442882,699317.856143426
7283,1541,1619,35.76876525281664,243993.330423973
7284,1616,1604,15.334373418072193,0.0
7285,1614,1617,34.02408316336128,0.0
7286,1584,1620,24.18315195124224,519377.791834838
7287,1607,1621,7.6202837211536645,20729.7229289764
7288,1621,1609,30.8379840253056,105827.515364669
7289,1611,1622,6.752539864122625,175834.625535692
7290,1618,1622,5.516409830101632,33318.6922707277
7291,1623,1614,10.56663548137613,65911.8322093754
7292,1622,1623,1.344549427841664,43124.6393761719
7293,1563,1624,35.1064732683456,508958.234767534
7294,1606,1625,14.19631957870157,241765.420752999
7295,1579,1626,27.679877462730243,0.0
7296,1605,1627,18.768524926314242,0.0
7297,1580,1628,27.5761663303104,32656.9780541791
7298,1627,1629,10.005631256598912,0.0
7299,1630,1629,12.050306011193472,0.0
7300,1608,1631,15.25145615598528,7703.39766703934
7301,1632,1615,37.415119272410884,210047.477904269
7302,1578,1633,34.98173859932928,1153888.98153701
7303,1634,1626,5.696688256909057,0.0
7304,1594,1635,35.29464689380608,2407760.08936972
7305,1636,1621,30.801250426636802,110400.238381101
7306,1574,1637,34.35089971446144,275029.191608284
7307,1569,1638,34.58551532236417,482223.849971799
7308,1639,1603,30.415614460577284,523919.513688148
7309,1596,1640,40.923389123400966,209699.662156555
7310,1642,1641,5.455438688418049,0.0
7311,1629,1642,9.761030011966465,0.0
7312,1643,1613,32.32398173735808,174531.506686558
7313,1626,1643,16.20765552992256,0.0
7314,1568,1644,37.817268829908485,80995.9688160457
7315,1645,1630,13.284080264936447,0.0
7316,1641,1645,12.71436947624448,0.0
7317,1625,1646,14.871291608688768,252988.345464263
7318,1616,1647,24.978362312090884,0.0
7319,1648,1642,4.764904606116865,0.0
7320,1627,1648,16.077280734611712,0.0
7321,1649,1643,3.762978337603584,20181.8461403102
7322,1634,1649,10.569682458808703,0.0
7323,1610,1650,26.0836350356736,89431.1386671605
7324,1587,1651,35.96379001661952,296952.914505764
7325,1641,1652,6.033688912259712,0.0
7326,1642,1652,4.61533339624896,0.0
7327,1621,1653,17.373525494688,48295.835639425
7328,1652,1654,1.684801753088256,0.0
7329,1648,1654,6.480872141014656,0.0
7330,1618,1655,23.249908960185603,0.0
7331,1652,1656,3.14481171546432,0.0
7332,1654,1656,3.130539201529344,0.0
7333,1623,1657,18.85164654612096,483277.115834411
7334,1599,1658,37.7127158335488,123456.24203559
7335,1659,1636,31.279417782497283,117343.845592636
7336,1631,1659,16.027907098718593,9474.42265894605
7337,1635,1660,33.087566219431686,2341308.44180114
7338,1647,1661,23.793085911767044,0.0
7339,1656,1662,10.846040486257152,0.0
7340,1662,1663,0.8379938247943681,0.0
7341,1664,1645,10.225079907748993,0.0
7342,1663,1664,3.70671180732864,0.0
7343,1645,1665,19.833530076645122,0.0
7344,1666,1659,30.984726521802244,110991.784787627
7345,1667,1663,12.984860165384449,0.0
7346,1654,1667,8.168982267625346,0.0
7347,1668,1661,14.560808989909248,0.0
7348,1657,1668,20.382962178205442,0.0
7349,1620,1669,26.681270643244805,595274.579393355
7350,1657,1670,7.569533275375104,189689.802653948
7351,1628,1671,28.377589193521924,28124.3424323385
7352,1655,1672,10.47988256995469,0.0
7353,1668,1673,4.219210477975681,0.0
7354,1672,1670,11.4804542182176,0.0
7355,1624,1674,35.1047915038656,466742.288984857
7356,1675,1649,25.240109576901123,135365.472267023
7357,1633,1676,34.52295971874816,1380305.00277942
7358,1650,1677,25.26119294890752,90391.3023415096
7359,1619,1678,34.5078844463232,262460.43282683
7360,1664,1679,15.195531846274562,0.0
7361,1680,1632,40.47188764810752,264199.639932852
7362,1681,1673,8.875152013635072,0.0
7363,1665,1682,20.231996489464322,0.0
7364,1661,1683,15.391029182677633,0.0
7365,1681,1683,11.476925214898175,0.0
7366,1684,1666,31.62757050135936,113385.430920368
7367,1672,1685,7.424482014347905,0.0
7368,1676,1685,31.38527244847104,1376230.8396424
7369,1681,1686,4.355596469245824,0.0
7370,1648,1687,28.04376111685632,0.0
7371,1670,1688,10.191108126849409,250099.414057012
7372,1668,1689,20.71279116377856,0.0
7373,1688,1689,0.35050424564390403,0.0
7374,1690,1681,12.562816663406593,0.0
7375,1689,1690,0.6063324188613121,0.0
7376,1691,1686,4.181667625504512,0.0
7377,1688,1692,2.37432033127872,57282.0205072659
7378,1693,1691,1.1090299286626562,0.0
7379,1690,1693,4.125803878627201,0.0
7380,1682,1694,9.11562920161344,0.0
7381,1679,1694,15.673799050664833,0.0
7382,1685,1695,13.752985968387073,49426.3348194894
7383,1691,1696,1.2585831927356161,0.0
7384,1693,1696,1.1496515431104,0.0
7385,1637,1697,34.52804094883968,386352.237745037
7386,1677,1698,20.6514640689984,75151.4746288613
7387,1695,1692,2.753081154020736,9946.41747019433
7388,1659,1699,23.279891167653123,9237.12240986206
7389,1700,1679,19.574921064821762,0.0
7390,1667,1700,22.826454536666883,0.0
7391,1646,1701,27.40304454522624,457863.678294473
7392,1692,1702,5.388957696836736,147970.431390647
7393,1704,1703,15.57016956670349,0.0
7394,1653,1705,25.503030616757762,69328.6514797318
7395,1696,1706,4.13276085547776,0.0
7396,1702,1706,0.753618897770112,2968.76790675937
7397,1660,1707,35.64661158533376,2956275.28917738
7398,1708,1639,37.93915907996544,681226.157541033
7399,1709,1706,0.7578432149460481,0.0
7400,1702,1709,0.7187269486890241,16736.6641269762
7401,1671,1710,25.93508819096448,19917.2160099382
7402,1638,1711,34.323797234960644,468293.634729084
7403,1644,1712,36.06662719478016,85831.4864945071
7404,1651,1712,34.58462266752768,315742.979446118
7405,1713,1694,12.521164428279937,0.0
7406,1695,1714,7.403139265978369,0.0
7407,1685,1714,12.963820562706816,533151.783127319
7408,1694,1715,13.80031302404621,0.0
7409,1711,1716,1.6304976874644481,3823.91584186279
7410,1686,1717,13.813791933439871,0.0
7411,1706,1717,8.428440821568769,33113.3253977357
7412,1718,1675,25.41508960712832,137928.992478935
7413,1682,1719,19.2726977845248,0.0
7414,1640,1720,43.855949439624965,219890.539919246
7415,1721,1715,2.594048593074048,0.0
7416,1721,1719,3.08717388891648,0.0
7417,1709,1722,6.026885964114048,138735.136835107
7418,1722,1717,9.781822784726785,0.0
7419,1724,1723,1.047201791986944,0.0
7420,1714,1724,6.798045742659072,278478.20441312
7421,1725,1713,12.232085537523457,0.0
7422,1700,1725,12.099043148315905,0.0
7423,1723,1722,3.07899607980096,0.0
7424,1717,1726,5.762039432675328,22487.2885372843
7425,1698,1727,20.48445429883776,74235.73164635
7426,1658,1728,37.165884962976,130832.402135846
7427,1722,1729,2.4417513942624,55355.78905246
7428,1724,1729,3.7344856214603523,152214.493380476
7429,1727,1730,12.996495997702272,19830.7456905634
7430,1710,1731,14.662251813116162,8666.80214652032
7431,1683,1732,19.91976959123712,0.0
7432,1726,1732,4.00040322283008,15508.0161895381
7433,1716,1733,11.291677486265089,0.0
7434,1669,1734,26.92182905964288,607575.699478331
7435,1735,1704,15.843277457960832,0.0
7436,1719,1735,8.218603044039169,0.0
7437,1716,1736,8.243432138456065,19513.3575409368
7438,1736,1733,8.081449035187969,0.0
7439,1737,1684,32.79452089921921,112374.734217951
7440,1734,1737,1.2666272235217921,4180.06825997353
7441,1729,1726,15.186545605731455,0.0
7442,1711,1738,16.734003700043523,174847.086505325
7443,1725,1739,7.553032030824192,0.0
7444,1740,1739,4.070655560797056,0.0
7445,1687,1741,27.59388839425152,0.0
7446,1734,1742,3.3440435297913607,86070.7548162065
7447,1743,1741,19.11667907749248,568073.409686655
7448,1741,1740,18.9425662100928,0.0
7449,1678,1744,32.33568572378496,242207.293888041
7450,1737,1745,5.643685191412224,0.0
7451,1674,1746,34.77743686859904,401256.405672525
7452,1730,1747,13.334949901950337,19843.871243361
7453,1735,1748,12.20482098259776,0.0
7454,1721,1748,14.272054243565185,0.0
7455,1699,1749,23.419538822845443,11726.8733308065
7456,1750,1743,19.528438655658242,690903.993887411
7457,1731,1750,14.721854663172097,6846.81819250082
7458,1736,1751,7.544471141509633,18096.5142004259
7459,1738,1751,16.946446055996162,0.0
7460,1747,1752,6.877592290065025,9965.49413169826
7461,1753,1680,40.76012477953152,373897.357291283
7462,1754,1750,12.255664697907841,488477.326849854
7463,1752,1755,24.975005542375683,34190.1842012945
7464,1733,1756,15.630954243353859,0.0
7465,1751,1756,2.11014719764992,5096.95946339642
7466,1757,1714,28.928910729312,0.0
7467,1749,1758,10.719246832183297,6164.18414777681
7468,1755,1759,24.8622668591616,30183.1745848882
7469,1760,1754,12.061913377434625,525287.194402237
7470,1710,1760,22.364423316702723,32.9111769069618
7471,1748,1761,4.42606545710208,0.0
7472,1758,1762,18.816520183211523,11941.4184712561
7473,1748,1763,5.516484770814336,0.0
7474,1707,1764,35.29263439304064,2751160.84637954
7475,1740,1765,15.784476347680128,0.0
7476,1761,1766,2.825042338508544,0.0
7477,1767,1766,0.14026863184012803,0.0
7478,1768,1767,0.488674976879232,0.0
7479,1763,1768,2.441878844651136,0.0
7480,1769,1742,37.958747113900806,168664.917212606
7481,1727,1770,21.509222952349443,43375.6496160639
7482,1768,1766,1.334816955407232,0.0
7483,1760,1771,4.518053937923328,207945.973301948
7484,1764,1771,11.878545764929537,574785.153789355
7485,1772,1746,31.72909400419968,31699.8737629411
7486,1773,1718,25.947797293186564,144290.189871224
7487,1705,1774,25.146815921314563,65290.4388238645
7488,1697,1775,33.63038927626752,461454.427815694
7489,1729,1776,15.902503467244417,985514.989826328
7490,1739,1777,21.080187999763204,0.0
7491,1777,1778,0.301526360315136,0.0
7492,1741,1779,15.610088216473345,746144.828812756
7493,1774,1780,1.4739494080861442,3708.61679190308
7494,1762,1780,19.10244059957376,13412.8125481896
7495,1732,1781,30.94426455588864,115142.401812834
7496,1738,1782,29.435887080864,346465.880666227
7497,1701,1783,27.870680482698244,443413.459528816
7498,1785,1784,6.670373233873536,0.0
7499,1787,1786,32.148435652565766,29695.8225341034
7500,1778,1788,3.1538847012583684,0.0
7501,1765,1788,11.21879484290189,0.0
7502,1789,1753,36.96981422213376,430603.289613353
7503,1784,1789,2.197079515521792,28004.1950712137
7504,1790,1768,10.377575326242432,0.0
7505,1778,1791,6.509072259106561,0.0
7506,1788,1791,2.4974140053265925,0.0
7507,1791,1792,0.145657240198272,0.0
7508,1792,1790,1.436505707298816,0.0
7509,1712,1793,25.99239087967104,257163.964285968
7510,1794,1787,31.84118785545984,24973.3840078203
7511,1792,1795,0.5033162092273921,0.0
7512,1761,1796,16.27842675419136,0.0
7513,1797,1708,37.0998899498304,650190.103688847
7514,1746,1798,16.18236940434048,179109.091517555
7515,1759,1799,33.734711605351684,33616.7526180565
7516,1765,1800,10.14035734310861,0.0
7517,1800,1788,6.097815613815552,0.0
7518,1720,1801,40.52225002472064,173984.07398957
7519,1780,1802,5.604018861032064,18114.4477506998
7520,1764,1803,12.087465656327424,291925.059344785
7521,1786,1804,32.62840178830849,32786.5272224721
7522,1742,1805,24.848243952871684,516488.127275283
7523,1795,1806,7.138050681155328,0.0
7524,1807,1757,28.690552591937283,0.0
7525,1773,1794,32.81600216543616,20677.4578903767
7526,1779,1808,15.02496429450509,798300.391990614
7527,1808,1800,19.115184849868804,0.0
7528,1809,1769,38.38472238167424,152199.706200297
7529,1804,1772,32.472865868382726,33295.4435451107
7530,1770,1810,21.44151121977216,41242.3086372584
7531,1745,1811,23.91970975751808,0.0
7532,1812,1812,0.07430529541248,0.0
7533,1806,1812,7.3740164739563525,0.0
7534,1812,1813,0.8327034813715201,0.0
7535,1813,1814,0.37462893341068804,0.0
7536,1728,1815,32.50133992740096,126499.777385803
7537,1807,1816,3.9574807421402878,0.0
7538,1776,1817,15.780412391977729,928865.836434711
7539,1802,1818,10.23281358459149,32718.80579459
7540,1744,1819,35.49948015867264,252861.795230355
7541,1820,1784,34.81214591251584,471709.990807681
7542,1821,1773,24.16449936460032,150544.027991864
7543,1771,1822,20.8730919811392,84.4882759916891
7544,1808,1823,8.342857735863552,478282.821851514
7545,1822,1824,6.316701244013952,0.0
7546,1803,1824,12.393023318755201,300850.98253377
7547,1796,1825,17.29128293076096,0.0
7548,1814,1825,16.56422706521088,0.0
7549,1826,1816,15.073797110347009,0.0
7550,1827,1826,14.760064859101059,0.0
7551,1798,1828,16.31332719739008,165162.875134828
7552,1781,1829,31.346481416152322,102782.004798158
7553,1806,1830,16.50963930764544,0.0
7554,1823,1831,5.023097716779648,300058.878801577
7555,1832,1831,3.7211606619137285,0.0
7556,1832,1823,6.301836924400512,0.0
7557,1782,1833,31.0843631653632,410481.87752169
7558,1818,1834,15.623944286898816,48787.6309382257
7559,1836,1835,15.887498956065794,0.0
7560,1799,1837,34.71311912986368,25378.33268773
7561,1836,1838,1.929435612686208,0.0
7562,1839,1797,35.45327854785024,572328.215878884
7563,1829,1839,29.638908111732484,79102.8423574714
7564,1835,1832,15.623870516179203,0.0
7565,1840,1839,0.968849657854848,17958.523153297
7566,1837,1841,13.292807352815233,89533.1488420949
7567,1840,1842,3.1038531735847683,57240.0130460913
7568,1783,1843,26.905866845552644,397004.016964157
7569,1843,1844,3.0299919380248324,6881.68625678704
7570,1845,1820,33.90371081437824,488742.268332219
7571,1844,1846,18.14252947486848,31982.5371741465
7572,1847,1809,38.34767592653184,123906.516481261
7573,1846,1847,10.365094686494592,27988.3330516362
7574,1839,1848,24.35955251723136,178114.874118658
7575,1831,1849,9.533062333757954,594175.27845719
7576,1843,1850,1.8645989281032962,30355.7076079893
7577,1851,1817,17.90695762694784,0.0
7578,1852,1851,0.972777567662208,0.0
7579,1793,1853,26.16202600488576,261956.231395156
7580,1841,1850,13.138690917749761,221991.945136613
7581,1847,1854,5.896728874422145,0.0
7582,1756,1855,35.85754226837376,87961.2731755499
7583,1844,1846,13.088431910911105,31982.5371741465
7584,1775,1856,35.03062902163968,534168.997840182
7585,1830,1857,16.010299441433087,0.0
7586,1849,1857,12.460888157883264,0.0
7587,1811,1858,23.85446925312,0.0
7588,1805,1859,26.52814471595904,526001.280434593
7589,1850,1860,11.008789149638018,266453.924191635
7590,1859,1858,16.400382343614723,0.0
7591,1861,1821,24.70870801833984,155486.913541019
7592,1848,1861,25.283095155141122,163463.521319705
7593,1862,1837,35.672233049925126,234099.477059507
7594,1810,1863,32.43290344284672,57426.1315529801
7595,1825,1864,24.90191958253824,0.0
7596,1828,1865,28.05096796850304,252519.737269631
7597,1817,1866,23.477477154151682,1264669.56111513
7598,1867,1859,11.432849780854657,0.0
7599,1822,1868,28.41095506284288,208.274585670122
7600,1815,1869,30.54065533947648,124507.294225161
7601,1801,1870,42.69129800576256,135092.277632025
7602,1860,1871,13.610846866826881,141768.561321273
7603,1834,1872,17.78011677725184,53239.8229773402
7604,1872,1873,7.2286775185489915,53930.0533722781
7605,1854,1874,13.365189652738175,0.0
7606,1871,1874,13.124494197479809,137379.29490077
7607,1874,1875,31.43580707317248,328977.409316457
7608,1824,1876,28.531344116816644,687504.458620732
7609,1819,1877,35.42841044937216,231104.428829221
7610,1858,1878,11.708340117610753,0.0
7611,1859,1879,9.146855720065536,173601.806089481
7612,1879,1878,7.434542530635264,0.0
7613,1873,1880,31.61935132405632,173993.467806861
7614,1833,1881,30.83019043902336,436293.491527639
7615,1882,1872,36.08252920331137,153603.87968341
7616,1883,1845,34.88437264359168,496342.515884172
7617,1857,1884,19.95372217910016,0.0
7618,1849,1884,23.59300116121344,1603271.57735316
7619,1885,1867,12.722313594127105,0.0
7620,1875,1885,31.3147813948992,321560.772501099
7621,1886,1882,36.12246441484032,127004.633853808
7622,1887,1879,11.10336524800589,218781.296476337
7623,1885,1887,10.686620253652993,107172.110892995
7624,1852,1888,27.673273889775363,0.0
7625,1890,1889,19.98045272310912,39785.1467943905
7626,1880,1891,31.677897971301125,175195.981225423
7627,1889,1886,36.46579994868096,96377.661640797
7628,1892,1862,36.59470867666944,251370.706532655
7629,1879,1893,9.159451070635008,127525.213707873
7630,1894,1893,1.465021849053312,11090.3116247067
7631,1887,1894,10.148364957658753,75541.5186097635
7632,1891,1895,31.359585065149442,164404.958073116
7633,1855,1896,31.783103218690563,77461.5062218317
7634,1853,1897,25.597956066693122,252148.589118
7635,1878,1898,11.913620043029761,0.0
7636,1895,1897,31.356241717363204,146942.080254829
7637,1893,1898,6.713801452524672,8666.40132256089
7638,1864,1899,23.82285333618432,0.0
7639,1887,1900,6.423852048286464,113993.07566522
7640,1901,1884,14.38192504519373,1061171.88614225
7641,1900,1894,8.320226503235329,609.151903584407
7642,1856,1902,33.09611539272192,520128.720136527
7643,1898,1903,4.9777121865968645,6845.12749600986
7644,1903,1890,20.267831205135362,32215.6710274973
7645,1865,1904,28.261025115713284,227491.600352011
7646,1905,1900,6.368646759678721,115650.503731751
7647,1885,1905,14.814130698360579,0.0
7648,1906,1904,2.0998085207362562,16245.9164875788
7649,1905,1907,3.654171880457472,0.0
7650,1842,1908,36.38536208702208,633312.880894058
7651,1909,1892,35.69760009332352,241665.821812088
7652,1897,1910,7.110782535783168,91643.7515398954
7653,1866,1911,23.381759681660164,1091736.84829007
7654,1903,1912,10.577651724300672,0.0
7655,1893,1912,10.284663191400577,213251.439591488
7656,1873,1913,21.539359592467203,42139.0541245704
7657,1914,1912,4.468866139419264,0.0
7658,1916,1915,15.233327916149376,0.0
7659,1868,1917,29.07670098921984,338.690176839117
7660,1906,1918,8.141484996729217,62482.3811488075
7661,1870,1919,27.395601844216323,65324.3863566692
7662,1902,1920,8.430112875267072,131848.545500873
7663,1921,1901,14.82122931035789,1149081.73744786
7664,1860,1922,29.617685145227522,429400.492388203
7665,1923,1909,35.22772565490816,221042.885412414
7666,1876,1924,27.386745447156482,634344.261577931
7667,1918,1925,3.068166786322176,27298.7707213429
7668,1863,1926,33.363255311781124,52120.3800107488
7669,1926,1923,6.453445850235648,37712.0579964428
7670,1927,1861,32.96652655595904,59240.9507758939
7671,1910,1928,35.30892019792896,348377.641017758
7672,1920,1929,3.7504993474333443,58353.0887797246
7673,1888,1930,27.265112112775682,0.0
7674,1869,1931,32.09064457623552,268243.556622057
7675,1932,1926,24.7584263515776,357507.706464555
7676,1881,1933,31.664602488499202,458816.786278134
7677,1915,1934,14.833681828428674,0.0
7678,1926,1935,11.929035373060609,137423.352738636
7679,1936,1933,34.22636639047296,467438.94786187
7680,1918,1937,21.46636106828928,150267.559639471
7681,1938,1883,36.58019231332224,474512.961410941
7682,1939,1932,24.636543745904643,296637.819800943
7683,1908,1940,33.00463046276352,497792.734908052
7684,1937,1939,24.757656264380163,147896.397143078
7685,1899,1941,25.25140659241728,0.0
7686,1911,1942,21.11167383342336,0.0
7687,1920,1943,22.9475100843648,0.0
7688,1944,1936,34.1093707187904,431432.583241959
7689,1945,1905,36.07472299977216,693225.933597551
7690,1877,1946,38.32328329264512,223172.740389218
7691,1947,1938,23.623364509620483,267547.725929721
7692,1948,1940,14.536345105535617,190421.600690029
7693,1912,1949,18.86917518300672,402865.973118612
7694,1950,1921,25.60068166778496,1807066.22338005
7695,1928,1951,36.27321792766848,287140.015564844
7696,1952,1946,16.131614428258562,0.0
7697,1929,1953,14.347795258900224,220753.211474694
7698,1925,1954,31.366113079403522,146489.622505861
7699,1934,1955,15.917642234727554,0.0
7700,1956,1947,23.369544358364163,231338.071176825
7701,1946,1956,9.433913659391232,14869.649451704
7702,1943,1957,22.379790685063682,0.0
7703,1924,1958,26.91219085936128,579060.403260645
7704,1925,1959,23.415175408458243,117958.935212174
7705,1917,1960,29.075573563280642,465.205900868477
7706,1958,1960,3.9981790933286403,7373.10462114155
7707,1896,1961,35.20832380598016,81127.7689069921
7708,1911,1962,29.839807013322243,1120149.54956688
7709,1963,1950,23.6575368051264,1693247.16714135
7710,1919,1964,27.14175043949952,59098.3770583158
7711,1960,1963,5.823977144755969,0.0
7712,1954,1965,30.557124770515205,169572.245968548
7713,1966,1964,31.036818363851523,10881.4674916972
7714,1967,1933,27.576989381018883,14409.44152466
7715,1968,1946,18.02857000766976,68018.4287457156
7716,1921,1969,30.895992765411844,338109.04899861
7717,1970,1927,31.592091820861445,290026.438269797
7718,1971,1952,16.566943444761602,0.0
7719,1951,1971,35.86053331466496,212715.000623935
7720,1968,1956,22.188714044428803,61238.6816929412
7721,1968,1972,2.157515138693376,13336.6994845361
7722,1973,1948,15.963111228708867,187133.016978838
7723,1942,1973,22.30439732826624,0.0
7724,1913,1974,32.16764009935872,53865.8790554374
7725,1965,1975,29.89465294185216,188898.999137354
7726,1963,1976,8.017228903166208,570128.586556245
7727,1960,1976,7.7636738768497935,14588.1491305106
7728,1930,1977,29.09448522211968,0.0
7729,1955,1977,14.959174400299009,0.0
7730,1935,1978,28.197748703013122,359405.115411091
7731,1922,1979,29.485027257269763,448827.836047745
7732,1972,1980,13.98093267523392,17223.2630514543
7733,1981,1972,5.129598320326656,36644.184821992
7734,1971,1981,7.098164026753536,31017.5443402646
7735,1956,1982,10.612401402544128,66775.0537654599
7736,1980,1982,9.50363717174784,27372.4570838708
7737,1972,1983,2.407586752796544,11067.0657960329
7738,1984,1958,33.90163329611521,0.0
7739,1953,1985,14.063202179579521,211176.73307585
7740,1941,1986,30.1377401848512,0.0
7741,1987,1976,15.372416232569089,1151287.98398328
7742,1958,1987,16.03665968343437,288118.823487352
7743,1910,1988,35.217861406168325,73058.5480760979
7744,1989,1981,3.0410379666881284,9130.96981517487
7745,1990,1944,36.19919315700864,392220.552463702
7746,1989,1983,6.232368502723968,0.0
7747,1931,1991,31.867892955740164,277549.701918838
7748,1992,1989,8.46541394373312,25447.7667780767
7749,1971,1992,7.472803964858496,3940.96628182113
7750,1976,1993,27.440929999676165,202575.382172496
7751,1949,1994,18.86394053415168,414446.955218827
7752,1982,1995,20.062007131541762,117917.390987164
7753,1996,1945,36.728071569953286,758010.639089729
7754,1998,1997,19.4327263652544,0.0
7755,1999,1977,9.026412242905728,0.0
7756,2000,1984,33.318223581392644,0.0
7757,1980,2001,12.339669828258433,15077.4200940981
7758,1983,2001,17.524305191543043,69144.393651501
7759,1982,2002,12.3930912733056,0.0
7760,2001,2002,9.939165125700097,51212.7692257324
7761,1992,2003,15.466911517728002,54534.1950788027
7762,1992,2004,10.147655483184385,0.0
7763,2003,2004,12.171463652456065,169469.479068863
7764,1959,2005,23.48812370500992,134515.691115966
7765,2006,2000,33.66309563641728,0.0
7766,2004,2007,13.190325953942017,160443.883251616
7767,2008,2002,3.9214469956780804,13465.1751932604
7768,2009,1966,33.97560788742912,2500.03713530942
7769,1957,2010,29.8810425748032,0.0
7770,2001,2011,5.4652243657651205,34512.6933804759
7771,2007,2011,13.065986301629186,138432.563259479
7772,1978,2012,28.138358534204162,397993.961794781
7773,2011,2008,6.282059221228033,21057.4131017362
7774,2013,1973,24.114522168380162,238991.775837116
7775,2014,1987,24.644469555889923,2159170.72767398
7776,1962,2015,29.696459910796804,808288.867381888
7777,2017,2016,1.168500247630848,0.0
7778,2016,2018,0.353708509093632,0.0
7779,2019,2017,1.77210370991808,0.0
7780,2002,2020,15.089046750366336,141616.652063428
7781,2021,2013,6.2279665719068165,53514.7738809583
7782,2018,2015,10.868482764196992,0.0
7783,1995,2022,21.543215628971524,130862.467747305
7784,2020,2022,21.026632749027844,225564.598115797
7785,2023,2003,31.233483709021442,165318.410300676
7786,1997,2024,18.40460440211712,0.0
7787,1999,2025,14.921160755162115,0.0
7788,2025,2019,9.103158996852097,0.0
7789,2026,1967,28.07176004924544,15078.3054173955
7790,2008,2020,20.92780113152256,0.0
7791,2027,1990,35.67103770966912,298938.232126376
7792,1986,2028,29.981524751608323,0.0
7793,2022,2029,33.2769359254464,585353.272217286
7794,1975,2030,30.9200769846144,212552.509527056
7795,2031,2025,5.565841465143168,0.0
7796,2024,2031,12.772995139060992,0.0
7797,1969,2032,30.859219367665922,390860.684585822
7798,1993,2032,29.568907811520003,241530.650215237
7799,2033,2021,17.89387359585408,296510.646587238
7800,2034,1970,32.09119807791744,351988.99527319
7801,2036,2035,38.407971898517765,8330.75476065969
7802,1985,2037,24.01578851164416,343749.290752285
7803,1964,2038,40.328662469483525,108853.802197526
7804,1988,2039,31.579882564792324,73362.918496915
7805,2041,2040,37.93762609933824,33180.4017877399
7806,2042,2015,12.765650474459521,42617.2279557679
7807,2035,2043,33.18420285265536,1076.47838801186
7808,2018,2044,8.15019331161024,0.0
7809,2042,2045,0.63084769602624,2105.06106550753
7810,2044,2045,0.9645033861999361,3281.33050016816
7811,2045,2042,0.620112893571072,2105.06106550753
7812,2046,2041,38.03504445531648,43788.8272324714
7813,2047,2019,9.379640308097665,0.0
7814,2048,2044,1.003672871853696,3424.02902246094
7815,2016,2048,9.19665457843968,0.0
7816,1961,2049,35.632218996633604,73723.6103691231
7817,2050,2047,1.336811874089472,0.0
7818,2031,2050,10.639531339062913,0.0
7819,2042,2051,1.8627500911852803,0.0
7820,2045,2052,1.132721146060416,0.0
7821,2044,2052,1.410240881693952,0.0
7822,2053,1996,36.12634822862208,770830.353023068
7823,1979,2053,29.30052295222272,457590.550359642
7824,1974,2054,31.476838006563842,49389.2150095222
7825,2047,2055,0.9913180345263362,0.0
7826,2050,2055,1.515258259092864,0.0
7827,2049,2046,37.84568509738368,52391.0543675805
7828,2056,2048,3.02540560052544,10381.1784507392
7829,2055,2056,2.1089333016576,0.0
7830,2057,2033,17.455404990608642,261726.26005463
7831,2015,2057,13.169143847071872,226115.406613128
7832,2058,2050,1.9917356959272963,0.0
7833,2048,2059,2.7403012020384003,0.0
7834,2052,2060,1.759629943678464,0.0
7835,2059,2060,0.279223313162112,0.0
7836,2061,2060,0.253741064873472,0.0
7837,2059,2061,0.20159020817971202,0.0
7838,2051,2060,2.8844542286334725,0.0
7839,2062,2060,0.34058476260864,0.0
7840,2063,2062,0.184268009895552,0.0
7841,2064,2062,0.13819172190912,0.0
7842,2063,2064,0.257605885177344,0.0
7843,2062,2065,12.659167084455937,0.0
7844,2065,2057,3.1134377006346243,0.0
7845,2040,2066,38.315639423635204,23561.301004734
7846,2063,2067,2.193086248645248,0.0
7847,2056,2068,2.5990772185382403,8992.97901692557
7848,2069,2036,38.370748431628805,23452.9402571728
7849,2021,2070,34.6368852770688,322252.69638724
7850,2029,2071,33.718464135037436,685307.834499989
7851,2072,2068,5.5594598577408005,19481.1963025692
7852,2073,2058,4.383981647413632,0.0
7853,2073,2074,0.28176840540288,0.0
7854,2074,2072,1.794443210322048,6362.5588606303
7855,2075,2014,24.206644173254404,1933512.51814642
7856,2076,2023,31.708116092505602,231397.320112585
7857,2078,2077,2.812002929695872,0.0
7858,2079,2049,34.6001198133888,87290.2875235749
7859,2057,2080,5.119652474627328,146681.183928171
7860,2065,2080,4.368456796695552,0.0
7861,2081,2009,32.628093277063684,64.2647749360364
7862,2043,2081,31.759480044357122,10.1397875841
7863,1991,2082,36.97534864349568,321548.33455935
7864,2077,2083,1.51810629746688,0.0
7865,2084,2027,16.5867371689536,107222.239851332
7866,2086,2085,12.436932597686786,0.0
7867,2086,2084,18.66193337390976,23937.706735818
7868,1994,2087,31.218081273054725,698925.959815187
7869,2088,2073,5.641531572099456,0.0
7870,2071,2089,33.350936185797124,745789.587111361
7871,2090,2088,2.077793962979328,0.0
7872,2031,2090,12.434814274506625,0.0
7873,2091,2090,12.458365596458497,0.0
7874,2024,2091,15.851263005186048,0.0
7875,2093,2092,35.921981174618885,768133.730754756
7876,2080,2094,18.74471922018432,0.0
7877,2096,2095,38.92726724730624,75955.0541654466
7878,2098,2097,6.181312215602304,0.0
7879,2072,2097,9.167729893445376,0.0
7880,2097,2083,5.783805338737536,0.0
7881,2080,2099,4.4097003196012805,119172.582512011
7882,2089,2100,33.0077195502912,770727.598197832
7883,2064,2099,14.460525353045377,0.0
7884,2100,2101,4.484990963236608,105061.949634431
7885,2100,2101,4.629978643910401,105061.949634431
7886,2101,2093,36.203768167944965,820331.764624049
7887,2103,2102,30.02585707718784,235598.772164567
7888,2010,2104,29.416210420354563,0.0
7889,2066,2105,38.55818941932672,16579.3557840917
7890,2106,2091,13.044376580792832,0.0
7891,2092,2107,35.85327642851328,670000.341894298
7892,2097,2108,3.201678053076096,0.0
7893,2109,2026,26.739598435799042,16418.2145280918
7894,2074,2110,9.443147157937153,34121.5244738709
7895,2090,2110,5.82889899829248,0.0
7896,2108,2111,0.049804861227264005,0.0
7897,2112,2069,39.04061963776128,43422.7264929487
7898,2104,2113,19.6935471950976,0.0
7899,2109,2114,0.35270661520512003,0.0
7900,2115,2114,0.41212370029248,0.0
7901,2116,2076,31.292354896577283,286951.403312227
7902,2095,2112,38.14075085242752,60750.9957543318
7903,2022,2117,25.9166160278784,95907.0461770017
7904,2118,2079,34.54435224573696,79228.1233774757
7905,2005,2119,35.33160539829888,233277.073198631
7906,2028,2120,29.174896561789446,0.0
7907,2107,2121,35.86600632345984,544479.502955435
7908,2070,2122,34.60579794916992,325100.694057342
7909,2099,2123,6.567578806326912,629443.008070905
7910,2030,2124,30.051525116194565,217143.517592416
7911,2122,2034,30.17202225371136,378981.04227355
7912,2125,2111,3.3001853089075204,0.0
7913,2125,2126,8.702304185570688,655999.551103421
7914,2126,2123,4.395335189528448,311899.436117339
7915,2127,2125,5.719592535668352,460435.503325781
7916,2128,2127,0.62357544063936,0.0
7917,2110,2128,6.663733886810881,0.0
7918,2105,2129,37.480804374182405,10396.4823702741
7919,2130,2109,7.635879962371584,5291.0248425033
7920,2127,2131,0.7414695913743361,61448.1748702527
7921,2128,2131,0.685681858642176,0.0
7922,2113,2106,20.29383313474176,0.0
7923,2132,2130,24.970842620064,121007.517106008
7924,2053,2133,19.641521191311362,729373.208748497
7925,2123,2134,3.2749604124272644,97375.9582125441
7926,2126,2134,4.246337442036096,0.0
7927,2084,2135,13.732977219743233,56277.1752118415
7928,2085,2136,14.696064774293761,0.0
7929,2121,2136,35.88147854058241,412705.418199556
7930,2032,2137,29.179885383348484,647645.2773662
7931,2012,2138,30.56084261265024,459324.686830086
7932,2139,2133,14.191377288105603,167423.673752694
7933,2140,2132,25.447541723112963,130379.901938676
7934,2102,2141,30.56059730034432,211728.395892934
7935,2114,2142,10.861032544331906,0.0
7936,2106,2143,9.811313884779263,0.0
7937,2144,2138,26.72253984001536,55269.1446539552
7938,2003,2145,38.480217104862724,617189.112449345
7939,2142,2146,33.85780670688768,125128.347493921
7940,2147,2086,15.021826904126593,17555.192886146
7941,2136,2147,11.644765924771585,93288.3263677426
7942,2138,2103,30.756256467552003,259421.236257988
7943,2143,2148,1.4648126278959361,0.0
7944,2149,2118,34.781837780701444,68575.9062814861
7945,2146,2149,33.9384100252032,114077.3613059
7946,2130,2142,17.33705016354432,67956.1661919467
7947,2037,2150,23.983613315481602,315387.732015475
7948,2148,2151,2.1949487617685763,0.0
7949,2143,2151,2.6050129958096644,0.0
7950,2152,2133,18.63113538996864,5110.53400339815
7951,2153,2116,31.182524732494084,331099.053444268
7952,2039,2153,32.22347268450816,83367.4254314229
7953,2154,2133,11.57232875748365,287654.862496721
7954,2154,2155,0.12080964798144,1727.97010067757
7955,2156,2135,10.804669868627713,36485.8806713477
7956,2154,2157,0.18194366976192,1964.44285057851
7957,2155,2157,0.08905437633945601,1271.36953185373
7958,2158,2156,1.7200413751910402,9994.0767001953
7959,2147,2158,9.533128101209858,57127.6983412427
7960,2159,2075,25.825906077523204,880291.217575927
7961,2094,2160,21.120530343137283,0.0
7962,2161,2144,27.446715526982402,60635.4387207664
7963,2163,2162,1.1780548022580482,3431.15883723847
7964,2163,2162,1.226282907091968,3431.15883723847
7965,2156,2162,2.8303727658624,7883.91964650385
7966,2104,2164,23.829234867947523,0.0
7967,2165,2139,18.97868518419456,451594.831792388
7968,2141,2165,29.496767840179203,171940.161276494
7969,2160,2166,1.6022977109948162,0.0
7970,2135,2167,7.482427335035137,0.0
7971,2163,2167,4.612804109375616,12991.4638357905
7972,2158,2168,1.020481357876992,6252.49061313494
7973,2084,2169,21.21394040257536,0.0
7974,2167,2169,11.525794686768386,36256.3653638652
7975,2169,2140,25.10856586998144,135369.484098125
7976,2156,2170,1.2703888526883842,0.0
7977,2168,2170,2.125112210698752,0.0
7978,2155,2171,2.63104729576128,75068.8429851193
7979,2139,2171,9.04232932294349,124887.233971927
7980,2129,2172,38.20530712813056,5689.83238846552
7981,2162,2170,3.9838316579930884,0.0
7982,2173,2110,17.067977551088642,64620.4084101377
7983,2148,2173,15.573875271166083,0.0
7984,2122,2174,15.610801954099967,64496.1193663474
7985,2176,2175,7.535259190470528,0.0
7986,2038,2177,40.00269177349632,161424.545703165
7987,2179,2178,39.409593840080646,70132.3554896723
7988,2166,2180,27.69895988906112,0.0
7989,2182,2181,18.44159107012992,0.0
7990,2157,2183,6.440999178911616,163043.351955125
7991,2184,2153,9.892455922952065,138991.711587444
7992,2054,2185,32.01389682771456,56155.4549874137
7993,2136,2186,13.008888651394944,16683.7123351498
7994,2151,2187,8.415859457808,0.0
7995,2175,2187,6.381437859586944,0.0
7996,2131,2188,18.52639810762752,1671630.9458649
7997,2173,2188,6.676647583326336,0.0
7998,2171,2189,9.632777236498946,139718.402593193
7999,2173,2190,7.52725892901312,29783.2704003635
8000,2187,2190,9.014162370212738,0.0
8001,2168,2191,7.726372221591936,50388.0543173753
8002,2183,2192,5.7688987609693445,62789.4336236562
8003,2189,2192,5.055530181064705,0.0
8004,2181,2193,6.854888735126784,0.0
8005,2125,2194,22.901024392139522,0.0
8006,2188,2194,4.909683871914624,0.0
8007,2174,2195,8.633019587993857,38085.4029145478
8008,2180,2195,27.528729515781123,0.0
8009,2087,2196,30.68960640311808,687735.307221857
8010,2197,2096,42.998975014913285,91195.5786533604
8011,2167,2198,12.841605603357696,3701.32628118029
8012,2191,2198,5.912176896667009,24975.888403859
8013,2199,2188,6.875648872000128,688816.165666793
8014,2190,2199,4.3696177291768326,0.0
8015,2200,2190,4.82917285591488,19534.4771711922
8016,2201,2200,3.1796663631701763,0.0
8017,2187,2202,5.795768370002689,0.0
8018,2203,2202,0.7406990084989441,0.0
8019,2193,2204,5.4641936276040965,0.0
8020,2205,2191,7.539501765654145,26844.7999501704
8021,2147,2205,17.31070872672768,0.0
8022,2175,2206,9.313949805367681,0.0
8023,2206,2203,2.026715169181824,0.0
8024,2192,2207,4.432621845700225,48454.4680033481
8025,2208,2202,0.910831350198528,0.0
8026,2203,2208,0.476528639723136,0.0
8027,2209,2161,27.800665440894722,62412.3425441313
8028,2207,2210,0.36395680846694406,3986.58736027758
8029,2211,2210,0.4048488297216,0.0
8030,2211,2207,0.674644269378816,0.0
8031,2183,2212,16.30296630509184,247788.259466259
8032,2174,2213,14.73369568202189,0.0
8033,2120,2214,30.263560050620164,0.0
8034,2215,2213,0.5181444698791681,0.0
8035,2195,2215,3.6659026334937606,16648.6096878564
8036,2200,2216,1.989941550955776,0.0
8037,2217,2200,3.6510281267328004,14991.7073182773
8038,2202,2217,3.092195365674624,0.0
8039,2218,2152,20.45258434695168,6609.75577395667
8040,2212,2218,5.662984470409728,89809.4215101347
8041,2134,2219,24.05954544846336,818401.558373194
8042,2189,2220,10.122046194889728,148925.951714777
8043,2220,2211,8.199031032732673,0.0
8044,2117,2221,27.17308216237824,94444.9899486441
8045,2124,2222,30.943718537656324,230025.615919457
8046,2208,2223,2.278878867720576,0.0
8047,2210,2224,2.3153715862168323,25389.8512202031
8048,2211,2224,2.298850883087616,0.0
8049,2178,2197,40.059208249378564,81788.5140929706
8050,2225,2212,4.603482642477312,0.0
8051,2210,2225,15.303905970857857,0.0
8052,2217,2226,1.7105194854190082,7089.78599997133
8053,2223,2226,2.2254840347857923,9287.33183976208
8054,2227,2216,3.371566183261056,0.0
8055,2217,2227,1.7090473025894402,0.0
8056,2226,2227,1.523591429450112,0.0
8057,2228,2199,6.565837908110977,692855.469196945
8058,2216,2228,2.186592809537664,0.0
8059,2172,2229,39.80668828713984,12560.3311293327
8060,2082,2230,38.03216517796608,312087.452061646
8061,2205,2231,4.361050125679104,0.0
8062,2206,2232,13.85649126088128,0.0
8063,2169,2233,18.52583103917568,46020.1977562138
8064,2186,2234,12.685126178153089,16776.9114353583
8065,2235,2231,4.466421735785856,0.0
8066,2235,2205,5.461513947533952,20884.9843666405
8067,2234,2235,1.1243787268032002,1507.91125202473
8068,2226,2236,2.2110419603669764,0.0
8069,2237,2228,3.1677202605945602,346506.431817137
8070,2227,2237,2.333391113256192,0.0
8071,2137,2238,29.660684612106245,661076.996896327
8072,2194,2239,9.125909290358786,0.0
8073,2199,2239,8.239628191588993,0.0
8074,2240,2233,8.799870306686977,0.0
8075,2198,2240,8.368894319474306,36327.6175224278
8076,2241,2184,34.61364581862528,455334.827342014
8077,2231,2240,14.00422327380173,0.0
8078,2242,2159,33.843838019397126,1149122.52619297
8079,2119,2243,35.7418238525568,267526.918408577
8080,2244,2243,35.3860324145856,51860.5500729076
8081,2236,2245,2.4412252272883204,0.0
8082,2246,2245,0.830850081963264,96585.2234460925
8083,2181,2247,17.27290621786752,0.0
8084,2220,2248,5.389526363367168,79928.7608237078
8085,2165,2248,22.9432454836992,326244.953857519
8086,2245,2237,5.119265234274049,583274.030784491
8087,2249,2246,6.713740664383105,799913.201783587
8088,2249,2223,8.605444260695041,36580.7739162903
8089,2222,2250,5.932417414987008,44412.7504503911
8090,2246,2251,1.330391162846592,0.0
8091,2150,2252,26.402534161470722,307902.907905212
8092,2251,2253,0.48752810362713606,0.0
8093,2251,2254,0.548319854953728,0.0
8094,2243,2255,15.674942903178241,79155.7964867465
8095,2255,2256,16.26902279392896,86290.1909926152
8096,2258,2257,41.620625598816,157134.784779265
8097,2260,2259,4.35754248640128,0.0
8098,2249,2260,1.574787993432192,199398.140182681
8099,2261,2260,1.7417018418624,0.0
8100,2261,2249,2.8177412420678403,0.0
8101,2218,2262,33.01446271774464,569617.842037668
8102,2263,2244,34.518265391047684,46004.5523792738
8103,2224,2264,6.940566987780096,76401.6569964556
8104,2248,2264,8.842886251638912,46960.5030750492
8105,2265,2204,13.813756746742659,0.0
8106,2250,2266,10.935855800673409,16084.8487726787
8107,2267,2258,41.66923869896832,161240.754555804
8108,2256,2268,16.011848401236865,88343.2374730184
8109,2239,2269,5.041287013517568,0.0
8110,2266,2263,34.9969324643136,47578.9639137005
8111,2264,2225,19.78001291908224,0.0
8112,2231,2270,6.9211533246577925,0.0
8113,2270,2270,0.036634091319936,0.0
8114,2237,2271,8.878843710367489,11798.5489116687
8115,2138,2272,31.858827183025923,275849.44459701
8116,2271,2269,7.488929147559552,10321.8301557361
8117,2273,2209,16.873976925527042,37039.9865536402
8118,2164,2274,26.721435846124802,0.0
8119,2275,2267,39.79241810514432,140762.341907912
8120,2260,2276,3.9276011657583365,505542.003920716
8121,2261,2276,3.4401080138641924,0.0
8122,2240,2277,8.088449132801664,39083.2200898678
8123,2270,2277,16.955548344725763,0.0
8124,2265,2278,4.7583052480339205,0.0
8125,2279,2275,39.5126541216,112878.68869861
8126,2280,2242,31.727882650970884,1016078.3207697
8127,2273,2281,3.4331930746882566,7378.87939224507
8128,2268,2281,15.160217222304002,86052.5697687354
8129,2282,2179,33.443308572410885,51810.1430150251
8130,2283,2248,9.684794820197377,250484.543746731
8131,2284,2280,31.208986178092804,890239.745142217
8132,2262,2285,32.4811998080064,604783.283892567
8133,2233,2286,12.099030743492353,32765.677669596
8134,2277,2286,6.058631084014081,31904.8079603425
8135,2288,2287,0.035397575997696,106.79934157199
8136,2221,2288,23.86879123989888,75818.8235202952
8137,2289,2276,5.036207400816768,665150.649277671
8138,2232,2289,15.413728805988482,0.0
8139,2278,2290,2.620883050815744,0.0
8140,2269,2291,27.280516286833922,39844.6547652881
8141,2229,2292,41.80733868022272,41649.034910318
8142,2292,2279,39.82198909303296,77556.6121988938
8143,2289,2293,2.6407254801945603,0.0
8144,2271,2294,7.522809569218945,0.0
8145,2214,2295,28.477717556048642,0.0
8146,2264,2296,12.595867325002368,216107.555558072
8147,2145,2297,39.205038734231046,791004.096924991
8148,2298,2241,35.08775333065728,462471.661814875
8149,2219,2299,23.76398345219712,1005161.97681657
8150,2291,2299,27.384796161423363,42012.5165191359
8151,2300,2294,8.698654561918465,0.0
8152,2259,2300,16.219939121591043,0.0
8153,2247,2301,18.0554658634944,0.0
8154,2299,2302,2.2878805306072323,45038.6201798481
8155,2257,2303,44.61937226309376,144584.060354736
8156,2177,2304,40.09287371417856,215361.142248549
8157,2293,2305,13.363712392428289,0.0
8158,2305,2300,2.295621008537472,0.0
8159,2185,2306,32.39618688713088,71264.5741704519
8160,2196,2307,31.100514863616006,683903.376851277
8161,2235,2308,25.944052349698563,151805.93898329
8162,2306,2298,34.24099394339712,424057.061078826
8163,2215,2309,29.902270884330246,144879.246630962
8164,2184,2310,37.633551992974084,55267.5237944506
8165,2250,2311,24.20868646297728,219428.469826703
8166,2283,2312,31.5615656068416,859253.830948037
8167,2294,2313,14.512599025600897,0.0
8168,2314,2306,35.06306227611264,395405.989929973
8169,2238,2315,31.067541046586886,655176.603619096
8170,2306,2316,6.671603739905281,16561.0179869847
8171,2317,2282,31.304706225534726,43896.8500371804
8172,2318,2289,29.264121329034243,4211082.78866194
8173,2252,2319,26.839354701899524,267040.499376812
8174,2243,2320,29.12737668901632,205233.529029919
8175,2281,2321,34.8060134106432,126277.084016303
8176,2322,2284,36.6045843195648,857771.9239143
8177,2274,2323,25.9322678638848,0.0
8178,2319,2323,5.673830747295744,0.0
8179,2296,2324,15.616664580249216,285964.151347083
8180,2286,2325,20.68389255981312,186942.024470334
8181,2299,2326,22.118305727232,706929.99025873
8182,2287,2327,23.848002876741123,67908.8839330903
8183,2285,2328,34.6584922491456,674817.637848516
8184,2329,2322,32.74728909902208,580838.903671939
8185,2330,2317,29.081091006063364,38528.4248595519
8186,2301,2331,17.857158134492163,0.0
8187,2332,2293,25.000059230403842,0.0
8188,2230,2333,38.56937114143872,280564.356473523
8189,2334,2333,8.83333342222848,2169.39464165843
8190,2333,2335,16.70203350211968,0.0
8191,2295,2336,29.97507506412672,0.0
8192,2337,2314,35.41801141562112,324135.11121198
8193,2338,2330,28.050895789424644,60958.1189258538
8194,2311,2339,22.984429868040962,209397.525365985
8195,2331,2340,3.8848769578586886,0.0
8196,2272,2341,32.680297628352,276148.229690541
8197,2342,2329,33.48238843369728,432017.499667537
8198,2301,2343,29.86552119222144,0.0
8199,2312,2344,31.101440461724163,892630.687881277
8200,2290,2345,31.23950703299712,0.0
8201,2347,2346,33.336222999678725,317487.991380734
8202,2309,2348,28.06891593606144,150574.123165974
8203,2326,2348,21.68018565761664,834387.509269845
8204,2319,2349,13.68218851020173,118694.421280761
8205,2324,2350,14.549409291808512,284429.959384515
8206,2351,2334,13.198586333670146,3277.34701701112
8207,2352,2338,29.14061645632896,160605.430820698
8208,2353,2318,28.9900308785472,4642123.22996079
8209,2333,2354,9.990927623546495,63082.2282142836
8210,2335,2355,18.31885390279296,0.0
8211,2346,2356,31.04810643141504,283512.634603507
8212,2348,2357,19.914543198316803,955052.385434347
8213,2354,2358,2.3282583149548803,2512.6749797619
8214,2358,2355,23.31498106282752,0.0
8215,2359,2352,27.85475710207872,193147.939991898
8216,2360,2332,23.36202236497536,0.0
8217,2308,2361,26.732283742010885,187139.664643945
8218,2362,2339,35.42247388513152,253485.19517095
8219,2364,2363,24.815559093557763,243292.227176961
8220,2365,2360,1.5806840070320642,0.0
8221,2302,2366,34.71529184082432,719616.243438294
8222,2304,2367,39.495601432108806,244614.451479833
8223,2368,2353,27.808898587303684,4717328.36638973
8224,2349,2368,7.716485606189185,62155.9719647369
8225,2370,2369,34.778043188951045,60078.2052140194
8226,2316,2371,24.149459642584322,69164.087904332
8227,2372,2368,3.6666188301980163,659684.547543133
8228,2363,2373,34.6670511428736,322076.524991265
8229,2373,2362,34.043448850329604,284474.242279597
8230,2374,2347,28.10067371667072,261812.249287847
8231,2375,2342,33.951548741806086,44521.5252779629
8232,2376,2372,12.384357493774464,2224630.32713335
8233,2307,2377,31.0589613601344,658948.575599814
8234,2325,2378,21.33019835096832,226395.107105118
8235,2305,2379,35.70351612233472,0.0
8236,2355,2380,9.577405155479042,0.0
8237,2356,2359,31.14163035194112,255320.709560633
8238,2381,2364,25.20507367521792,251246.239796972
8239,2382,2337,36.125128667738885,360388.620986246
8240,2377,2382,15.054907341805055,108796.886204309
8241,2357,2383,20.444184311569924,1075796.75213666
8242,2383,2381,25.689931830478084,253635.240355355
8243,2380,2384,13.701412879064064,90830.947812933
8244,2385,2372,3.429977956213248,531.706804824388
8245,2327,2386,24.396496119198723,60952.9010961529
8246,2321,2387,35.41581519214464,132108.890656031
8247,2303,2388,47.586358217756164,111417.163606098
8248,2378,2389,1.8243920432136962,20870.5272258207
8249,2389,2390,1.7300070158215681,0.0
8250,2391,2380,2.1429882904700164,13358.6919919254
8251,2315,2392,30.873037742426884,577047.766228324
8252,2358,2393,12.90746618478029,14386.8273143749
8253,2393,2391,15.024622004739072,13469.8330769322
8254,2340,2394,23.846145323616,0.0
8255,2395,2377,7.234938719661312,252099.198995779
8256,2328,2395,34.87416185480832,688526.078659051
8257,2396,2350,20.88602317283328,0.0
8258,2397,2370,35.49356012239488,82806.5565779618
8259,2369,2398,35.23165887555072,39386.5036356311
8260,2399,2351,14.645225098437122,3642.42472605993
8261,2388,2399,41.62188832230528,57998.5966384076
8262,2344,2400,31.4449275153024,917916.45313235
8263,2297,2401,40.544998118254085,958346.891232161
8264,2320,2402,29.43446524153344,224352.606350765
8265,2350,2403,15.053446910405377,311907.427507275
8266,2404,2376,19.181383927833604,2333919.8762226
8267,2401,2397,34.7235327603648,98630.5541877932
8268,2377,2405,6.857876559511297,135162.22228445
8269,2396,2403,10.201900606584193,0.0
8270,2405,2382,12.768886042868738,45887.6010443294
8271,2339,2406,23.83998517321344,130520.896078676
8272,2386,2407,10.844619628626432,24342.8257342812
8273,2398,2407,10.380355031870208,7916.62500113274
8274,2384,2408,27.53188299316224,208855.551012138
8275,2408,2374,27.8227445462208,240335.061462184
8276,2378,2409,10.315046357269633,0.0
8277,2336,2410,30.20191894063872,0.0
8278,2343,2411,29.766395257885442,0.0
8279,2403,2412,3.4681415197904637,74282.4751722259
8280,2413,2354,20.52304677029376,97134.154359186
8281,2399,2413,13.705180203699072,8757.54804305904
8282,2414,2409,5.313828760086528,0.0
8283,2389,2414,6.607191901216897,0.0
8284,2413,2415,6.174702800728705,25837.4609923431
8285,2310,2416,38.710646487152644,65334.517639415
8286,2393,2417,7.598705517710209,2078.15626807771
8287,2415,2417,8.489745000899713,32867.9417164191
8288,2405,2418,3.2665660049214726,78458.5357718025
8289,2419,2391,13.724782884274175,67635.9199865387
8290,2417,2419,7.839349044265728,33305.640168764
8291,2395,2420,7.84236339868608,159342.995442107
8292,2401,2421,8.153330922468864,233016.216057873
8293,2422,2376,20.5831663259904,1154174.09759545
8294,2422,2423,3.362503492440576,44976.3544939811
8295,2382,2424,10.408507394288257,48928.5514384254
8296,2420,2418,10.426213145918593,93513.7672062242
8297,2425,2385,16.70867792022528,2589.2919771258
8298,2425,2385,17.3775066898752,2589.2919771258
8299,2426,2419,9.113418094923649,1480.27147612662
8300,2417,2426,4.4021448582946565,1199.96246430615
8301,2427,2426,1.927769875663104,1489.93806017171
8302,2415,2427,8.378860444517375,6953.88445349104
8303,2428,2365,31.91314115899008,0.0
8304,2426,2429,1.2356781414912001,1055.44137768407
8305,2383,2430,17.94144059021952,832783.085916083
8306,2431,2420,40.43990819645568,747377.40005473
8307,2432,2421,31.100631508869125,33062.7455827407
8308,2345,2433,30.718901356323844,0.0
8309,2411,2433,9.596138819262338,0.0
8310,2434,2425,6.914774631777408,1012.54572983335
8311,2423,2434,6.009195248584705,83975.1533183269
8312,2435,2431,40.374903621888,849627.133774385
8313,2436,2404,19.91156039186688,2433652.04521034
8314,2433,2436,1.2214735965907202,0.0
8315,2414,2437,9.543282574218624,0.0
8316,2389,2437,15.423226391447425,185170.420944834
8317,2412,2438,16.361684991210243,0.0
8318,2424,2439,6.515608925193985,21337.1548869819
8319,2418,2439,17.215509350350082,471125.117372598
8320,2396,2440,20.91782350449792,0.0
8321,2438,2441,0.7633467047162881,0.0
8322,2440,2441,4.829448166392961,110216.090505562
8323,2443,2442,40.51435371401088,1016520.93738598
8324,2412,2443,10.538525449533314,230961.979852116
8325,2444,2434,4.528765453170816,67126.3490658898
8326,2445,2422,19.761279141035523,1637015.30008969
8327,2436,2445,1.40714045150976,122434.06567499
8328,2410,2446,27.6785101479744,0.0
8329,2441,2443,11.955666337300224,268372.848078015
8330,2442,2435,41.023385600186884,970076.775976836
8331,2445,2447,0.823226976709632,0.0
8332,2341,2448,32.71945847182848,257374.753769406
8333,2407,2449,14.918119666319233,39795.944534918
8334,2450,2428,30.018916893841922,0.0
8335,2409,2451,13.676767224113664,0.0
8336,2437,2451,5.085790766419969,64270.8937124829
8337,2400,2452,31.79868050988288,909820.642851989
8338,2448,2452,3.5697894828583685,70527.6778454465
8339,2420,2453,11.240283544288129,170614.305020484
8340,2454,2348,34.42673493274752,170414.718664336
8341,2361,2455,26.85718076164992,216813.295003075
8342,2456,2448,10.59875574740928,188720.294953339
8343,2387,2456,34.3194987415104,132963.756538591
8344,2447,2457,3.193850343873024,0.0
8345,2371,2458,24.386698175431683,83708.3399523082
8346,2459,2444,19.02340359139968,0.0
8347,2457,2459,3.270388681334016,0.0
8348,2460,2432,31.925948399009282,47951.9328744911
8349,2461,2440,26.341470355368962,615556.425328482
8350,2456,2462,2.8242215666311683,8035.82370497549
8351,2463,2375,41.12508048206976,54718.0311546586
8352,2429,2464,17.0752112144064,0.0
8353,2439,2465,6.925611743449345,3669.60547166026
8354,2366,2466,33.89898790472832,755737.232209666
8355,2467,2465,0.7190020032814081,376.023107953088
8356,2468,2467,9.284433467582591,12738.0321208144
8357,2453,2468,9.958379389491457,76019.8332536154
8358,2465,2469,0.92625265250496,0.0
8359,2467,2469,0.9037858674746881,754.819863832898
8360,2439,2470,9.359027817270912,275871.660441376
8361,2469,2470,5.668926625511424,4646.34904806669
8362,2462,2471,1.800986334706944,5187.05927487165
8363,2472,2456,5.365619810914176,98258.201855944
8364,2472,2471,6.586450889787649,70740.7073153359
8365,2473,2450,17.584799499083523,0.0
8366,2444,2473,8.540213722964353,134368.469713636
8367,2474,2461,26.09594123862528,623562.28469613
8368,2475,2472,37.904031236459524,615092.213239147
8369,2477,2476,0.229203334141056,3334.89471767028
8370,2452,2477,7.425323646542208,115339.638528665
8371,2478,2475,37.95936465138048,713905.801962259
8372,2406,2479,24.292109271513603,133163.593212631
8373,2459,2480,5.12233196479488,0.0
8374,2457,2480,7.511637295565568,0.0
8375,2481,2477,2.6010181308545284,63789.2920006268
8376,2471,2481,6.264892324639873,87340.4371144278
8377,2483,2482,0.17482472048448,0.0
8378,2480,2483,0.6453904783645441,0.0
8379,2480,2484,0.166201724975616,0.0
8380,2483,2485,0.363204089309952,0.0
8381,2486,2485,0.381265592868864,0.0
8382,2484,2486,0.6231469914236161,0.0
8383,2487,2486,0.670969667098368,0.0
8384,2484,2487,0.330666378755328,0.0
8385,2459,2488,9.439485048994177,0.0
8386,2485,2488,2.6287801275732483,0.0
8387,2446,2489,19.79488328982912,0.0
8388,2447,2490,20.806963392441602,0.0
8389,2394,2491,27.007832274255364,0.0
8390,2367,2492,36.04748139248256,228923.418154233
8391,2424,2493,38.048471662924804,212224.398157484
8392,2494,2436,21.16213891837056,4462265.01853634
8393,2476,2495,4.845675043541377,57670.2626398794
8394,2496,2495,3.7017439860994563,0.0
8395,2476,2496,2.1362742537523203,5893.21942253402
8396,2481,2497,2.007701502073344,30545.485259729
8397,2496,2498,0.704696512278528,1948.94669833134
8398,2497,2499,2.903371159683456,0.0
8399,2452,2500,13.954145788091521,20502.8839822584
8400,2495,2500,5.110370019836929,61855.9596429551
8401,2499,2498,0.629410709549952,0.0
8402,2500,2474,25.86558047876352,616567.255049059
8403,2379,2501,35.44657163891712,0.0
8404,2430,2502,18.9629279522496,918330.975245687
8405,2502,2503,1.2030268740145922,83537.0043653002
8406,2504,2503,1.423203907821696,0.0
8407,2502,2504,0.6545171776239361,0.0
8408,2421,2505,23.89366135005696,695043.14671512
8409,2507,2506,24.662863617511682,1391878.21885413
8410,2506,2508,2.8888854800889603,155555.829822446
8411,2402,2509,29.723817664442883,232028.574475404
8412,2504,2510,0.9740881337299201,0.0
8413,2511,2504,1.3389430865057281,0.0
8414,2464,2512,16.21893698308224,0.0
8415,2392,2513,35.58682381199616,540925.221985186
8416,2488,2514,6.382115744247937,0.0
8417,2449,2515,15.493067849407105,0.0
8418,2509,2478,38.501358783402246,793556.846286714
8419,2503,2516,12.667517640556417,877823.521436844
8420,2472,2517,11.786957177124096,272861.470814795
8421,2517,2497,9.176550928389505,0.0
8422,2518,2460,32.46262728622848,62664.3382857464
8423,2451,2519,28.4134973113728,383304.963223279
8424,2520,2501,18.65747153204352,0.0
8425,2508,2521,4.762107960534144,30127.4654460291
8426,2453,2522,35.53346601167616,385262.745199789
8427,2521,2523,0.195106954610304,1214.16198827106
8428,2450,2524,19.373546521612802,0.0
8429,2523,2525,0.11978027937216001,744.612170565895
8430,2525,2526,0.16053916442572802,997.049447111433
8431,2516,2527,13.309628394940418,914377.177213459
8432,2527,2507,24.820246130929924,1488486.97677181
8433,2529,2528,6.264381869691265,126808.526384713
8434,2530,2509,32.39084075901696,715441.888063582
8435,2531,2427,40.421747570181125,32322.6255954425
8436,2473,2532,17.6222121121728,311154.191456685
8437,2528,2533,10.264508148559104,212448.87800319
8438,2487,2534,20.473063490753283,0.0
8439,2535,2520,18.5983415297856,0.0
8440,2536,2535,3.252804597719424,0.0
8441,2537,2528,2.605768064608896,0.0
8442,2514,2532,14.216936255432064,0.0
8443,2537,2533,8.824106802018816,0.0
8444,2489,2538,20.36798958192768,0.0
8445,2529,2537,7.80908856190848,0.0
8446,2539,2502,36.095701909259525,771400.927231773
8447,2533,2530,32.07645479706624,692587.748760132
8448,2524,2540,16.30809718344576,0.0
8449,2541,2540,1.123734390527232,0.0
8450,2532,2541,6.754901370446593,81889.5764234469
8451,2542,2454,31.39780212493056,176543.617789178
8452,2544,2543,22.475014410816,300789.335895895
8453,2540,2544,1.3405436402688002,0.0
8454,2545,2544,0.068220162971136,854.906917752794
8455,2546,2545,0.49156689079872007,6149.71528012378
8456,2541,2546,1.5248463894639361,18960.3913252406
8457,2490,2547,21.50919126436608,0.0
8458,2548,2547,1.9530417955656962,0.0
8459,2548,2494,21.55106399732352,4570031.46466852
8460,2493,2549,37.38712914313344,244706.872569581
8461,2548,2550,0.94727199676032,199929.884723781
8462,2514,2551,22.36658925232512,0.0
8463,2534,2551,5.294833246378368,0.0
8464,2497,2552,16.23476966107392,247223.46923953
8465,2517,2552,15.567031978375683,404149.430757582
8466,2501,2553,15.088778078432256,0.0
8467,2552,2554,3.3406269471970567,87865.229019223
8468,2498,2555,16.039570666470915,44921.181347579
8469,2554,2555,1.591934378931072,20411.9698057464
8470,2555,2500,22.78203577322112,228409.77964627
8471,2556,2546,12.119273186587776,0.0
8472,2532,2556,7.259949885602305,53815.5393466269
8473,2557,2529,21.8068839033408,422534.895492134
8474,2416,2558,39.200188251882246,73273.0136561686
8475,2558,2518,31.773977256510722,72731.8117856743
8476,2458,2559,24.78535722672768,98212.0483399786
8477,2549,2559,35.996773682833926,258447.597140382
8478,2559,2560,24.55494504832512,208675.530813344
8479,2560,2561,24.1724239675776,206397.514047703
8480,2526,2562,11.070300326012928,66159.010038927
8481,2562,2563,0.06851897630899201,393.601042282353
8482,2508,2564,30.520699892305924,1541643.95989877
8483,2565,2534,9.677742417294336,0.0
8484,2547,2565,12.600498436061185,0.0
8485,2535,2566,18.58727234909952,0.0
8486,2567,2551,3.643862271515136,0.0
8487,2565,2567,6.721186619486592,0.0
8488,2568,2463,40.978076418892805,52698.1949834054
8489,2569,2558,3.5908171554689283,15807.7844392333
8490,2561,2569,24.516170286474242,204638.334536547
8491,2570,2536,12.86070573730061,0.0
8492,2429,2571,38.7556908830784,47659.4145396644
8493,2479,2572,24.786737062179842,134399.625017624
8494,2543,2573,23.386824866592,352238.925602318
8495,2574,2556,14.377256264219906,0.0
8496,2567,2574,14.265597108039552,0.0
8497,2575,2572,29.160624657795843,250321.383609183
8498,2491,2576,25.9421822275968,0.0
8499,2576,2577,22.21923224391552,0.0
8500,2578,2539,35.82011811628801,825393.669540144
8501,2505,2579,23.73402886107264,722129.16266661
8502,2547,2580,11.155645700343937,0.0
8503,2573,2581,3.173397227991936,0.0
8504,2470,2582,35.27157092861952,1171277.64490131
8505,2583,2557,21.58076822280192,386134.012215628
8506,2572,2583,5.465372808436992,73891.0897034795
8507,2519,2584,28.863913396792324,418062.279152214
8508,2585,2531,37.676391845114885,49320.3695455888
8509,2468,2586,30.954493015269126,214005.285984923
8510,2567,2587,10.528862664912769,0.0
8511,2587,2565,7.861183558272,0.0
8512,2588,2550,14.411772492632064,3019440.95446553
8513,2577,2588,22.38106518895104,0.0
8514,2466,2589,34.675800212782086,803773.767349103
8515,2588,2580,11.058514008765696,0.0
8516,2443,2590,39.6257263091712,1109736.595159
8517,2492,2591,34.446200946220806,203812.917304957
8518,2592,2587,9.972393315641858,0.0
8519,2566,2593,19.16629909590528,0.0
8520,2595,2594,1.405268987215104,0.0
8521,2593,2594,3.8952215764704006,73498.8915906331
8522,2596,2589,8.774199866539009,166070.803504011
8523,2553,2596,14.015694664958977,0.0
8524,2455,2597,38.8432774185984,351561.013277943
8525,2598,2596,9.09393779047565,172147.38191679
8526,2594,2598,2.931385485447936,55403.2074313119
8527,2599,2570,12.725063996819328,0.0
8528,2573,2599,18.565780686520323,305183.952073204
8529,2598,2600,0.520060097791872,0.0
8530,2601,2575,29.51216432157312,252639.159334407
8531,2564,2601,30.220052336812802,1338293.24452939
8532,2594,2602,1.7165317210145281,0.0
8533,2569,2603,24.143902223696642,136960.770441487
8534,2593,2602,5.356880516161152,0.0
8535,2602,2600,2.9923091434368003,0.0
8536,2604,2537,19.38514722034176,0.0
8537,2605,2542,29.97169151492736,188362.10625706
8538,2589,2605,14.230389167482752,196946.095930074
8539,2605,2578,34.16154912745344,813283.125747803
8540,2606,2593,27.758688052296964,515788.525619377
8541,2607,2589,5.618074850606592,121095.421087435
8542,2607,2608,3.9700315460678404,0.0
8543,2609,2607,3.3397680065080326,74625.7750646104
8544,2596,2609,3.2705263092142083,0.0
8545,2527,2610,22.68806191229952,157546.768382208
8546,2544,2611,29.1254335187904,0.0
8547,2559,2612,14.412454519744514,47248.8763251663
8548,2599,2606,27.67578116726016,488276.662692291
8549,2613,2585,36.30263908563072,64484.1028280773
8550,2600,2614,4.376204827277184,0.0
8551,2614,2609,7.804224916735104,182046.322639
8552,2554,2615,17.50269223270656,365580.394449655
8553,2581,2616,8.786034040848769,0.0
8554,2513,2617,34.90939108698625,384408.699172444
8555,2538,2618,32.00135915281536,0.0
8556,2616,2619,1.0706483697845761,0.0
8557,2619,2620,0.0018316861390080003,0.0
8558,2621,2605,12.953045404341506,214534.534134824
8559,2608,2621,4.609611843585409,0.0
8560,2563,2622,22.779704010792962,120301.730177647
8561,2623,2579,23.605042820198403,565028.064173324
8562,2624,2592,10.85052108019968,0.0
8563,2580,2624,12.061181525031937,0.0
8564,2509,2625,33.14387964438144,220527.053403571
8565,2587,2624,23.827637883709443,0.0
8566,2522,2626,38.989353421370886,495211.587759144
8567,2620,2627,3.2143369164065283,0.0
8568,2583,2628,16.467992832360963,195169.064419299
8569,2627,2629,1.0058214426543362,0.0
8570,2611,2629,26.886894788033278,0.0
8571,2614,2630,6.678434697073921,164251.9719559
8572,2631,2613,36.528185154954244,77847.7438888155
8573,2630,2621,17.156076212056323,298457.167426116
8574,2632,2599,18.96637159435392,0.0
8575,2629,2632,4.004054759992321,0.0
8576,2601,2633,15.447535651658882,475818.151014508
8577,2603,2634,24.995825706170884,132893.55172832
8578,2612,2635,13.605644137700736,47078.7302846776
8579,2576,2636,22.55029089705216,0.0
8580,2637,2588,22.44793431729024,4574015.02741647
8581,2556,2638,29.89871648717184,265815.915648106
8582,2639,2552,32.091214444945926,1213738.07634591
8583,2632,2640,7.251103276572673,0.0
8584,2641,2630,15.4185570472032,687175.863053712
8585,2642,2604,19.188225764167683,0.0
8586,2591,2643,26.18423965137024,0.0
8587,2642,2644,1.5116556942685442,0.0
8588,2579,2645,25.5639786627456,178766.201827585
8589,2591,2646,30.209548019777284,153763.751475992
8590,2640,2647,6.989026228208641,0.0
8591,2584,2648,31.69469395433088,466984.769658683
8592,2582,2649,34.30514336084352,1269118.26689714
8593,2569,2650,34.1670451820544,65600.6757539341
8594,2628,2651,16.907097176766722,177085.617064848
8595,2652,2641,15.133126988301697,718135.522318047
8596,2644,2653,20.51859833426304,0.0
8597,2618,2654,31.197171517079045,0.0
8598,2655,2568,43.7031900404352,51306.9598321858
8599,2633,2656,15.272038581047426,418546.032056345
8600,2610,2657,23.00933916572544,150776.069533688
8601,2658,2651,10.03780999170893,67517.7192982233
8602,2659,2658,1.277097609148416,7963.34029199552
8603,2657,2660,0.6706104019718401,1551.29345387927
8604,2656,2659,22.724666023150082,119602.746934788
8605,2658,2661,0.743285259712512,0.0
8606,2662,2623,24.82008181690752,592410.456956187
8607,2634,2662,24.550588457556483,119232.654387317
8608,2653,2663,19.995629738261762,0.0
8609,2651,2663,5.948415380654208,11461.3364147436
8610,2661,2664,1.569837551508864,0.0
8611,2622,2665,23.922945697685762,46789.2385227354
8612,2666,2661,1.606428221118336,0.0
8613,2659,2666,2.5006547880103684,0.0
8614,2665,2667,1.182312056268288,2443.50888587948
8615,2667,2668,0.15222861822643202,315.474860808661
8616,2663,2669,3.8594840024125445,7532.27488006874
8617,2586,2670,31.47280285007232,204528.711716135
8618,2636,2671,20.046061364947203,0.0
8619,2660,2672,16.405283777794562,37024.9715014288
8620,2672,2668,15.908361975082368,34007.5540103371
8621,2673,2652,23.54740857444096,890861.207962082
8622,2571,2674,38.754284879692804,78465.6213115213
8623,2643,2675,24.486852464490244,0.0
8624,2617,2676,34.3476345003264,244087.24394362
8625,2677,2642,18.97868169191808,0.0
8626,2671,2678,5.460070283889408,0.0
8627,2669,2679,11.781602542017792,19897.7886058976
8628,2669,2679,10.04125149016704,19897.7886058976
8629,2680,2637,22.484510586489602,4341438.43325586
8630,2678,2680,3.3352710841612803,0.0
8631,2678,2681,1.46827973584512,0.0
8632,2662,2682,10.26913786270733,286448.055719108
8633,2615,2683,31.735961960186884,787483.797265939
8634,2684,2682,1.6536376095909122,55118.0872563242
8635,2685,2680,2.887927939721088,535889.002126441
8636,2681,2685,1.2927631471096321,0.0
8637,2625,2686,32.21023822803072,190024.086274062
8638,2590,2687,40.124824632161285,1288887.98364189
8639,2688,2673,23.681342205480963,955798.771073516
8640,2647,2688,18.86235759948672,0.0
8641,2680,2689,16.335941811932162,0.0
8642,2690,2631,40.308217636896,93663.4402662915
8643,2691,2639,30.114980745442566,1121429.43124233
8644,2597,2692,40.40376414877441,385617.675584231
8645,2654,2693,30.571721778090247,0.0
8646,2638,2694,28.59691830259968,316690.523827003
8647,2695,2688,19.250082976861442,803179.842258336
8648,2651,2696,21.15724625511552,15367.5592128202
8649,2666,2696,18.44832520916352,0.0
8650,2657,2697,19.89449051458176,166266.004847843
8651,2694,2695,19.266146112913923,811252.778248012
8652,2656,2698,22.446932162688,759803.126072672
8653,2699,2685,9.082439713176193,206439.730272634
8654,2700,2694,21.347009912448,888788.987141539
8655,2702,2701,12.96541825988429,0.0
8656,2704,2703,4.731134537175552,0.0
8657,2682,2705,21.63824064902016,256538.626004691
8658,2675,2706,15.772640562417024,0.0
8659,2652,2707,29.213039334251523,366521.169331284
8660,2645,2708,26.214806324298245,175359.56352439
8661,2635,2709,30.963695694877444,114443.576700417
8662,2678,2710,19.464413383008,0.0
8663,2701,2710,12.737149766313985,0.0
8664,2705,2708,20.605178192924164,218826.885254119
8665,2711,2677,17.845345597812482,0.0
8666,2708,2712,3.220491926564352,52631.0843060202
8667,2646,2713,32.098267217998085,130105.423355067
8668,2714,2701,4.263473326565376,0.0
8669,2699,2715,5.814285295382785,137258.759539127
8670,2710,2715,3.4434329073027845,0.0
8671,2716,2704,21.65349896823168,0.0
8672,2714,2701,4.94930744846208,0.0
8673,2689,2717,17.79351424418304,0.0
8674,2715,2718,2.191040840013696,0.0
8675,2649,2719,31.300925635077125,1346346.18260065
8676,2688,2720,18.65731938466176,0.0
8677,2648,2721,32.164492850138885,452345.655238631
8678,2722,2717,14.43034207574784,45698.3023247744
8679,2717,2723,32.502509743461125,1131757.24667936
8680,2703,2724,5.870993004784512,0.0
8681,2626,2725,41.75464120983936,595405.160127797
8682,2696,2726,8.44810643071296,6392.02970876769
8683,2698,2726,20.24636331256704,692977.969213684
8684,2727,2715,3.5676490183234564,86165.6218878891
8685,2729,2728,3.386004602859648,0.0
8686,2711,2730,4.9901898554956805,0.0
8687,2724,2731,14.87615377165632,0.0
8688,2728,2702,13.713446027837952,0.0
8689,2731,2728,5.280035397500161,0.0
8690,2732,2724,4.785312082611456,0.0
8691,2704,2732,9.24649163298432,0.0
8692,2723,2700,34.76319298328448,1371298.58958428
8693,2733,2655,42.237892837451525,43731.4071638389
8694,2714,2734,5.265818101767168,0.0
8695,2727,2735,2.0206430692081923,0.0
8696,2679,2736,19.6109903423808,39767.7367693801
8697,2731,2737,2.5592614686144,0.0
8698,2724,2738,3.647085610519296,0.0
8699,2740,2739,41.67949852446336,52494.7806051512
8700,2738,2737,14.105898619857792,0.0
8701,2732,2741,3.20821675498368,0.0
8702,2741,2738,5.071757555500416,0.0
8703,2743,2742,39.135422503964165,8538.04096491484
8704,2744,2741,2.497022920250496,0.0
8705,2685,2745,21.21370876969344,3263835.68512047
8706,2746,2713,17.76305668477824,0.0
8707,2727,2747,5.1638809926908165,127293.630617727
8708,2734,2748,3.363958360338048,0.0
8709,2730,2749,9.249491551588992,0.0
8710,2735,2750,4.998782925252865,0.0
8711,2747,2750,0.8395072100490242,0.0
8712,2751,2746,0.844499116720512,0.0
8713,2744,2752,1.3338694332057601,0.0
8714,2753,2722,15.223345749165315,53760.9719657167
8715,2745,2753,6.784340409830017,25842.4336000341
8716,2746,2754,1.8746107472505602,0.0
8717,2751,2754,2.131163422996608,5334.98870597081
8718,2728,2755,5.947579252416385,0.0
8719,2650,2756,35.27925977879424,70867.228055915
8720,2684,2757,33.144686537276165,859965.183174364
8721,2750,2745,7.952190928273153,31768.082320272
8722,2759,2758,29.224128261588483,93158.1439094367
8723,2694,2760,16.5935312560512,207956.923916441
8724,2713,2761,10.09680448398336,1447.92880429898
8725,2754,2761,8.451861646643712,19819.2154760591
8726,2753,2762,1.452020826313728,0.0
8727,2697,2763,19.2968510606784,150417.798847845
8728,2764,2717,13.418455200632065,370050.038860412
8729,2737,2765,4.336105480363008,0.0
8730,2748,2766,2.116935339830784,0.0
8731,2767,2743,38.71013634119808,13152.8315059165
8732,2768,2755,6.213894627295873,0.0
8733,2769,2732,21.073528212422403,0.0
8734,2716,2769,10.211442436128385,0.0
8735,2770,2747,12.205168100395776,0.0
8736,2766,2770,3.385126539945216,0.0
8737,2706,2771,15.15334529445581,0.0
8738,2773,2772,33.8303822459328,45602.6020460122
8739,2734,2774,11.143969079202433,0.0
8740,2775,2750,4.3414371050688,18009.0467785034
8741,2775,2747,4.136935416565248,104138.110431318
8742,2776,2744,18.32588581874688,0.0
8743,2769,2776,1.1027551334215682,0.0
8744,2770,2775,6.621686935928064,0.0
8745,2762,2777,3.642170183093376,0.0
8746,2778,2774,7.065887958518401,0.0
8747,2755,2778,3.3358571959806724,0.0
8748,2772,2779,33.89522039823744,60472.6529734442
8749,2774,2780,2.97511687554048,0.0
8750,2712,2781,23.030001694275843,305204.223794193
8751,2712,2781,19.785944220768002,305204.223794193
8752,2782,2778,0.774787676053248,0.0
8753,2755,2782,3.3675803901780483,0.0
8754,2783,2768,2.865358064942208,0.0
8755,2765,2783,2.5401693041429763,0.0
8756,2784,2782,5.804520484790016,0.0
8757,2768,2784,2.472667578082944,0.0
8758,2776,2785,1.319130133871616,0.0
8759,2786,2769,9.486292098248065,0.0
8760,2787,2786,3.617688974131584,0.0
8761,2788,2775,1.3498024232183041,40080.8120322971
8762,2780,2789,2.133723372701184,0.0
8763,2790,2751,15.78146156034624,43678.3613782267
8764,2670,2791,31.52577144663936,183220.8127518
8765,2792,2784,2.5534070066672645,0.0
8766,2783,2792,1.528636399411968,0.0
8767,2794,2793,4.87577408294592,0.0
8768,2788,2794,0.7986391116929281,23829.2953305543
8769,2795,2780,5.1608000017728,0.0
8770,2774,2795,3.814352444415744,0.0
8771,2738,2796,9.294030286801922,0.0
8772,2796,2797,0.277907228653824,0.0
8773,2771,2790,15.834905755080191,50956.3046037179
8774,2726,2798,16.164111927744003,412110.875966424
8775,2799,2765,9.575438939447041,0.0
8776,2797,2799,0.232436221383168,0.0
8777,2683,2800,29.34544844981376,852587.815038208
8778,2786,2785,9.553650982153345,0.0
8779,2778,2801,2.168108392906368,0.0
8780,2801,2795,3.9779671118964486,0.0
8781,2745,2802,6.998379962454145,993018.7537284
8782,2793,2802,3.7590085446186245,0.0
8783,2804,2803,0.657593604442368,0.0
8784,2761,2805,5.78911886315136,13395.74015046
8785,2806,2801,1.291795625590272,0.0
8786,2782,2806,2.500446081843072,0.0
8787,2713,2807,18.860736233687042,56338.3752998155
8788,2805,2807,3.341056698372096,6665.08445775025
8789,2795,2808,1.6457850344136962,0.0
8790,2676,2809,34.33752207464832,116459.48783506
8791,2791,2810,2.161864398900096,13626.7693080137
8792,2811,2796,4.527562569919488,0.0
8793,2741,2811,9.206824205031554,0.0
8794,2807,2759,28.79624617867008,189162.094706453
8795,2801,2808,5.237173558501632,0.0
8796,2812,2786,11.725631833310208,0.0
8797,2813,2812,2.4237454420396802,0.0
8798,2707,2814,27.770888666188803,341245.601107231
8799,2720,2814,20.117730731915522,0.0
8800,2803,2815,3.484816428652416,0.0
8801,2816,2812,2.757518409938688,0.0
8802,2817,2788,6.969302140331521,0.0
8803,2815,2817,0.9829703945571842,0.0
8804,2739,2818,42.7120345802304,39408.7069687064
8805,2799,2783,13.415786631472896,0.0
8806,2819,2691,30.516640917523205,1078041.59913409
8807,2821,2820,6.069964498063488,0.0
8808,2820,2792,11.480903666153857,0.0
8809,2823,2822,11.254430287989504,0.0
8810,2686,2823,31.30565012188416,155311.257429434
8811,2824,2819,21.35725554352896,0.0
8812,2817,2825,1.0169597671960322,0.0
8813,2815,2825,1.1989109976560641,0.0
8814,2784,2826,5.2628375966791685,0.0
8815,2827,2690,39.472765854635526,90242.7571445971
8816,2792,2826,6.053361660453889,0.0
8817,2806,2828,3.3088656035001605,0.0
8818,2826,2828,2.822511606444288,0.0
8819,2726,2829,15.557583191445506,154718.082715609
8820,2742,2830,40.94032919099904,16293.4641263032
8821,2752,2831,9.647774206291585,0.0
8822,2831,2811,7.534788668174593,0.0
8823,2832,2831,1.0129413028204801,0.0
8824,2693,2833,34.49370519226368,0.0
8825,2835,2834,18.08832491820288,0.0
8826,2836,2821,6.083255040179329,0.0
8827,2831,2836,0.512852295022848,0.0
8828,2832,2836,1.1221635806599681,0.0
8829,2837,2824,21.444484450625282,0.0
8830,2834,2837,17.59743021015936,0.0
8831,2808,2838,5.454162044103168,0.0
8832,2839,2794,6.903826497900288,209486.744200486
8833,2825,2839,2.5418618657118723,0.0
8834,2840,2816,12.730581468570241,0.0
8835,2841,2840,7.026962391478657,0.0
8836,2842,2832,17.37965281447296,0.0
8837,2785,2842,6.683631978570624,0.0
8838,2758,2843,34.87493918405376,14160.9733229407
8839,2844,2740,42.4868857452864,63026.0074746203
8840,2684,2845,31.14927053555328,243935.836898719
8841,2846,2764,13.61872536531725,334817.482049115
8842,2777,2846,10.741140748685952,0.0
8843,2674,2847,38.623939361568,107040.466502445
8844,2848,2842,19.3504222600128,0.0
8845,2812,2848,5.472247472169984,0.0
8846,2826,2849,4.8243178818869765,0.0
8847,2851,2850,14.749637346398591,22110.0221704183
8848,2853,2852,41.120415959420164,66461.9279144042
8849,2850,2853,41.061333625931525,64198.4431462712
8850,2854,2838,3.2881693109126404,0.0
8851,2843,2773,35.31048539762304,30286.433286299
8852,2793,2855,9.752739102982657,0.0
8853,2839,2855,5.227874255488896,0.0
8854,2856,2848,2.917833138468864,0.0
8855,2816,2856,4.976186552625024,0.0
8856,2687,2857,37.226217869406725,1258510.1081492
8857,2852,2844,41.41118965838976,65838.9222513004
8858,2842,2832,20.03920267878144,0.0
8859,2823,2858,5.1768990181497605,22676.750210804
8860,2859,2771,16.916452792335363,61689.5293025686
8861,2860,2854,4.310271204167808,0.0
8862,2828,2860,4.60251346655232,0.0
8863,2849,2860,2.08058652565632,0.0
8864,2857,2861,14.550202494013826,319824.155301154
8865,2736,2862,19.32361062115968,39715.8251971992
8866,2798,2862,15.661634064430464,395923.393656784
8867,2863,2839,5.66600833605312,176481.437811884
8868,2825,2863,5.989960216209025,0.0
8869,2807,2864,10.911865214714114,47412.2814196151
8870,2805,2864,9.224235921466368,2055.61662790135
8871,2854,2865,1.577958071196672,0.0
8872,2860,2866,3.251152810490112,0.0
8873,2867,2860,1.4068195515348483,0.0
8874,2849,2867,1.9364348814877441,0.0
8875,2868,2865,0.406740784184064,0.0
8876,2866,2868,0.299463781592448,0.0
8877,2865,2869,0.206918084723328,0.0
8878,2868,2869,0.327077861894784,0.0
8879,2870,2821,22.40298485656704,0.0
8880,2809,2871,9.75033491685581,32740.2819485351
8881,2871,2809,10.030599586630657,32740.2819485351
8882,2872,2856,11.519586693787394,0.0
8883,2840,2872,4.774469367203713,0.0
8884,2838,2873,5.471084973796993,0.0
8885,2869,2873,4.124422089431424,0.0
8886,2874,2763,22.3556129951616,157760.350083223
8887,2863,2875,1.240946325856512,39183.3952151068
8888,2876,2875,1.0097457620152321,32021.1986585619
8889,2802,2877,11.44136142585216,1530216.96326218
8890,2855,2877,5.6068777817902085,0.0
8891,2873,2878,3.253678558416,105800.071090763
8892,2879,2840,16.793016091441924,0.0
8893,2878,2880,1.170556104123648,37765.3809521745
8894,2880,2876,3.550884309675648,113574.68056991
8895,2802,2881,18.767832441684483,0.0
8896,2861,2882,14.910604902103682,314990.159384879
8897,2848,2883,4.818120216066432,0.0
8898,2884,2860,3.8338552394461445,0.0
8899,2867,2884,2.7738981715484163,0.0
8900,2883,2870,21.912903575354882,0.0
8901,2885,2851,15.733462122373247,47103.5286670232
8902,2886,2885,5.361751448444161,0.0
8903,2846,2887,6.6399259227713285,147941.414185654
8904,2881,2887,4.299146245228033,0.0
8905,2875,2888,2.1612282992467198,0.0
8906,2889,2883,3.87929409202368,0.0
8907,2856,2889,5.08936931661312,0.0
8908,2814,2890,20.37689250512256,239165.98996724
8909,2781,2891,35.660259643219206,288373.556396751
8910,2709,2892,30.123602274839044,117612.103455892
8911,2893,2767,40.18817140538112,31503.7073386794
8912,2880,2888,4.801695985063296,0.0
8913,2895,2894,0.13204231387776,0.0
8914,2877,2895,2.639159987599872,336414.156843396
8915,2779,2896,36.929566427719685,78172.8511574241
8916,2692,2897,38.7347513864256,355725.624775249
8917,2882,2898,22.6940454854784,388367.520482256
8918,2835,2899,17.5035803652864,0.0
8919,2855,2900,7.741888893623808,0.0
8920,2884,2901,3.946039117409664,0.0
8921,2884,2901,3.1357763609610245,0.0
8922,2719,2902,31.7081390256576,1440185.57873807
8923,2903,2895,3.7911520721099525,472394.419343572
8924,2900,2903,0.42361685943667204,0.0
8925,2760,2904,21.993400693059844,297507.355015599
8926,2905,2879,16.53981206144256,0.0
8927,2901,2906,0.585487558073088,0.0
8928,2907,2889,12.475304098164866,0.0
8929,2872,2907,6.435156230211456,0.0
8930,2749,2908,23.27414006421504,0.0
8931,2909,2903,2.5004986752049922,304581.858713832
8932,2888,2909,10.408135526388865,0.0
8933,2910,2858,21.567223967604484,11502.5976202585
8934,2911,2827,36.219090539047684,73378.2244286843
8935,2862,2912,14.038922124133633,382782.045730337
8936,2913,2819,26.55810951032448,921969.651848621
8937,2894,2914,3.7490753982528,0.0
8938,2909,2914,5.7771122379759365,0.0
8939,2914,2881,19.06197964754688,0.0
8940,2857,2915,18.237763999319043,716727.950075816
8941,2916,2885,23.25714154524288,84087.2182192956
8942,2829,2917,15.38020604172096,164749.947648374
8943,2907,2918,2.832121372836096,0.0
8944,2919,2872,17.56810541971584,0.0
8945,2908,2920,10.29658441190861,3010.71657727411
8946,2887,2921,35.90547517928449,663786.948820828
8947,2920,2922,2.2430583883065602,725.192361329908
8948,2883,2923,10.463076695896705,0.0
8949,2866,2924,10.954339991996545,0.0
8950,2919,2907,14.81864194386893,0.0
8951,2925,2733,41.75775315005185,38914.1389981298
8952,2721,2926,34.01725272118272,423487.682528179
8953,2858,2927,12.595560791641345,44567.4401515295
8954,2873,2928,11.782359587091456,392781.736580096
8955,2924,2928,1.461397043094912,49710.5284517184
8956,2929,2911,17.295367542393603,29954.4548302905
8957,2889,2930,7.910174305478017,0.0
8958,2931,2924,3.7598581543311362,128833.256338819
8959,2906,2931,5.243728719170305,0.0
8960,2932,2910,6.407655298057728,2928.7652459129
8961,2922,2932,20.90037255064704,8018.59229239839
8962,2933,2919,5.995905039603072,0.0
8963,2800,2934,28.543504352267522,913212.28088658
8964,2830,2935,39.837484774391044,25168.1052614767
8965,2912,2936,13.452314885894017,367212.392492479
8966,2937,2874,21.9801068517888,135468.10321622
8967,2924,2938,3.8939824298707197,0.0
8968,2939,2908,9.28514872764864,2290.3721990029
8969,2936,2939,0.6363947169423361,16509.7365998646
8970,2725,2940,39.21368932838016,587343.084059678
8971,2941,2940,15.002884556706817,28399.0609092368
8972,2818,2942,43.999406412065284,24234.5517375981
8973,2943,2859,18.46424667466368,74762.1806031587
8974,2757,2944,35.24820684257664,876284.166970837
8975,2878,2945,15.723120444033025,0.0
8976,2946,2901,18.17674185913344,0.0
8977,2938,2947,3.9445046159523844,0.0
8978,2938,2947,3.9004747891084803,0.0
8979,2862,2948,18.442813769233922,0.0
8980,2950,2949,0.41563587792038403,0.0
8981,2921,2949,36.470436517025284,884879.37981325
8982,2934,2951,23.19547996440576,894890.676766163
8983,2833,2952,33.932980146827525,0.0
8984,2756,2953,34.65814490443008,70155.023871585
8985,2954,2937,16.352836399468803,232202.889207326
8986,2898,2955,23.86177031576448,408341.431498941
8987,2949,2956,13.153534135644673,361789.004857695
8988,2871,2957,28.586347358722563,96458.6764284724
8989,2931,2958,12.748284893089153,446068.396056297
8990,2946,2958,5.325710710991616,0.0
8991,2864,2959,23.968913567385602,142594.367939355
8992,2887,2960,21.45232235824128,700234.948367668
8993,2958,2961,0.532499795828352,69259.5917686481
8994,2927,2962,12.18170060756352,39197.8147024774
8995,2937,2963,38.4895911635136,410532.422699512
8996,2962,2964,0.14594946649113602,447.190061725854
8997,2935,2925,39.039622971022084,31964.8851851087
8998,2958,2965,1.9457392764648962,182092.72938197
8999,2966,2929,18.5342943056832,27673.875077673
9000,2915,2967,18.6511614068736,731026.835842664
9001,2951,2967,4.296560069653633,169553.316302042
9002,2948,2968,4.096934178480001,0.0
9003,2969,2913,26.61644282292864,882176.671161465
9004,2970,2965,0.860450981119488,0.0
9005,2908,2971,15.088746723583105,0.0
9006,2939,2971,11.770745265265537,303916.530761602
9007,2972,2893,41.398971486554885,56325.1679070462
9008,2974,2973,0.505537562610432,1880.71593879589
9009,2974,2973,0.28146707183232,1880.71593879589
9010,2964,2974,5.793611794324993,0.0
9011,2975,2961,4.397076530313984,581008.671711744
9012,2977,2976,25.47297989951616,1035814.7445721
9013,2899,2978,18.70836927303168,0.0
9014,2891,2979,37.55256001808256,285030.303925102
9015,2973,2978,7.985003141415167,53648.1036348405
9016,2980,2946,13.138848189282816,0.0
9017,2981,2977,25.64035867616256,1160459.61774647
9018,2890,2981,22.91310137622528,252395.934965261
9019,2810,2982,34.019443183207684,215369.125105043
9020,2978,2969,19.97337484429056,135888.045555212
9021,2976,2983,25.8731581071744,907187.17058858
9022,2947,2984,7.953567096030337,0.0
9023,2965,2984,8.198223188715648,734930.642180375
9024,2985,2954,16.0347153737929,237819.360196113
9025,2917,2986,16.5018027518784,189364.656824042
9026,2928,2987,14.706837443003904,0.0
9027,2984,2988,1.261623272519808,108440.833319733
9028,2988,2987,1.1485352634877442,97637.5964171478
9029,2955,2989,16.021846487851775,270982.816657247
9030,2974,2990,2.7820610652637443,18546.8118834677
9031,2989,2991,0.259273257293952,4350.62011009628
9032,2992,2981,14.032699077348864,546835.367965674
9033,2964,2993,4.158926796549888,12526.8661648911
9034,2993,2990,5.143705783159681,34072.028531845
9035,2994,2941,16.57199786318208,29230.8708237901
9036,2991,2994,0.7593254497382401,12734.1619591468
9037,2909,2995,20.43926557694208,2285760.65611056
9038,2996,2992,14.096777139700993,553071.107850193
9039,2904,2996,22.165724935537924,317737.635866067
9040,2997,2985,27.437624809436162,407359.16509863
9041,2994,2998,4.181808893720832,47932.637875143
9042,2956,2999,13.947102775710722,402296.303460177
9043,3000,2916,25.32522876276096,113568.419317445
9044,2943,3001,34.12517196629376,4783.86926108335
9045,2983,2997,27.20019909378816,450909.145141232
9046,2896,3002,41.5811763126144,94625.4801577984
9047,2999,3003,12.954136649008895,386743.406186346
9048,2936,3004,14.665559237125633,25425.6322782757
9049,3003,2996,13.05997917731021,398349.319123017
9050,2845,3005,31.668048834301445,268631.812490234
9051,3006,2995,3.897721264288896,396114.541425509
9052,2975,3007,14.643376303362048,2048452.77967098
9053,2945,3008,15.062241474859393,0.0
9054,2987,3008,15.513240071995776,1217921.53459961
9055,3008,3006,4.180132203502464,296360.071424221
9056,3009,2980,13.125787747953408,0.0
9057,2942,3010,43.12232012803968,11533.2957500695
9058,2971,3011,12.032313638615426,312173.703333151
9059,3011,3012,28.82337057743616,170069.037787571
9060,3012,2993,29.546748625236486,190586.231060817
9061,2966,3013,40.94715583512576,0.0
9062,2847,3014,37.27785468553344,123258.732087102
9063,2963,3015,38.184135773287686,379868.496700365
9064,3014,3016,33.88237770436992,88046.3153016616
9065,3002,3017,39.0039865104384,85226.3076646522
9066,2998,3018,15.852900583517185,175934.346897891
9067,3019,2966,42.53317427677825,44708.6124332475
9068,3017,2972,38.95026562601856,72619.203399953
9069,2940,3020,20.64783985849728,268926.117799584
9070,3018,3020,0.67104485243136,7240.87115692127
9071,2960,3021,20.881383804230403,513199.693038311
9072,3006,3021,11.426091688344961,1836373.99610014
9073,2978,3022,9.475789829907457,0.0
9074,2990,3022,11.42084768437325,0.0
9075,3023,3011,7.695884002574592,78925.4612815697
9076,3024,3023,0.16360206148915202,529.557837477231
9077,3004,3024,12.2970192703776,54517.8720253796
9078,3025,3023,0.44426988320140803,3073.41349919028
9079,3024,3025,0.30128271689894404,477.262403999744
9080,3026,3019,42.06610653429888,21078.4669640495
9081,3013,3027,40.493841803965445,0.0
9082,3010,3026,41.78009639700864,8856.86450112858
9083,3007,3028,13.498526688691967,2033274.34987967
9084,3009,3028,4.115082906874368,0.0
9085,2892,3029,30.9860850334464,122291.78293465
9086,3025,3030,6.852464387138304,59210.2681972118
9087,3015,3031,36.82774733666688,428559.032418427
9088,3032,3014,40.882997260512006,0.0
9089,2969,3033,17.30551516442496,429058.453651755
9090,3020,3034,9.595225012817664,168470.146649408
9091,3035,3009,22.017661602140162,0.0
9092,2994,3034,18.54178203613824,66448.9694820279
9093,2902,3036,33.45674033446272,1527438.21658183
9094,3020,3037,32.648064882048004,428504.770979851
9095,2968,3038,19.63562029013376,0.0
9096,2957,3039,29.03670380185344,105343.01773686
9097,3038,3030,20.510633095349764,163720.248608812
9098,3040,3038,12.197048232492289,101979.84884426
9099,2959,3041,23.56070622985728,184824.462908559
9100,3001,3041,33.48452878075008,8832.40117348554
9101,2985,3042,25.82135041090176,24298.4045598541
9102,3031,3043,36.41906971663489,479238.53309059
9103,2988,3044,16.81057351949184,0.0
9104,3045,3032,41.022517729248,0.0
9105,3046,3028,13.585152214098434,2171472.50520005
9106,2944,3047,33.99308697261312,760520.757081187
9107,3048,3040,12.205636628714498,105163.78796073
9108,2986,3048,16.684415240866564,203731.373774097
9109,3043,3049,36.6108359772672,501314.375054837
9110,3050,2943,42.372846293690884,193628.325238688
9111,3049,3048,35.745945221606405,471445.279776101
9112,3008,3051,12.83879077701581,0.0
9113,2981,3052,23.68210133304576,203419.556996704
9114,3053,2996,20.38157324995968,129403.866798605
9115,2999,3054,19.30213685448576,0.0
9116,3055,3045,40.43753101833984,0.0
9117,3027,3055,41.16083960685312,0.0
9118,2952,3056,34.50933845644032,0.0
9119,3057,3000,25.2027807140736,136676.142439094
9120,2970,3058,22.74523416367488,0.0
9121,3059,3057,11.648538669677183,55901.8468280997
9122,3030,3060,9.420541502613121,10410.4313451711
9123,3061,3033,16.119805625256962,326229.908902637
9124,3022,3061,12.607834308816384,0.0
9125,2926,3062,34.74531494172288,349012.640058011
9126,3063,3059,5.11816623417792,26147.9625456783
9127,3062,3063,4.79007134895168,50787.962389976
9128,3042,3064,24.18029214695424,57238.841936089
9129,2897,3065,40.323564824083206,325423.683710368
9130,3035,3066,8.973157118732928,0.0
9131,3067,3035,15.019630344297216,0.0
9132,3066,3046,13.629973868767873,2285310.48841857
9133,2983,3068,24.96754946771712,108038.505898344
9134,3011,3069,26.85883959297792,827106.515898844
9135,3070,3061,4.816611488253312,92719.2384672871
9136,3072,3071,0.6871406581670401,34228.7588235098
9137,3072,3071,1.11437419154688,34228.7588235098
9138,3069,3072,24.34948465428864,749316.63740146
9139,3073,3070,7.173430903596673,229294.064864271
9140,2993,3073,23.183305486260483,61126.3257535112
9141,3071,3073,10.951158812977154,335939.653674626
9142,3063,3074,3.8200868734406406,19383.3562029094
9143,3059,3074,8.16391780046093,0.0
9144,3068,3064,21.392828966108162,71105.8525298564
9145,2953,3075,34.40555583696,66648.4957971895
9146,3037,3076,33.066754440318725,488347.842003439
9147,3060,3077,9.133900520177665,0.0
9148,3061,3078,5.261504409672193,0.0
9149,3070,3078,4.97362546511424,163563.047701246
9150,2967,3079,28.234773319357444,1601525.88968645
9151,3077,3080,8.901762172275456,0.0
9152,3016,3081,37.178121272117764,94770.6810011626
9153,3082,3067,14.880887711750017,0.0
9154,3082,3083,0.30089487143232,0.0
9155,3084,3083,24.56210881783296,0.0
9156,3085,3070,8.574685827992063,83391.2402020112
9157,3073,3085,5.247809883588096,5174.12660195695
9158,3051,3086,12.597188243980034,0.0
9159,3021,3087,23.0014240739712,699600.732562909
9160,3088,3050,40.11005181984768,190265.345828076
9161,3087,3089,0.6366292917050881,16989.6600039098
9162,3090,3084,24.543931293446402,0.0
9163,3087,3091,1.4841818618584321,9022.56986126379
9164,3089,3091,1.1171517454817281,0.0
9165,3086,3087,9.894497501344897,0.0
9166,3092,3086,23.07162967819776,0.0
9167,3044,3092,17.216133115991042,0.0
9168,3033,3093,19.20536785271808,65835.7194561601
9169,3078,3093,16.7209545273408,593020.603246845
9170,3057,3094,14.734431298680194,18884.0562380349
9171,2982,3095,35.02105192814976,222205.719945785
9172,3076,3095,32.84939391300864,527012.16677656
9173,3085,3096,5.582298216160512,62932.7657699188
9174,3071,3096,16.374221443008004,0.0
9175,3097,3062,19.06080783590016,42633.6945949586
9176,3080,3098,17.1418422403008,0.0
9177,3094,3099,12.054164865659136,96185.9828338359
9178,3099,3074,13.411734002333569,61559.1266710422
9179,3052,3100,22.71979130408064,207421.228249097
9180,3100,3053,20.07231312911616,134350.543421802
9181,3101,3066,23.51408192483328,4125536.43354107
9182,3096,3102,0.56158157049984,6376.23243813878
9183,3096,3102,0.5531959178254081,6376.23243813878
9184,3103,3088,38.43335809310976,169672.759536052
9185,3005,3104,31.517265612983042,277788.457241028
9186,3106,3105,36.508117954936324,104855.899932314
9187,3104,3107,14.10658192157069,216246.62084371
9188,3054,3108,19.33726799714688,0.0
9189,3109,3090,17.0730950075136,0.0
9190,3110,3109,15.156266348767106,0.0
9191,3111,3104,25.173334305504003,366628.645352762
9192,3112,3111,25.073017263486722,334218.151216209
9193,3093,3113,16.46646752830464,712210.063400807
9194,3113,3114,1.2554982267379202,52630.5886604689
9195,3113,3114,1.157338621397376,52630.5886604689
9196,3048,3115,20.46118405364352,314437.299242232
9197,3066,3116,19.40452822826496,0.0
9198,3118,3117,37.637157567271686,2262243.73292688
9199,3117,3119,37.3805362079424,2415221.41475875
9200,3098,3120,16.28850153731328,0.0
9201,3014,3121,32.530142421342724,30712.9034623417
9202,3122,3118,1.394283975220224,82874.4599854028
9203,3122,3118,1.468754938113408,82874.4599854028
9204,3058,3123,21.46548358956672,0.0
9205,3120,3124,12.871709575401601,0.0
9206,3114,3122,13.325631153234049,629235.113441837
9207,3095,3125,30.36441841158528,546269.070798653
9208,3127,3126,6.97031214048576,0.0
9209,3127,3128,20.32417369483776,0.0
9210,3091,3129,21.3656527142784,159128.497957113
9211,3102,3130,4.719455712842112,55429.4998883116
9212,3132,3131,21.419822621767683,0.0
9213,3107,3131,14.330109754426754,225572.072504346
9214,3131,3133,27.3561134831424,440210.060178702
9215,3134,3083,14.900104553710465,0.0
9216,3078,3135,15.003733868690688,0.0
9217,3105,3108,37.668752208679685,92684.6174798318
9218,3089,3136,12.097974193062912,328989.258494959
9219,3137,3110,15.739578711052417,0.0
9220,3126,3137,2.3022049169180163,0.0
9221,3039,3138,34.456592061999366,132031.497992434
9222,3081,3139,36.73102223780352,83620.6183394628
9223,3133,3140,27.546135955176965,443601.047422326
9224,3142,3141,4.106232137690496,0.0
9225,3142,3123,17.552988481374722,59831.3581719595
9226,3135,3143,3.95064237877056,0.0
9227,3029,3144,31.095962447869443,118504.012299739
9228,3093,3145,9.919172575103618,0.0
9229,3146,3142,0.38665328068224003,0.0
9230,3130,3147,3.85516458588096,0.0
9231,3148,3135,6.1190545932933125,0.0
9232,3145,3113,16.156539062991364,0.0
9233,3147,3148,3.93936862632192,0.0
9234,3100,3149,12.299274466655616,26522.179461295
9235,3108,3149,6.697178811937153,15055.5121246151
9236,3143,3145,11.053098669203711,0.0
9237,3148,3150,0.8140974482234881,0.0
9238,3151,3147,2.187311898233088,0.0
9239,3130,3151,3.396256174029312,41037.1435270797
9240,3124,3151,13.401189207077762,0.0
9241,3092,3152,13.630306727778049,0.0
9242,2979,3153,44.91693913183489,304197.080493286
9243,3140,3153,27.488635478092803,427815.873746178
9244,3125,3154,30.322127184814086,566490.605606845
9245,3155,3106,37.333795820935684,122567.602231015
9246,3129,3155,6.446638310631552,59359.6136884574
9247,3156,3142,19.465634247459842,64642.5221655149
9248,3157,3145,12.707200003221505,0.0
9249,3143,3157,5.358111955612416,0.0
9250,3034,3158,33.14844285882624,771736.717961991
9251,3041,3159,34.77591903189888,360107.791371225
9252,3153,3160,15.209915052499202,135051.326714846
9253,3090,3161,23.00194834996608,0.0
9254,3162,3122,22.72711304679552,172099.29268061
9255,3036,3163,34.04718507117312,1480882.88204088
9256,3154,3163,30.25990527867648,557296.460457396
9257,3165,3164,0.48405887295321604,3865.35504907622
9258,3165,3164,0.502014288555648,3865.35504907622
9259,3157,3165,1.4806285671006723,0.0
9260,3164,3162,21.309398545374723,163570.739634562
9261,3165,3166,0.369534453590016,2845.45661711021
9262,3160,3167,13.162568535806976,103087.107823214
9263,3135,3168,8.38587133600128,0.0
9264,3150,3169,9.274895930158849,0.0
9265,3168,3165,2.7269802352742403,0.0
9266,3169,3168,1.0740969493562882,0.0
9267,3149,3170,9.827050188814848,0.0
9268,3171,3112,26.78006168918784,315750.463719691
9269,3047,3171,36.40478955670656,707102.348521049
9270,3095,3172,16.052590521753984,78798.0267758708
9271,3137,3173,14.981457517335937,0.0
9272,3170,3100,18.972810547511042,268519.437160849
9273,3099,3174,15.79605935649984,114947.114895556
9274,3123,3175,13.324135467544703,45893.9882147955
9275,3176,3166,2.5607417303508484,19720.9084604789
9276,3168,3176,2.5551012966716162,0.0
9277,3178,3177,38.845801626382084,392772.494980041
9278,3177,3179,38.850782787463686,384944.394206483
9279,3180,3097,19.79721402227712,47180.7484526751
9280,3180,3181,13.488042280851072,75600.3374420073
9281,3181,3174,13.574005731792003,69557.0213208311
9282,3179,3180,38.86387206501888,348299.496662926
9283,3182,3155,13.981602957353857,50105.9391278491
9284,3136,3183,12.546951608632321,352261.471914701
9285,3184,3101,24.745988810062084,4466049.02965405
9286,3184,3134,15.363628089397633,0.0
9287,3183,3182,13.625709469270273,49927.3491242582
9288,3186,3185,3.259932528745728,0.0
9289,3187,3103,39.949020810927365,145045.617342696
9290,3119,3188,38.4312121294464,2489484.87935107
9291,3079,3189,28.384942077043203,1552795.8615087
9292,3190,3183,13.314326577019777,45033.0528593238
9293,3128,3191,22.76239245831936,0.0
9294,3186,3191,15.558489590079745,0.0
9295,3184,3192,1.18158371223552,213747.411204299
9296,3060,3193,34.467807548148485,48594.2644182328
9297,3153,3194,10.826218831900032,171733.582222377
9298,3195,3192,0.9062620910576641,163881.8113002
9299,3196,3195,1.70400523588416,0.0
9300,3197,3171,22.176015145447682,204531.207950454
9301,3191,3198,1.024299170851968,0.0
9302,3199,3190,13.335430728875906,45709.6825678112
9303,3152,3199,13.590398744740224,0.0
9304,3192,3200,0.8517270636483841,0.0
9305,3195,3200,0.8013712805176321,296.156228549974
9306,3109,3201,21.93091512809472,0.0
9307,3173,3201,14.55139781173901,0.0
9308,3175,3199,12.016244642941441,41425.1550098126
9309,3202,3137,22.63241741118336,0.0
9310,3203,3156,19.708876792154882,62670.3067289201
9311,3116,3203,20.09070739995264,0.0
9312,3204,3203,10.362962239711488,31511.1091143747
9313,3203,3205,0.682794418699008,0.0
9314,3206,3204,2.898804193857792,8611.45329701567
9315,3200,3206,12.778506908906113,5282.35525345411
9316,3205,3207,0.321909931613952,0.0
9317,3208,3187,37.828444790568966,96784.7168638344
9318,3209,3197,18.86490519103872,186475.958816366
9319,3075,3209,35.189960515015684,61808.6914239821
9320,3189,3210,5.633581741045632,269550.53974957
9321,3188,3210,11.06673116795136,355099.988696319
9322,3163,3211,11.318843892128257,663573.759984956
9323,3155,3212,22.528697330810882,252817.522944977
9324,3144,3213,17.34190355880576,62357.3619969012
9325,3211,3213,15.105385380362113,1337933.34472898
9326,3213,3214,8.65052056991232,734023.742393145
9327,3214,3215,8.174206314122113,648887.046628166
9328,3198,3216,5.772497564756736,0.0
9329,3215,3209,5.995165632939648,59733.5680577166
9330,3201,3217,25.487231831550723,426278.327036529
9331,3139,3218,37.1534704028928,67312.8460880012
9332,3219,3211,6.846252877740672,397032.188255886
9333,3220,3219,26.7481227930048,828970.820924356
9334,3151,3221,20.1767285909376,263676.101012687
9335,3189,3222,11.31320625709824,125159.100316287
9336,3210,3222,9.800280240018049,242151.396305597
9337,3223,3178,39.80420880302592,380580.306246621
9338,3065,3223,40.68894680966016,262454.235331924
9339,3224,3221,0.45930954406233604,9910.44414308878
9340,3160,3225,16.001581353005953,0.0
9341,3194,3225,20.090830144619524,367840.696274858
9342,3211,3226,3.785187175368192,43897.7971818822
9343,3219,3226,8.107460702934913,108556.641175766
9344,3174,3227,14.360451573029762,74484.7147913477
9345,3185,3228,9.662567663270016,0.0
9346,3222,3229,37.81971908833536,751718.987125092
9347,3167,3230,15.614066670947713,15624.301689824
9348,3225,3230,12.884857222254336,225585.106400526
9349,3115,3231,26.103750789600003,404003.767448352
9350,3232,3176,21.04277398654464,161899.400391246
9351,3221,3232,4.927683616897537,37761.1204013711
9352,3201,3233,16.27995109264128,285180.81841236
9353,3216,3234,3.8636312658071046,0.0
9354,3235,3208,45.140316014661124,60945.2897132741
9355,3229,3236,37.916279148971526,800591.587580179
9356,3209,3237,7.730267189736961,3646.76000488337
9357,3215,3237,4.30016753814912,283842.872823542
9358,3195,3238,11.556066111055488,2085466.6586789
9359,3161,3238,23.56616610640512,0.0
9360,3172,3239,16.132008798005764,73323.5985383033
9361,3240,3171,16.597707246236162,307691.67299457
9362,3226,3241,17.713951302389763,450474.617924846
9363,3230,3242,27.489763000592642,481508.249357835
9364,3138,3243,34.85664123245568,132221.191628277
9365,3104,3244,31.292107427750402,275973.310555243
9366,3246,3245,42.31217698608384,420.597835757977
9367,3247,3223,22.58659364214528,312932.5517186
9368,3247,3223,23.328916742672643,312932.5517186
9369,3121,3248,32.12818363548288,30043.997887905
9370,3249,3219,31.671070602969603,1617982.8745569
9371,3207,3250,12.470466038342401,0.0
9372,3242,3251,27.452834478178563,434645.377412353
9373,3212,3252,20.30392803466368,286326.780121186
9374,3253,3202,22.483592600578564,0.0
9375,3234,3253,5.964561228941569,0.0
9376,3254,3253,0.7959233195527681,0.0
9377,3234,3254,6.098802292965889,0.0
9378,3238,3255,10.475823313536768,0.0
9379,3256,3206,16.01350598693261,39371.9427137141
9380,3224,3257,19.315253056366082,430920.435408206
9381,3199,3258,16.329942418901762,0.0
9382,3255,3256,4.79520855202752,0.0
9383,3250,3259,1.8993722765783039,0.0
9384,3210,3260,14.38226597345472,554720.555281498
9385,3262,3261,12.052063344030337,0.0
9386,3263,3262,15.17262727944269,0.0
9387,3222,3264,10.335542727489408,179665.675489523
9388,3228,3265,15.458654702696833,0.0
9389,3263,3265,1.075290517724544,0.0
9390,3170,3266,25.347002301941764,359565.941942467
9391,3260,3264,10.71475508548685,0.0
9392,3267,3260,5.585417237486593,205170.615949263
9393,3188,3267,19.821002234837763,595117.235141556
9394,3245,3235,43.94074229880192,15613.4442760012
9395,3251,3268,27.54123864091776,386823.637141556
9396,3237,3269,12.687767042455297,784757.683510505
9397,3268,3270,41.01280266669696,457360.780281279
9398,3272,3271,41.17918468004352,418209.868607475
9399,3270,3272,40.996518294124805,436590.55628706
9400,3273,3220,27.868766538159363,833582.240564591
9401,3271,3247,41.55393686184576,412798.302062637
9402,3159,3274,33.28731524473344,411635.471566561
9403,3275,3194,33.67287845235072,281505.756855426
9404,3276,3265,2.891883282406272,0.0
9405,3277,3240,14.072579978345857,1025219.1960205
9406,3197,3277,20.45720754164736,7157.91609723178
9407,3278,3277,0.33434479518105603,26014.4860952211
9408,3239,3279,13.475035837840897,220728.741278266
9409,3227,3280,14.170858430522113,71506.9847487809
9410,3238,3281,10.322181478844929,1840403.31876049
9411,3274,3282,1.7168184031173124,5864.50985495792
9412,3254,3283,5.8099442331744005,0.0
9413,3237,3284,14.09301549765965,0.0
9414,3214,3284,18.26683382139264,18390.9927557781
9415,3285,3232,22.46698100009088,0.0
9416,3257,3285,6.6219206046301435,0.0
9417,3255,3286,7.119108610542721,0.0
9418,3253,3287,6.803493307725312,0.0
9419,3283,3287,1.3313070485637122,0.0
9420,3288,3281,3.7565904682437123,102244.694849186
9421,3217,3288,27.162430783488002,760611.144217717
9422,3289,3256,8.481910955709314,20237.2675822124
9423,3286,3289,0.47033464964428806,0.0
9424,3290,3246,42.78922433508096,0.0
9425,3279,3291,2.761025341105152,48377.4613935549
9426,3292,3291,38.40243461252352,767027.010354731
9427,3158,3293,32.57792221926528,843459.917191816
9428,3236,3293,39.6043637159808,849036.668933482
9429,3183,3294,25.2137026075968,740747.905088602
9430,3295,3276,6.051064991380993,0.0
9431,3263,3295,7.564486771708417,0.0
9432,3297,3296,34.36427756348928,22806.7414920552
9433,3298,3292,38.43755217232128,839178.378145621
9434,3218,3297,37.38083221458432,45875.9391409213
9435,3291,3273,27.29138029225344,765484.140385719
9436,3293,3298,38.5372927634112,874946.194920989
9437,3299,3278,13.247861471273088,576532.449533351
9438,3269,3299,12.29009269725389,676702.321746777
9439,3300,3257,22.859771771612163,541286.264132889
9440,3233,3301,19.201935524302083,347316.039277112
9441,3281,3302,7.305066714882816,1086064.83659595
9442,3303,3275,31.15609408973952,295494.398492406
9443,3288,3302,6.883074451199232,21433.032491039
9444,3243,3304,24.823826905236483,87386.6123097868
9445,3302,3305,0.42814255524480005,64636.3590455642
9446,3307,3306,0.8413372144235521,0.0
9447,3305,3306,0.414439412732928,942.081308181704
9448,3306,3289,11.067301764085249,25642.4767011755
9449,3309,3308,0.05701753226188801,0.0
9450,3310,3305,7.215098462896896,984652.427938421
9451,3308,3310,10.477893211555967,0.0
9452,3284,3311,6.68834638927488,6936.05497836066
9453,3241,3311,20.38353333439104,526584.405263404
9454,3276,3312,13.540424759161345,0.0
9455,3313,3262,15.331915656883584,0.0
9456,3315,3314,5.483090474040961,0.0
9457,3316,3314,29.206974521387522,0.0
9458,3283,3317,8.792560502085887,0.0
9459,3318,3310,1.973209272198912,266967.42193193
9460,3261,3319,14.152238738871553,0.0
9461,3320,3315,15.664295246700672,0.0
9462,3320,3319,0.9004899663682561,0.0
9463,3321,3309,1.9170560413509123,0.0
9464,3287,3322,8.384893371448705,0.0
9465,3317,3322,1.040602416201216,0.0
9466,3323,3290,42.49969160126976,830.833157674046
9467,3296,3323,34.7116275576576,8213.22656678326
9468,3259,3324,14.920486963062913,0.0
9469,3325,3301,7.3268472547100165,0.0
9470,3326,3316,29.730741963563524,0.0
9471,3278,3327,11.995905671392897,470148.390751687
9472,3306,3328,14.838454877190912,0.0
9473,3327,3329,27.928671198151683,192748.307028538
9474,3322,3330,3.2848575545491205,0.0
9475,3331,3317,5.0484045433536,0.0
9476,3328,3332,3.1594337917908484,0.0
9477,3231,3333,25.567215970855685,387575.780542635
9478,3305,3334,6.012390181057921,94874.7814862229
9479,3318,3334,9.695097751971456,0.0
9480,3287,3335,12.092185472818176,0.0
9481,3312,3331,12.772230301543681,0.0
9482,3330,3335,6.65896330839168,0.0
9483,3336,3303,31.232825471232,399513.951151841
9484,3331,3337,1.321027025801472,0.0
9485,3337,3330,2.5624456249201923,0.0
9486,3193,3338,33.77966275588608,62894.0753530758
9487,3338,3300,22.474426018556162,555889.121485858
9488,3335,3339,0.9729607061813761,0.0
9489,3340,3325,12.417052944181249,0.0
9490,3337,3341,1.21492366307136,0.0
9491,3267,3342,19.2994944886656,1179387.38999989
9492,3339,3340,12.251410483948417,0.0
9493,3299,3343,10.075080235790592,48317.6119649064
9494,3344,3299,23.72594480429184,0.0
9495,3311,3344,8.870751061299073,238907.11756027
9496,3345,3344,2.5465221155531523,0.0
9497,3346,3327,11.668074218076672,354700.163541074
9498,3343,3346,1.6262918584323842,6185.78651636967
9499,3347,3319,15.240358749014785,0.0
9500,3348,3346,2.313220557947904,64099.1053923209
9501,3343,3348,2.7821423548385282,2451.57761525133
9502,3349,3295,15.740500382361219,0.0
9503,3349,3313,13.939584152288255,0.0
9504,3350,3348,0.955554438985344,0.0
9505,3344,3351,3.181486286613888,85527.5535370229
9506,3351,3350,21.996706108608002,0.0
9507,3348,3352,0.952241839325568,27438.2444191702
9508,3352,3350,1.120573527866496,0.0
9509,3353,3249,35.08437679819776,1947398.85105178
9510,3266,3354,25.337827576638723,351920.436043108
9511,3282,3355,40.81627805865984,139937.141900476
9512,3248,3356,34.77836877533568,29780.5417189378
9513,3329,3357,29.400819153235204,181366.189642025
9514,3352,3358,2.9343017551795203,84204.8727980457
9515,3359,3318,28.909960446216964,3748784.69525791
9516,3360,3336,31.028556764240644,424087.511815204
9517,3244,3360,30.50974877309568,260818.033992277
9518,3357,3360,27.92237520302208,150800.031271694
9519,3324,3361,15.123867421601666,0.0
9520,3332,3361,21.977818412901122,0.0
9521,3247,3362,30.189096234823683,142696.24470659
9522,3252,3363,35.54576976842496,624403.616985183
9523,3258,3364,31.71568269691008,0.0
9524,3365,3314,22.015306906560003,0.0
9525,3339,3366,14.841386755949953,0.0
9526,3341,3366,13.13357753618381,0.0
9527,3367,3338,30.105422384716803,827110.267036043
9528,3369,3368,1.900123474905216,0.0
9529,3368,3370,0.14362959067776002,0.0
9530,3370,3368,0.569030689573632,0.0
9531,3371,3349,8.711714835876096,0.0
9532,3371,3347,15.422140631424385,0.0
9533,3294,3372,24.770829276103683,740952.647357402
9534,3370,3372,0.526974159875328,0.0
9535,3264,3373,30.7212392342592,549656.736566399
9536,3374,3334,17.52136760765952,267790.023568861
9537,3375,3366,14.860062447943681,0.0
9538,3375,3341,17.71317571123584,0.0
9539,3376,3327,18.86157811372032,227033.031554106
9540,3352,3376,13.996960542512639,5411.33634825531
9541,3351,3377,13.081574050338817,349737.695883829
9542,3304,3378,27.35665618612608,85161.7020909688
9543,3280,3379,31.071820887740166,147078.840496471
9544,3301,3380,25.206274020533762,468633.339279319
9545,3382,3381,3.134215141174656,0.0
9546,3358,3382,11.082319674662017,328072.871830268
9547,3383,3382,1.4726623416595201,0.0
9548,3377,3383,9.881359938641666,71417.5748243385
9549,3382,3384,0.7844620592160001,23802.9193134907
9550,3383,3384,1.488586169676672,10701.2362010475
9551,3342,3385,19.30112119748736,1029716.79615034
9552,3363,3386,31.02287577992064,647147.865576134
9553,3366,3387,13.413400569778176,0.0
9554,3293,3388,32.28006893557248,1089405.16472138
9555,3375,3389,9.278735997142656,0.0
9556,3371,3389,22.67487848812032,0.0
9557,3390,3367,29.389705538561284,806055.881584605
9558,3333,3390,25.659959954999042,448594.059206677
9559,3274,3391,41.85685185428736,420246.948513604
9560,3386,3392,33.12483222128256,757965.295485198
9561,3268,3393,42.571166994005765,54499.2650928774
9562,3376,3394,11.092273023123074,155301.702034955
9563,3384,3394,15.574703912735618,110710.916777931
9564,3355,3395,40.142606306204165,130666.20623914
9565,3371,3396,14.68484411732237,0.0
9566,3392,3397,20.18748842352,477393.77513221
9567,3394,3398,26.957635676167683,612470.954539421
9568,3377,3399,15.584479441559425,297307.107514979
9569,3401,3400,30.482373075264004,95523.8314248345
9570,3360,3402,21.428255713075202,478408.651935445
9571,3404,3403,1.030271842334592,841.044137254015
9572,3354,3405,25.520570132808963,338185.50307596
9573,3397,3405,19.128238625295364,450819.428146815
9574,3406,3389,18.97144151075712,0.0
9575,3387,3407,13.760088977112192,0.0
9576,3408,3374,18.035433972483844,260256.756116821
9577,3385,3409,13.754765291300354,637200.3853637
9578,3390,3410,9.201870779384448,0.0
9579,3411,3404,9.099492732582913,7217.80838462855
9580,3412,3365,22.394768189840644,0.0
9581,3405,3413,8.138201053048705,291880.666927912
9582,3414,3413,5.448900256880256,24125.5170160757
9583,3400,3414,30.65842206396288,122479.192439313
9584,3415,3359,31.99839430664448,3639482.3306447
9585,3416,3408,3.0157033966329605,41860.6027015965
9586,3417,3389,12.712989505607425,0.0
9587,3418,3416,0.32591946252096,4494.70681623711
9588,3419,3353,36.275063764769286,2055764.40263121
9589,3421,3420,6.884607867958657,6747.70833711779
9590,3413,3422,2.984532394111488,95289.5121744797
9591,3384,3423,18.85016329422336,592898.734923152
9592,3403,3424,11.383556174419969,9592.45415927982
9593,3425,3423,0.311743972717056,0.0
9594,3399,3425,13.73545988874893,253686.822119218
9595,3378,3426,27.064712864217604,69565.120951635
9596,3423,3427,0.44427135736051204,14421.607742752
9597,3425,3427,0.23025225788928,4169.63914073618
9598,3428,3418,4.092839257389696,55952.6648356042
9599,3428,3429,7.426185440598144,225584.975640527
9600,3394,3430,11.977763971003776,0.0
9601,3432,3431,18.8768581429824,17192.6125262184
9602,3424,3432,3.689018001858816,3219.23516453092
9603,3433,3390,24.03220814957952,924174.808394261
9604,3434,3433,11.278851859490688,10569.8676969085
9605,3420,3435,24.98630019215616,24712.6175764585
9606,3435,3434,24.823023247123203,24135.3670980939
9607,3428,3436,3.247564617107712,80163.702910866
9608,3436,3418,2.878089454969344,0.0
9609,3427,3437,0.6139897275029761,31065.9759350289
9610,3437,3425,0.8919580532924161,0.0
9611,3438,3401,31.96834848180864,69249.9440729182
9612,3439,3408,8.270834805674497,0.0
9613,3431,3421,18.491471190720002,17733.2838376111
9614,3441,3440,3.5731266958252808,0.0
9615,3385,3440,21.531458823874562,0.0
9616,3442,3412,12.330999574363009,0.0
9617,3436,3439,5.851428711891841,192537.569896067
9618,3443,3439,22.08490771931136,708474.390100563
9619,3362,3444,29.89185749523072,185819.62636253
9620,3415,3443,22.56320797479936,682468.537646603
9621,3364,3445,30.53762195134464,0.0
9622,3446,3438,30.017910104328966,37710.9173026258
9623,3398,3447,27.828657984188162,683243.872479793
9624,3356,3448,36.898606463304965,25993.4231888639
9625,3449,3415,19.40931358046208,2409487.99010781
9626,3380,3449,25.55640214478208,481173.637339075
9627,3450,3419,32.07302411018112,1043696.22508761
9628,3451,3428,5.385740157908352,57014.363770219
9629,3429,3451,13.386903684815234,0.0
9630,3452,3451,1.61249262520896,13500.005381292
9631,3452,3436,5.413113462645505,45515.4752193475
9632,3396,3453,15.015494021223168,0.0
9633,3417,3454,11.078365852806913,0.0
9634,3453,3454,5.117896286034048,0.0
9635,3379,3455,30.0755549717568,126103.41179363
9636,3456,3449,5.655263162985216,0.0
9637,3407,3456,14.44467419978458,0.0
9638,3457,3422,37.09430140622976,18516.0357623341
9639,3409,3458,13.897385441875585,561454.042951968
9640,3459,3453,5.388269159927808,0.0
9641,3373,3460,31.068474401733123,555877.225022252
9642,3461,3411,39.06726186097152,26148.3440144982
9643,3462,3459,0.522368416905984,0.0
9644,3462,3442,12.608491605139584,0.0
9645,3463,3417,11.993856794625025,0.0
9646,3454,3463,4.1820595635329285,0.0
9647,3464,3459,0.645567445049472,0.0
9648,3464,3462,0.4531838062625281,0.0
9649,3458,3460,23.28614372658816,0.0
9650,3465,3433,12.60495090188928,453596.589881301
9651,3465,3465,0.051046645541760007,0.0
9652,3372,3466,34.3175933586816,1005559.37204116
9653,3467,3450,31.585130088399364,989492.632043155
9654,3468,3429,26.784781734205442,835142.650788663
9655,3402,3469,20.053011944655363,401668.479587422
9656,3447,3469,27.355789103765762,700758.244671582
9657,3440,3470,11.239671686183424,0.0
9658,3460,3471,3.2421226831361283,56751.3480248145
9659,3430,3472,12.711916073159426,0.0
9660,3473,3456,20.31451578009216,0.0
9661,3473,3406,21.69409824337536,0.0
9662,3474,3458,16.730803406845443,0.0
9663,3470,3474,3.6587938971133447,0.0
9664,3467,3475,3.7193692978886403,16276.2677313456
9665,3476,3449,10.08607559908608,1309280.04366895
9666,3478,3477,24.100112762035202,847085.029455869
9667,3479,3467,20.001829945236484,676836.6317178
9668,3458,3480,7.649390390767489,274408.113276136
9669,3481,3479,19.6902881125632,725756.035943644
9670,3451,3482,10.586819075589505,193613.431667939
9671,3483,3464,7.077745719373824,0.0
9672,3484,3476,1.7866820088691202,222067.937587797
9673,3460,3485,13.789883089281025,0.0
9674,3486,3473,2.488931635905792,0.0
9675,3476,3486,19.19227686925824,0.0
9676,3487,3446,12.847062682865666,9309.14536961897
9677,3488,3473,7.97613249039552,0.0
9678,3486,3488,7.361688541641985,0.0
9679,3388,3489,32.14163049318144,1034676.06919078
9680,3477,3489,24.573729150558723,952398.226094304
9681,3490,3478,26.187215827322884,798877.662814163
9682,3485,3490,26.12187163289088,656859.739526228
9683,3489,3481,15.997449989930114,582826.805092362
9684,3491,3485,5.4249877401984,118576.093019274
9685,3492,3468,26.376294258167043,831052.804637288
9686,3393,3493,38.01285351667585,68110.4292658608
9687,3494,3463,12.368304718678656,0.0
9688,3483,3494,8.533482488796674,0.0
9689,3495,3480,19.19673898471296,0.0
9690,3474,3495,5.529069462698497,0.0
9691,3481,3496,5.520553417754496,0.0
9692,3497,3488,21.011945135385602,0.0
9693,3463,3497,12.18864641073869,0.0
9694,3395,3498,42.68182947861889,139519.468562962
9695,3499,3461,38.06119761497856,17157.2176804346
9696,3500,3470,11.832403394059776,0.0
9697,3491,3501,2.58540122244096,54385.7615906586
9698,3471,3502,8.369722586066688,144691.424354577
9699,3502,3501,3.9337479763084806,66974.7290000545
9700,3426,3503,31.2890392134144,60008.8292299169
9701,3504,3502,4.587393344928768,0.0
9702,3505,3504,2.004845803221888,0.0
9703,3506,3497,10.314073856439938,0.0
9704,3506,3494,3.0239586151948803,0.0
9705,3500,3507,3.0292090501052162,0.0
9706,3508,3507,2.7425666208695043,0.0
9707,3472,3509,8.393149957953025,0.0
9708,3510,3488,19.433731094807044,0.0
9709,3497,3510,3.9028631264156166,0.0
9710,3511,3507,2.005921800964224,0.0
9711,3508,3511,1.722342611582208,0.0
9712,3512,3509,9.796490088447744,0.0
9713,3437,3512,22.09858400509056,1123152.83609652
9714,3513,3511,0.5500797917091841,0.0
9715,3483,3514,7.423083207948673,0.0
9716,3515,3514,0.025127088598656002,0.0
9717,3516,3506,3.4250496781754887,0.0
9718,3514,3516,1.507950155568384,0.0
9719,3515,3517,1.363515073734528,0.0
9720,3500,3518,3.543336497581056,0.0
9721,3518,3474,14.487746969063808,0.0
9722,3516,3519,2.7154513680053762,0.0
9723,3519,3520,0.43629233280652796,0.0
9724,3519,3510,13.223925128253313,0.0
9725,3521,3518,2.110597889609088,0.0
9726,3507,3521,2.7709350328915203,0.0
9727,3522,3484,20.033784548616964,2281952.79987214
9728,3486,3522,8.819662856057857,0.0
9729,3523,3521,0.8533655770083841,0.0
9730,3524,3523,1.051383199223808,0.0
9731,3511,3524,2.9779345600773124,0.0
9732,3517,3525,4.385887175083392,0.0
9733,3391,3526,41.2197780810816,411645.616478123
9734,3495,3527,7.564257605950848,0.0
9735,3528,3527,3.480567409655424,0.0
9736,3529,3457,38.58927740705664,20715.6405454104
9737,3518,3528,8.23960252577088,0.0
9738,3527,3530,17.850370372116483,0.0
9739,3480,3531,11.924992469187073,380661.312783486
9740,3530,3531,0.628839141372288,0.0
9741,3520,3532,5.885145950897664,0.0
9742,3533,3499,37.84844628107136,9391.16670298575
9743,3487,3533,19.172502296259843,35037.9581210903
9744,3531,3534,10.302965425463041,0.0
9745,3469,3535,16.22106881670528,739666.849539931
9746,3531,3536,0.7635997386547201,22486.3296799124
9747,3530,3536,1.08020016599616,0.0
9748,3521,3537,5.331795595593984,0.0
9749,3539,3538,0.059893460567424006,0.0
9750,3532,3539,1.178268397612416,0.0
9751,3527,3540,2.44129346347392,0.0
9752,3528,3540,3.973498462505088,0.0
9753,3539,3541,0.6044945190451201,0.0
9754,3542,3537,1.375223778758016,0.0
9755,3523,3542,4.92405283383552,0.0
9756,3515,3543,8.646000661305216,0.0
9757,3525,3544,4.669061569387776,0.0
9758,3545,3542,1.4721760300896,0.0
9759,3524,3545,5.065189169242752,0.0
9760,3544,3546,0.090674739517824,0.0
9761,3484,3547,15.83758629775872,0.0
9762,3548,3465,37.17649313097984,1218551.82038161
9763,3543,3541,5.276321971405056,0.0
9764,3445,3549,30.46841068030848,0.0
9765,3549,3492,27.42945027533568,839495.714604075
9766,3546,3550,1.5152804744774402,0.0
9767,3422,3551,35.55709874551296,1056473.95497054
9768,3552,3510,10.103889485758465,0.0
9769,3538,3552,10.4133069425088,0.0
9770,3419,3553,35.53977509077248,760664.788446423
9771,3550,3554,1.294848813481344,0.0
9772,3503,3555,29.77239891567744,37201.2846908418
9773,3540,3556,9.564727573868543,0.0
9774,3557,3556,8.28829000980288,0.0
9775,3540,3557,4.8474660760416,0.0
9776,3558,3557,1.3511359401408,0.0
9777,3537,3558,10.055770888737024,0.0
9778,3560,3559,12.839002188490369,48589.1183955698
9779,3482,3561,20.1673215729216,0.0
9780,3562,3524,15.221344000427138,0.0
9781,3455,3563,29.87316803851776,107427.292374422
9782,3542,3564,5.3922772440345605,0.0
9783,3564,3558,6.446666112049153,0.0
9784,3565,3564,2.481724496186496,0.0
9785,3545,3565,4.547163549417984,0.0
9786,3444,3566,30.29326913631744,239194.100998988
9787,3559,3566,12.842254407172609,50358.3779390942
9788,3563,3567,5.124383308687104,0.0
9789,3562,3565,14.668335518069377,0.0
9790,3568,3560,30.328956387797763,106097.994438808
9791,3557,3569,1.474355324876544,0.0
9792,3558,3569,1.9510139142996483,0.0
9793,3569,3570,0.105038393822208,0.0
9794,3493,3571,35.460049717889284,80156.0724527186
9795,3572,3552,12.185392066113025,0.0
9796,3573,3568,30.30396797476224,91940.4700253305
9797,3571,3573,18.55950738314112,49108.0128955197
9798,3536,3574,9.216263958713856,254339.125504785
9799,3564,3575,3.598654781449728,0.0
9800,3576,3575,2.788836654561408,0.0
9801,3565,3576,3.821861101170816,0.0
9802,3577,3552,7.533224728596864,0.0
9803,3574,3578,0.49724731989504006,12851.7579055594
9804,3574,3579,0.6886319970182401,0.0
9805,3556,3579,10.203051142703233,0.0
9806,3571,3580,2.820409629371136,0.0
9807,3578,3581,0.316957471573248,0.0
9808,3579,3581,0.49430689069132805,0.0
9809,3578,3582,0.633261675011328,16242.0185242502
9810,3478,3583,23.8327320851136,0.0
9811,3585,3584,0.29586061648281603,0.0
9812,3582,3586,0.46350628995686405,11799.6902060248
9813,3587,3586,0.716786427443328,0.0
9814,3581,3587,0.41792970006374397,0.0
9815,3549,3585,13.650240719174402,398199.273304008
9816,3586,3588,0.538898605508736,13625.538379977
9817,3589,3587,0.289077175195776,0.0
9818,3579,3589,0.8821213227256322,0.0
9819,3555,3590,29.853987265175043,25828.2497986494
9820,3589,3588,1.5094222563214081,0.0
9821,3570,3591,5.587128251793793,0.0
9822,3575,3591,11.597083978182912,0.0
9823,3592,3576,17.012171214339844,0.0
9824,3562,3592,5.827047565502593,0.0
9825,3591,3589,13.579620362858881,0.0
9826,3543,3593,11.196256986021888,0.0
9827,3593,3577,9.162793019901311,0.0
9828,3489,3594,28.705806775134725,283796.7571738
9829,3448,3595,37.63547655918336,18726.8670922815
9830,3584,3596,10.024694731294849,0.0
9831,3588,3597,13.003098019249535,445916.463360216
9832,3466,3598,33.86814868939392,917944.117211934
9833,3596,3598,0.29440335710016,0.0
9834,3599,3554,11.131155499977217,0.0
9835,3600,3522,20.63581257095424,1949298.04967841
9836,3600,3572,12.519472072707073,1021619.52173804
9837,3601,3599,2.7490664056204803,0.0
9838,3501,3602,23.26427544532608,808714.632724657
9839,3597,3602,12.927587301040896,480881.839127872
9840,3547,3603,15.246815886149763,0.0
9841,3593,3599,11.637016730634242,0.0
9842,3535,3604,15.891908370332544,713417.936793065
9843,3603,3600,19.34371737885312,0.0
9844,3605,3529,37.679400899965444,20725.8064267783
9845,3533,3606,32.559080904852486,61586.6902879018
9846,3603,3607,15.761675284198274,0.0
9847,3475,3608,32.81327664481152,129830.325733612
9848,3607,3609,15.621321883381635,0.0
9849,3576,3610,13.503153607409665,0.0
9850,3498,3611,42.120380196195846,152319.369259526
9851,3611,3612,37.1056475389248,227090.429711337
9852,3609,3613,18.25007942381184,0.0
9853,3601,3614,16.41511880084736,0.0
9854,3615,3548,37.357873667136,991823.504475926
9855,3612,3616,37.472446230024964,250962.758892733
9856,3617,3613,11.898699958037376,0.0
9857,3575,3618,17.286215026037762,0.0
9858,3619,3600,18.60623468618112,417410.497480051
9859,3577,3619,17.18239741941888,0.0
9860,3620,3617,12.393139209225986,0.0
9861,3621,3611,34.794014157872645,62246.6849257932
9862,3561,3622,20.640497435712003,0.0
9863,3622,3620,9.100406453732353,0.0
9864,3623,3604,31.37779282910976,344242.190385517
9865,3614,3624,15.986350899585794,0.0
9866,3563,3625,30.96857501667072,93252.0141573882
9867,3592,3626,17.70676424567424,0.0
9868,3618,3627,3.5295839900513286,0.0
9869,3629,3628,15.75016080124608,0.0
9870,3626,3629,0.887139017525376,0.0
9871,3598,3630,13.50044805230669,335169.144817148
9872,3602,3631,12.610579584138625,114614.836877802
9873,3632,3630,1.485937678693248,0.0
9874,3633,3632,0.946785134794752,0.0
9875,3627,3634,1.144451797708032,0.0
9876,3635,3634,0.6051614215426561,0.0
9877,3610,3636,12.683331497270016,0.0
9878,3637,3635,0.400911531001344,0.0
9879,3636,3635,4.330604845569025,0.0
9880,3628,3636,16.088029868275203,0.0
9881,3633,3638,1.081061596340352,0.0
9882,3512,3639,35.07191716038913,1754821.7873069
9883,3602,3640,33.98890491520128,968919.927767182
9884,3641,3605,26.20481266820736,14146.6237728002
9885,3642,3631,19.560252795494403,0.0
9886,3643,3637,1.878886328470272,0.0
9887,3634,3642,19.75014867652992,0.0
9888,3644,3619,12.745315556848514,284991.681084317
9889,3593,3644,19.481979710730243,0.0
9890,3634,3645,4.31734965913152,0.0
9891,3638,3646,2.807433376045056,0.0
9892,3585,3646,22.64907495844224,619781.001522933
9893,3583,3647,23.09435535356928,0.0
9894,3640,3647,32.26121006321664,874447.087101669
9895,3648,3643,4.287200862029184,0.0
9896,3636,3648,4.833479405741184,0.0
9897,3551,3649,34.633794387075845,878628.389412923
9898,3638,3650,6.204155487349248,0.0
9899,3646,3650,6.0733998810144,66126.4629549227
9900,3594,3651,27.657532445495043,231329.432941511
9901,3647,3651,16.00550615999808,0.0
9902,3652,3601,20.076183376128,0.0
9903,3650,3653,3.5045971284234243,1254.93489000838
9904,3630,3654,9.866548440916993,232070.220433039
9905,3653,3654,0.868151743658496,20191.2416262218
9906,3526,3655,41.39738594475264,362389.527338084
9907,3653,3656,2.100705847498368,47734.8648671784
9908,3650,3656,3.39314075280576,35533.5745809253
9909,3657,3641,25.04638867142016,12908.0870260244
9910,3622,3658,12.716501568971905,0.0
9911,3651,3659,3.15010908045504,23608.5218584254
9912,3647,3660,5.6834738158429445,147702.687435734
9913,3590,3661,34.38730397697408,54405.35342504
9914,3566,3662,34.9093536536448,479621.769356206
9915,3660,3659,13.417407298817281,241698.327761617
9916,3553,3663,35.787866959088646,598808.620938292
9917,3646,3664,7.614737355240576,112126.996939349
9918,3665,3664,0.380258220773376,0.0
9919,3595,3666,39.300164982017286,10778.191741129
9920,3667,3644,7.910768753699329,0.0
9921,3668,3619,22.658667984437763,0.0
9922,3645,3669,13.490174014694785,0.0
9923,3670,3644,11.458412829477505,253924.941826161
9924,3670,3667,5.7902229777427205,0.0
9925,3648,3669,19.704380606887682,0.0
9926,3656,3671,6.669081987980544,148074.426516148
9927,3664,3671,6.391077519543552,88994.3482218607
9928,3654,3672,9.392247551719297,3413.09603432998
9929,3671,3673,1.124749532535552,42559.6387167922
9930,3674,3673,5.554486466572032,0.0
9931,3604,3675,27.091027408896,867772.867280709
9932,3616,3676,39.992407743467524,283559.429702185
9933,3664,3677,5.067232616083968,0.0
9934,3606,3678,34.700966039900166,72409.9584563865
9935,3659,3679,6.472660854325248,160471.538683885
9936,3672,3680,3.3161523494204164,245.468896622119
9937,3681,3680,1.174270849880832,15631.0616739981
9938,3656,3681,10.89547165941696,112830.470100714
9939,3679,3682,1.4545959151173122,10189.1737202752
9940,3679,3683,1.447079979299328,25137.3963193286
9941,3682,3683,1.3518175069808642,4792.37757898559
9942,3684,3657,25.012940612901122,11983.5063295944
9943,3672,3684,8.02728751720896,3613.95018834379
9944,3631,3685,18.40802652729216,165667.19004006
9945,3671,3681,13.423273697268865,38059.7650148227
9946,3683,3686,1.409739785080704,28306.9632071247
9947,3683,3686,1.35877125548736,28306.9632071247
9948,3626,3687,25.455469609152,0.0
9949,3688,3621,37.95537088721664,54749.7173539097
9950,3660,3689,9.51814183838285,70248.746517898
9951,3670,3690,13.536334204221314,295400.225442549
9952,3691,3682,10.621858826823553,109079.264387201
9953,3689,3691,3.0366464982163204,20255.994356184
9954,3666,3692,36.09956068164865,3479.0196766759
9955,3693,3623,34.15304969898624,330751.493170037
9956,3669,3694,14.39629209360461,0.0
9957,3658,3695,13.802104244839681,0.0
9958,3684,3696,5.864057847419905,0.0
9959,3692,3697,34.94008517167872,372.638124681211
9960,3680,3696,11.776329371904769,156635.87726752
9961,3698,3667,15.8451063116544,0.0
9962,3625,3699,31.953915385920002,26385.8202809549
9963,3608,3700,32.80848665770368,103763.965053797
9964,3663,3701,29.769324103031042,354789.095706338
9965,3700,3701,14.593595136506496,0.0
9966,3690,3702,12.61077768794765,269073.011397086
9967,3702,3652,19.847920170862082,0.0
9968,3703,3702,0.79237940405184,19672.412665091
9969,3703,3702,0.935098237991808,19672.412665091
9970,3704,3615,40.534168166553606,776154.502536594
9971,3705,3689,35.77901588895744,6891.23309214556
9972,3686,3706,34.918577721434886,684751.059746104
9973,3700,3707,18.101539998178563,0.0
9974,3706,3707,33.98708495635201,576189.491404502
9975,3661,3708,30.279737273068804,88667.1188646884
9976,3655,3709,36.889265943383045,248835.82379633
9977,3709,3710,0.4410284921856001,2477.230306889
9978,3709,3711,1.077647186360448,0.0
9979,3711,3688,35.87851506235392,38105.6580057212
9980,3710,3711,0.835519167103104,739.027910313125
9981,3694,3712,14.771038515564674,0.0
9982,3676,3713,37.71902628058753,265740.006572975
9983,3696,3714,37.612053378028804,502929.940534575
9984,3715,3668,25.23526979668992,0.0
9985,3704,3716,9.307679086594945,143488.161942998
9986,3685,3717,18.304688601745923,161102.397569472
9987,3712,3717,4.691765385039744,0.0
9988,3718,3698,16.08854060164032,0.0
9989,3719,3715,5.098060310124672,0.0
9990,3718,3719,0.5487397843023359,0.0
9991,3639,3720,35.74033781649408,1662108.34835181
9992,3721,3693,32.06011976234496,256551.547530965
9993,3720,3721,8.209450279844352,301091.974024456
9994,3719,3722,0.621031608514944,0.0
9995,3718,3722,0.824765491870848,0.0
9996,3700,3723,13.954091437325953,36323.4105848523
9997,3675,3724,25.78111780869504,763480.943256408
9998,3723,3725,0.270483450310656,660.698693764827
9999,3725,3701,22.35096768807936,183497.091831456
10000,3713,3726,35.20685066076288,225325.789474384
10001,3687,3727,25.799477510822403,0.0
10002,3707,3728,14.463323429334912,216891.797119527
10003,3728,3725,6.232337416635264,54330.8206164117
10004,3673,3729,25.098169893984,862955.138280104
10005,3730,3705,35.64874580078592,7200.60897337427
10006,3717,3730,4.06509515013888,35097.3117047114
10007,3704,3731,21.5170412903424,0.0
10008,3727,3732,33.935550349662726,0.0
10009,3733,3727,4.23920635186752,0.0
10010,3716,3734,6.694209356605057,0.0
10011,3735,3733,1.5741762415441922,0.0
10012,3733,3736,0.44664224616,0.0
10013,3737,3736,0.19109256992179202,0.0
10014,3734,3731,9.384338715485184,0.0
10015,3736,3738,0.47759262693119997,0.0
10016,3649,3739,36.92568182535936,742827.177400294
10017,3741,3740,33.29511037598592,546958.237492574
10018,3742,3716,33.84899786594304,533747.931333628
10019,3743,3730,5.343614886690433,0.0
10020,3712,3743,10.125546270250751,0.0
10021,3732,3744,33.657841691527686,0.0
10022,3714,3745,38.752502434652165,504770.450794761
10023,3725,3746,5.173821725504256,0.0
10024,3747,3746,1.2398693930853122,0.0
10025,3728,3747,9.113742595001089,0.0
10026,3721,3748,7.333664004589824,309389.797705635
10027,3749,3742,33.41824350632064,549195.65441117
10028,3750,3741,33.83724638777473,656786.39576555
10029,3744,3743,33.83035361570304,0.0
10030,3751,3720,9.20786044071168,60010.8077200512
10031,3662,3752,36.36991721265409,557278.260924547
10032,3751,3753,0.474385392632448,0.0
10033,3754,3753,0.21568307748134402,1919.5287931688
10034,3751,3754,0.37978595072985605,2489.52083625184
10035,3753,3748,8.993014722616321,79107.8768676698
10036,3755,3754,1.8335359769379842,0.0
10037,3756,3755,3.9473994105976318,0.0
10038,3757,3749,13.11414840082829,222313.683601025
10039,3697,3758,40.4514133645248,0.0
10040,3734,3759,9.515849170139138,0.0
10041,3760,3757,13.126765611117312,226404.966786129
10042,3678,3760,36.28936568302848,79387.0433673033
10043,3740,3760,18.021801171179522,296015.776036862
10044,3715,3761,12.24366329666304,0.0
10045,3722,3761,10.944311623964929,0.0
10046,3739,3762,5.116959140882688,87528.5198365321
10047,3708,3763,29.86858676723328,135784.946219903
10048,3739,3764,10.911213065073026,4565.49641117769
10049,3746,3765,23.798798294388483,0.0
10050,3764,3762,7.685072931697921,0.0
10051,3748,3766,35.01273160357632,1428900.22881157
10052,3695,3767,32.72455009828224,0.0
10053,3766,3768,34.812142098370565,415971.749239325
10054,3762,3769,5.8345608539496965,10629.2178458981
10055,3770,3769,9.067961143663489,79092.136813756
10056,3764,3770,4.22090247788352,1935.00117602788
10057,3771,3703,29.02603982179968,587240.217842292
10058,3730,3772,13.250018343070082,115013.270412574
10059,3773,3749,15.680681621104895,0.0
10060,3743,3772,16.3357704328896,0.0
10061,3724,3774,23.239645240078083,620643.162623692
10062,3775,3774,0.253252097885952,0.0
10063,3774,3776,0.5045941715950081,12690.6895804819
10064,3776,3775,0.576981132178176,6974.37870346085
10065,3760,3777,8.47462752664704,0.0
10066,3768,3775,34.81245361908864,421247.252650876
10067,3778,3750,33.69572482852224,757456.694491704
10068,3762,3778,12.499209429125761,179072.805707278
10069,3745,3779,37.48551917273856,455954.110668708
10070,3769,3778,9.08359359994944,91739.936233386
10071,3779,3780,9.663497561545345,0.0
10072,3781,3770,35.5049533605888,354368.268850246
10073,3777,3782,4.4615006885306885,0.0
10074,3776,3783,1.7997226617047042,66730.3129734947
10075,3779,3781,35.7828617222208,396451.142912811
10076,3769,3784,7.026598819747585,0.0
10077,3770,3784,9.009754991766144,0.0
10078,3740,3785,18.08562482521344,0.0
10079,3786,3777,7.606422018024192,0.0
10080,3785,3786,0.5978953138498561,0.0
10081,3786,3787,5.072362293867264,0.0
10082,3748,3788,14.714227996440194,223379.23326888
10083,3789,3782,5.132571443353728,0.0
10084,3787,3789,0.285651182767104,0.0
10085,3731,3790,24.099029914924802,0.0
10086,3783,3791,3.553833876734592,130452.923809436
10087,3792,3789,0.36103744074816,0.0
10088,3789,3793,1.078424192127744,0.0
10089,3782,3794,4.924890140113153,0.0
10090,3793,3794,4.9523472160335364,0.0
10091,3794,3773,15.461256667545216,0.0
10092,3726,3795,39.30377948817408,206256.210079527
10093,3787,3793,3.972596434849152,0.0
10094,3699,3796,36.28290012741505,42675.655254112
10095,3761,3797,15.014419599028608,0.0
10096,3765,3798,25.49547139924224,0.0
10097,3691,3799,40.53996803311488,386450.699276274
10098,3729,3800,24.18006487539456,0.0
10099,3788,3801,7.136824015018369,105605.830942498
10100,3801,3802,0.16384502737152,2399.86444089539
10101,3785,3803,6.352955863284096,0.0
10102,3710,3804,36.36440141140224,188412.064789478
10103,3794,3805,5.616340645652353,0.0
10104,3803,3805,10.972980302562434,0.0
10105,3797,3806,5.653947080086272,0.0
10106,3784,3807,16.27139789599104,0.0
10107,3754,3808,21.64555774073088,339536.075444193
10108,3809,3806,6.0842479925525765,0.0
10109,3797,3810,24.858285358199044,0.0
10110,3772,3811,20.76510324455424,172636.55114948
10111,3763,3812,32.69340293497344,206576.722556083
10112,3806,3813,9.255358085225472,0.0
10113,3747,3814,34.26864955443072,0.0
10114,3791,3815,20.269351568505602,712519.938920129
10115,3816,3771,28.220931560828166,519228.629546178
10116,3807,3817,16.963233477315843,0.0
10117,3752,3818,37.36457339839488,593356.396810984
10118,3767,3819,34.3881517472064,0.0
10119,3795,3820,39.26120615949313,147165.552371214
10120,3800,3821,24.601303666748162,0.0
10121,3810,3822,25.126614437633283,0.0
10122,3823,3821,1.9349665433809922,0.0
10123,3821,3823,1.967415228244224,0.0
10124,3758,3824,45.8838378833472,0.0
10125,3802,3825,31.466884600166402,435568.159453157
10126,3804,3826,32.76014986582272,93099.7787055216
10127,3798,3827,31.909421562670083,0.0
10128,3811,3828,19.783240007857923,154341.095712349
10129,3823,3829,6.477325549174656,0.0
10130,3784,3830,35.76916923034752,0.0
10131,3831,3829,1.0391471878106882,0.0
10132,3829,3831,1.070752054990464,0.0
10133,3799,3832,38.29823180941824,317826.583720933
10134,3796,3833,36.25684151671296,58872.6183165992
10135,3815,3834,21.4999205256,503478.727388129
10136,3828,3835,8.493318909744769,91447.8890562797
10137,3828,3835,12.432107866451329,91447.8890562797
10138,3813,3836,26.59918539269376,0.0
10139,3808,3837,38.14648346450304,600890.52396186
10140,3838,3816,28.332957111528962,462154.573794512
10141,3839,3838,4.478676542727553,0.0
10142,3822,3840,25.1922837678336,0.0
10143,3812,3841,40.67041725736704,329946.102038928
10144,3835,3842,10.795768781694337,75822.3946933436
10145,3820,3843,38.929863167458564,85228.7331685656
10146,3814,3844,35.1606605245632,0.0
10147,3833,3845,18.47503035772416,26647.1632097693
10148,3843,3846,27.179242039192324,27652.3380649654
10149,3833,3847,14.618869504221314,8064.76633751238
10150,3845,3847,6.665403487868928,526.315237854145
10151,3824,3848,28.880410428080644,0.0
10152,3826,3849,26.252731175489284,33099.0900803661
10153,3850,3843,6.425937806390785,0.0
10154,3834,3851,33.43588993109376,561845.250658576
10155,3852,3838,13.853466988073857,203261.79634134
10156,3853,3845,37.504445621448966,70257.6047841704
10157,3855,3854,37.08022294538496,97461.834671815
10158,3819,3856,33.68578843289088,0.0
10159,3834,3857,18.494879314602244,173946.421905256
10160,3854,3853,37.27044647276544,86411.416607519
10161,3840,3856,24.17468416247808,0.0
10162,3858,3855,37.24934243678208,102089.704673806
10163,3842,3859,25.527727046511362,166231.858858033
10164,3861,3860,31.19689263385728,48438.3324323783
10165,3847,3862,33.84861564674304,8211.01869582966
10166,3862,3863,32.785472314298886,6175.1663657674
10167,3860,3864,31.35104125097472,40933.0469335434
10168,3864,3858,37.395851980734726,98499.1350274261
10169,3818,3865,36.84731969559168,561105.352235783
10170,3866,3865,29.95896197403648,68835.8443390538
10171,3865,3861,31.55013973115136,55338.508514987
10172,3863,3867,33.23684328788736,5469.32129591721
10173,3827,3868,32.65374684806784,0.0
10174,3867,3869,39.04900039320192,12359.0969169195
10175,3825,3870,33.70089975462144,395165.641639966
10176,3852,3871,11.56436680646016,158515.018828403
10177,3831,3872,32.69824619136768,0.0
10178,3873,3852,17.5443979157568,0.0
10179,3873,3871,6.1870640754320645,0.0
10180,3859,3874,25.339971383781123,52272.7968360466
10181,3869,3875,39.57462677253888,28381.9658116852
10182,3836,3876,27.580740987191042,0.0
10183,3877,3866,31.05451142741376,59659.081418454
10184,3856,3878,17.05241680395264,0.0
10185,3830,3879,35.246916422277124,0.0
10186,3841,3880,36.91084874311296,344838.384496152
10187,3875,3881,39.909576320570885,49508.6232561121
10188,3832,3882,38.77877095209217,143272.390158622
10189,3882,3883,2.5001499271415044,7945.53213032544
10190,3856,3884,32.17709425506048,0.0
10191,3849,3885,26.9618331350016,2169.45926639936
10192,3848,3886,29.789234665597444,0.0277950282545756
10193,3851,3887,35.4675649198464,715841.526073681
10194,3883,3888,2.6289550503912964,8176.4669231519
10195,3874,3888,25.934861804544006,70768.7809657041
10196,3846,3889,33.62847227397504,28715.9730811434
10197,3837,3890,39.7170043579584,580118.753906415
10198,3864,3891,21.91163661929088,64358.0904664429
10199,3893,3892,36.813450857990404,68966.9355301411
10200,3881,3894,40.444843603887364,70474.0037304585
10201,3888,3895,4.172781325223808,0.0
10202,3865,3896,23.36990509282176,280071.517000014
10203,3892,3897,36.97178409137664,53006.9558832195
10204,3847,3898,33.0128646230592,16252.2073374535
10205,3899,3893,36.61193670418944,79064.4381096485
10206,3878,3900,17.912922499549442,0.0
10207,3844,3901,35.851400110437126,0.0
10208,3902,3899,39.55369026926592,88776.6986601753
10209,3894,3902,39.4885181458944,82940.5180029287
10210,3842,3903,38.1514292039232,0.0
10211,3905,3904,41.26415852604672,151258.481025331
10212,3873,3906,31.78543692842496,0.0
10213,3870,3907,32.497027915461125,296270.874057079
10214,3908,3877,33.137814815424,51019.7435091418
10215,3876,3909,26.679934356641283,0.0
10216,3910,3905,39.77147572776576,172544.332643547
10217,3911,3908,39.496575165696,74810.5047696422
10218,3868,3912,32.226804557671684,0.0
10219,3904,3911,40.54585929432193,112909.501701659
10220,3857,3913,37.96532572593024,323639.342306002
10221,3914,3910,6.371234409412224,29502.6546204307
10222,3887,3914,32.9866285339008,773235.134544409
10223,3871,3915,30.860856987840002,0.0
10224,3872,3916,33.40191449054592,0.0
10225,3908,3917,13.452778891956097,73471.9581173831
10226,3914,3918,5.6399989809335045,114972.572097731
10227,3917,3919,2.7722597788892163,15453.7632339964
10228,3879,3920,33.88046395295232,0.0
10229,3889,3921,32.11596169778304,56279.3029708582
10230,3891,3922,21.646236385002243,54645.2454719131
10231,3885,3923,28.25989413312384,4414.44884201648
10232,3880,3924,41.2329668965632,401821.562208634
10233,3925,3924,6.3058767785671686,0.0
10234,3897,3926,39.58032838864896,35738.6613276348
10235,3896,3927,23.549914323048963,253671.957475501
10236,3928,3922,12.950609452982786,28369.6016459498
10237,3886,3929,32.45548984558848,817.04007399074
10238,3931,3930,2.683584446514048,0.0
10239,3926,3932,36.91696874038272,15202.5390714088
10240,3915,3933,25.46297565394176,0.0
10241,3884,3934,35.773303168373765,0.0
10242,3932,3930,36.64760726677248,12861.6458981066
10243,3895,3935,27.47959102918656,0.0
10244,3936,3928,13.038591425245057,64772.9880288183
10245,3900,3937,30.04857489896064,0.0
10246,3909,3938,28.54527107401728,0.0
10247,3898,3939,33.51325452507648,20572.7483192662
10248,3890,3940,39.2135107877568,477234.425113264
10249,3916,3941,30.167315373127682,0.0
10250,3901,3942,34.868052076872964,0.0
10251,3903,3943,36.502384602562564,0.0
10252,3944,3936,15.700765358741762,76848.1833422165
10253,3933,3945,24.946418008512,0.0
10254,3906,3945,34.82373346290432,0.0
10255,3907,3946,33.52864170446208,217017.897441849
10256,3948,3947,41.49264262987008,43817.2801851518
10257,3930,3949,20.33944459911936,13310.5093121621
10258,3921,3950,32.29183193664384,88242.4392415382
10259,3918,3951,39.700792357585925,873532.99713466
10260,3919,3952,35.52531677646336,206745.694179873
10261,3953,3948,41.62791256360704,62933.076079842
10262,3920,3954,33.26086804182912,0.0
10263,3927,3955,24.72939830807424,227995.562609166
10264,3956,3953,39.77307433744129,72328.0762360147
10265,3946,3957,17.01969623329536,0.0
10266,3957,3946,17.701309293719042,0.0
10267,3913,3958,37.41863979287808,260105.771965645
10268,3943,3959,30.76852061834496,0.0
10269,3938,3960,24.95897504381952,0.0
10270,3924,3961,33.70971158894592,314730.72313107
10271,3962,3956,34.19027870201856,65746.7613548253
10272,3934,3963,35.0213095197504,0.0
10273,3954,3964,8.426869524070273,0.0
10274,3965,3944,17.68027565044224,84882.1372442551
10275,3966,3957,15.562297500761089,0.0
10276,3935,3967,27.894677700764163,0.0
10277,3923,3968,38.74193380823041,10134.8266671992
10278,3929,3969,32.14740086046721,5611.075473911
10279,3947,3969,43.00077413275776,23951.9525048166
10280,3949,3970,21.837257792951043,19795.7816690468
10281,3937,3971,29.601286477044486,0.0
10282,3960,3971,25.007137865614084,0.0
10283,3963,3972,30.3950694624192,0.0
10284,3940,3973,35.51962666716288,322582.38316902
10285,3975,3974,2.839329085481856,0.0
10286,3972,3975,7.106996587819393,0.0
10287,3950,3976,31.1605745356224,113582.34400943
10288,3941,3977,31.587501279755525,0.0
10289,3974,3978,2.868128087147136,0.0
10290,3979,3966,17.837753243904,0.0
10291,3973,3979,10.743496107315842,0.0
10292,3939,3980,33.50542459980672,23555.162679396
10293,3951,3981,38.40434580508416,909642.009243366
10294,3982,3962,37.241051820698885,68660.2897795472
10295,3970,3983,35.59268156666112,44328.6483832716
10296,3955,3984,25.36774658516736,188103.652488555
10297,3945,3985,36.841583768267526,0.0
10298,3952,3986,34.20774254671488,210510.39118691
10299,3978,3987,7.177859897142528,0.0
10300,3975,3988,9.0497851690752,0.0
10301,3972,3988,18.72700755260544,0.0
10302,3988,3987,6.313288181054976,0.0
10303,3969,3989,23.06560711061376,527.827566036476
10304,3983,3982,34.73182081759104,55662.3712870506
10305,3979,3990,9.692704068423552,0.0
10306,3973,3990,18.72041524505856,124926.322793781
10307,3968,3991,34.479600788793604,12839.6600140722
10308,3967,3992,26.24700615951744,0.0
10309,3959,3992,35.50783168842624,0.0
10310,3961,3993,33.810214928624646,281889.594349527
10311,3958,3994,36.24898848126336,187502.100654761
10312,3995,3971,26.379759529854724,0.0
10313,3996,3965,35.31912517698048,163740.475284544
10314,3976,3997,29.889728896389123,130990.361705361
10315,3990,3998,12.475239489440641,66720.8339958339
10316,3991,3999,31.17618914750208,14070.5506684259
10317,3989,4000,23.531807529331203,176.996597271217
10318,3977,4001,31.13309191297536,0.0
10319,3985,4002,33.04034037380736,0.0
10320,3984,4003,25.4404898352,140171.46990052
10321,3980,4004,31.280845978736643,23318.0509527644
10322,3997,4005,26.932500571426562,131231.883347219
10323,3988,4006,29.681836912316165,0.0
10324,3981,4007,40.23728324123905,935535.552315541
10325,4008,4003,6.828889100444929,3735.06336237848
10326,3998,4009,12.556669703187456,54901.7653531943
10327,4011,4010,7.42476908752128,0.0
10328,4012,4010,28.643521927553284,0.0
10329,4014,4013,0.940000140490752,3917.89979956494
10330,4015,3996,32.826113528947204,144306.750861121
10331,4016,3995,26.674757161367044,0.0
10332,4013,4015,9.576412187012354,40376.0943490338
10333,4014,4017,1.567243251965952,6514.05996584741
10334,3986,4018,37.39786052251392,233889.728091539
10335,4002,4012,31.29465382838784,0.0
10336,3993,4019,32.97659055647616,235213.113689305
10337,4020,4008,10.93632248307456,5996.99655119918
10338,4018,4020,8.112945839746176,50214.232258487
10339,4017,4021,5.899375525925376,24315.8092153688
10340,4022,4021,3.5873659993374725,10663.0808749374
10341,4003,4023,13.834623879242496,48796.6150829026
10342,4023,4022,4.21066817658432,13606.9157046745
10343,4020,4024,0.546732969349248,3104.21202942449
10344,4025,4023,4.076799759381888,1342.68053379372
10345,4008,4025,10.094198639006594,0.0
10346,4026,4025,3.0350597284846086,1009.60994155683
10347,4024,4026,4.716506337295105,1584.47238113804
10348,4027,4024,0.461653972027776,156.037513246291
10349,4027,4020,0.44900970222873604,464.508503656021
10350,4019,4028,2.01074803693632,12485.0153948454
10351,4019,4028,1.916041494799872,12485.0153948454
10352,3992,4029,32.937363842549765,0.0
10353,4030,4027,7.825295368927872,10776.9510543404
10354,4022,4031,3.4896006317779205,0.0
10355,4023,4032,3.251776521413376,0.0
10356,4033,4032,1.64915089048512,0.0
10357,4021,4034,3.5797130793768965,0.0
10358,4031,4034,4.019567413492224,0.0
10359,4032,4031,4.560247263470976,0.0
10360,4026,4035,3.847997818165248,0.0
10361,4024,4035,4.453380524507904,25204.3396285086
10362,4021,4036,6.164190409614337,37532.74093686
10363,4034,4036,3.6500029440272646,0.0
10364,4037,4007,17.56970118085248,181611.200487286
10365,4038,4033,2.4438507191366403,13660.6232954947
10366,4025,4038,3.7859452600780807,0.0
10367,3994,4039,36.302810030150404,127862.538150602
10368,4035,4040,1.343942954601984,7576.76286422883
10369,4040,4038,3.9848517535622405,22380.756034211
10370,4007,4041,34.24038723680256,1034098.7568633
10371,4042,4037,4.619152029989377,22858.136750579
10372,4000,4043,30.76792797741696,15.6398039272033
10373,4041,4044,32.031720521729284,879906.933275766
10374,4045,4042,24.30933614030592,116226.551514611
10375,4047,4046,24.8468727595968,67983.9431847439
10376,4046,4048,24.876737082616323,85174.8437938592
10377,4030,4049,12.998277444949634,17983.575253398
10378,4050,4027,12.455723856673153,0.0
10379,4048,4051,16.297415066085122,64366.2335683268
10380,4051,4045,23.875491341306883,104682.123304239
10381,4030,4052,9.166459343716225,0.0
10382,4053,4050,0.797279771236608,0.0
10383,4052,4053,0.8533302374234881,0.0
10384,4049,4052,10.08751722530112,0.0
10385,4039,4054,7.369603187607936,11980.7119291315
10386,4044,4055,32.056561438387206,750666.25103353
10387,4054,4047,25.13520205815168,51409.2464408886
10388,4033,4056,8.441541808710912,46779.7574276785
10389,4055,4049,31.87789506088704,590929.453118457
10390,4057,4056,1.364279840440704,0.0
10391,4050,4057,12.93214879509696,0.0
10392,4031,4058,9.16560325156608,0.0
10393,4036,4059,9.158705001287425,50928.6058468232
10394,4060,4059,4.821461927149824,0.0
10395,4034,4060,9.467039919921408,0.0
10396,4058,4060,4.8054109931435525,0.0
10397,4061,4058,4.49858499222528,0.0
10398,4056,4061,2.795775907706496,15346.865316725
10399,4062,4061,1.684054309360896,0.0
10400,4005,4063,33.4653226763328,171170.130623655
10401,3999,4064,37.276517304576004,18620.2186822306
10402,4065,4016,26.483208580604163,0.0
10403,4001,4066,32.40462923216641,0.0
10404,4067,4057,8.735935635275904,0.0
10405,4068,4067,7.82680380223104,0.0
10406,4053,4068,6.308042537161728,0.0
10407,4006,4069,30.43711935196416,0.0
10408,4010,4070,29.997555781248003,0.0
10409,4004,4071,38.57428519287552,28393.5087523547
10410,4068,4072,2.4394538110821125,0.0
10411,4073,4072,2.314163081526912,27062.9965908112
10412,4049,4073,17.309325350718723,228809.990241104
10413,4043,4074,28.250421437779202,0.0
10414,4067,4075,6.448106763001728,0.0
10415,4072,4075,9.05592836503872,98280.7932609838
10416,4061,4076,10.858102936357248,58868.3101125076
10417,4075,4076,8.043119955408384,77562.7863147759
10418,4054,4077,14.400795406656384,0.0
10419,4060,4078,12.248644824675074,0.0
10420,4076,4078,9.437866097210497,130417.072143014
10421,4028,4079,30.661303159872002,183757.713843704
10422,4059,4080,13.663980326202624,66421.231873311
10423,4078,4080,3.8515246102460168,49868.9397144985
10424,4029,4081,32.24351204287488,0.0
10425,4037,4082,34.36223865338881,0.0
10426,4077,4083,14.833099677204865,0.0
10427,4064,4084,30.997146601935363,15746.9546851844
10428,4075,4085,23.983086030013443,0.0
10429,4073,4085,20.78744996769408,0.0
10430,4063,4086,32.447003211406084,163237.188601274
10431,4080,4087,31.84435958280192,33149.2592503021
10432,4079,4088,28.4287770670464,147893.705440607
10433,4088,4089,0.6813499149768961,3345.78874651578
10434,4070,4090,32.013015663594246,0.0
10435,4074,4091,33.13401140446848,0.0
10436,4086,4092,29.35631816840448,135718.706933542
10437,4089,4093,10.72735450769664,51784.4455087518
10438,4094,4093,16.8111035408448,15450.3580311918
10439,4082,4095,31.491130574534402,0.0
10440,4081,4096,31.109759321794563,0.0
10441,4071,4097,42.31949153503105,27666.16515417
10442,4087,4098,30.17949522648192,56495.9930503033
10443,4093,4099,6.7536683313073915,24630.057482986
10444,4100,4085,28.361089667750402,0.0
10445,4084,4101,34.29990644281344,16325.5592899027
10446,4099,4102,13.351503818721026,51609.8822060758
10447,4102,4103,0.48292821223257604,1934.85404317784
10448,4103,4104,0.35513901474163206,1425.74982135041
10449,4102,4104,0.8444646654935041,0.0
10450,4099,4105,13.103318357395201,0.0
10451,4104,4106,2.0687446071832323,0.0
10452,4106,4105,8.658829569532033,0.0
10453,4104,4107,2.9088131387166722,11768.4465701924
10454,4108,4094,21.49725736705536,764550.664943155
10455,4108,4107,10.004113851202945,14217.5058219617
10456,4109,4106,4.148331780105217,0.0
10457,4107,4109,2.6355317682228483,7028.26714139763
10458,4090,4110,30.822550223224322,0.0
10459,4108,4111,2.1679426401304323,14999.0102464587
10460,4108,4112,2.169409175771904,76762.8272252849
10461,4111,4112,0.8232351521771519,1259.95402197711
10462,4113,4111,31.984670062414082,278320.249999159
10463,4092,4114,36.20094328642176,141428.533410589
10464,4091,4115,37.190765630430725,0.0
10465,4112,4116,7.770986452741249,303840.097901456
10466,4098,4117,41.123280817048325,120384.765792916
10467,4109,4118,10.256832240728832,28679.738647215
10468,4116,4118,11.217367687908096,0.0
10469,4120,4119,36.514504073329924,292340.53000234
10470,4114,4121,33.258196659536644,103686.696214035
10471,4123,4122,35.94464435916288,0.0
10472,4125,4124,33.59745781717248,0.0
10473,4126,4113,33.79205830961664,304026.834520952
10474,4096,4127,35.49916699642368,0.0
10475,4117,4128,37.659981396533766,149738.643698899
10476,4095,4129,35.806394210019846,0.0
10477,4122,4130,37.535628801876484,0.0
10478,4119,4131,33.898325707952644,292354.327982481
10479,4131,4126,32.38945018924032,290635.916122307
10480,4132,4125,34.24641686940672,0.0
10481,4133,4100,28.97305725612672,0.0
10482,4118,4134,13.200273610153344,39806.0382647058
10483,4116,4134,18.53388049506048,831766.580615549
10484,4121,4135,30.874404928435204,79160.3708869455
10485,4101,4136,33.39680559583105,13595.2741383885
10486,4137,4120,35.90909016824448,103162.816351296
10487,4115,4138,32.093725375641604,0.0
10488,4097,4139,41.29547281972992,20650.1423565258
10489,4140,4137,34.67190135163392,98658.7622738896
10490,4138,4141,28.50076802922624,0.0
10491,4135,4142,30.366563538389766,69502.2607311411
10492,4110,4143,30.708994089818884,0.0
10493,4144,4123,38.01475125512064,0.0
10494,4141,4144,28.7086881768192,0.0
10495,4145,4132,34.34390931958272,0.0
10496,4146,4140,34.18136713664641,89799.1925221028
10497,4130,4145,34.846852220547845,0.0
10498,4128,4147,38.94939189706752,181761.001544679
10499,4142,4146,33.634474531637764,78316.0774387096
10500,4124,4148,37.33878901991041,0.0177194146034592
10501,4150,4149,34.6319966532672,408.63833105022
10502,4148,4150,34.723150589445126,63.8715842626806
10503,4134,4151,34.17044352112512,2022863.06390856
10504,4152,4133,28.775744407491842,0.0
10505,4149,4153,36.20816850068352,1070.60397074457
10506,4142,4154,25.961613092997123,9470.79849983386
10507,4155,4144,40.825102220559366,0.0
10508,4127,4156,36.07600294324224,0.0
10509,4147,4157,39.2227365936384,192388.678523468
10510,4129,4158,34.7075565610752,0.0
10511,4153,4159,8.853608607427585,379.722200057336
10512,4160,4159,2.742478760343168,0.0
10513,4143,4161,28.012857881817602,0.0
10514,4136,4162,33.93191545311745,10583.8094716801
10515,4159,4162,5.580019256308992,263.946878495664
10516,4139,4163,41.2617452664384,12935.2248225398
10517,4154,4164,24.434239082330883,12057.3205203999
10518,4165,4155,40.297511685150724,0.0
10519,4161,4166,25.01786763565056,0.0
10520,4166,4167,22.30388338425984,0.0
10521,4162,4168,26.853370688010244,4687.76552965646
10522,4157,4169,34.8061691951424,162298.969841262
10523,4170,4153,32.00624475105025,0.0
10524,4151,4171,35.479289859932166,2529572.4586856
10525,4156,4172,33.507985227045125,0.0
10526,4164,4173,23.04194867555328,17498.3020849462
10527,4174,4152,33.813664444834565,0.0
10528,4175,4165,40.895663747304965,0.0
10529,4176,4175,38.06700642949248,0.0
10530,4173,4177,33.2025032826432,38354.130768367
10531,4178,4176,35.51487672053376,0.0
10532,4179,4170,27.45400616107776,0.0
10533,4180,4173,12.928538518296191,0.0
10534,4181,4180,12.924870720322176,0.0
10535,4158,4182,35.942936684244486,0.0
10536,4177,4183,34.2531671340672,57392.3238220485
10537,4184,4178,37.48014055196928,0.0
10538,4168,4185,30.418315326051843,3149.70667234805
10539,4186,4179,30.379160244026885,0.0
10540,4183,4187,35.369196938254085,78172.1678443086
10541,4169,4188,36.84035582270209,148244.445418954
10542,4163,4189,42.88573999391616,5895.12355216947
10543,4172,4190,33.80357313374976,0.0
10544,4191,4174,32.59786591822464,0.0
10545,4171,4192,36.32014358235648,2845126.57534187
10546,4185,4193,34.53647104676737,1416.80366824301
10547,4182,4194,34.794421515025924,0.0
10548,4194,4195,9.719555862018817,0.0
10549,4196,4184,41.952230398932485,0.0
10550,4197,4191,29.482302138981122,0.0
10551,4198,4186,30.88385219614464,0.0
10552,4193,4199,30.877149519786244,1360.79956924491
10553,4187,4200,39.135327102051846,105320.58246775
10554,4199,4201,30.38140223724672,4407.13282408438
10555,4195,4202,11.690438914370304,0.0
10556,4188,4203,36.802364135454724,112664.849413082
10557,4192,4204,34.1381775740544,2689311.0906842
10558,4205,4197,26.05385602397952,0.0
10559,4202,4205,4.316775749358336,0.0
10560,4206,4205,7.034072624548992,0.0
10561,4208,4207,2.0838455148487682,0.0
10562,4209,4207,38.183654466777604,1301.26338645072
10563,4189,4210,42.490227242327045,40877.435628673
10564,4203,4210,32.13302471926272,64991.1761940386
10565,4211,4196,39.29199498626688,0.0
10566,4213,4212,38.563293743504644,141.224572282341
10567,4207,4213,39.22546898616192,630.206812128602
10568,4214,4209,38.415681493136645,2030.07841211535
10569,4212,4215,39.02554674716544,1.97398208822722
10570,4201,4216,32.67067349373696,10369.6113139442
10571,4218,4217,29.521275542161924,1760.76965658377
10572,4210,4218,30.15832163465088,1918.10085511595
10573,4219,4214,38.141071916555525,2609.33424221167
10574,4221,4220,37.88168848839936,3000.81114063781
10575,4220,4219,37.903424674705924,2945.80538149854
10576,4215,4222,39.09618428322816,0.0
10577,4222,4223,40.571695123534084,0.0
10578,4224,4221,38.0680107084288,2766.50979673206
10579,4217,4224,30.49127118652032,1915.60872305934
10580,4225,4198,35.493642311592964,0.0
10581,4223,4226,41.8037062620672,0.0
10582,4200,4227,39.702690916796165,118940.141768022
10583,4228,4227,39.661342958730245,532995.700108951
10584,4230,4229,19.04921738869248,0.0
10585,4229,4231,9.386397150147072,0.0
10586,4216,4232,33.0736942052352,17572.7513306386
10587,4233,4230,19.012181925369603,0.0
10588,4226,4234,42.002173654087684,0.0
10589,4204,4235,35.24443737268608,2565947.92754667
10590,4232,4236,31.934441888997124,23652.4493722097
10591,4237,4233,18.910676608116482,0.0
10592,4235,4238,10.468980888182784,0.0
10593,4238,4237,18.46622784150144,0.0
10594,4239,4235,20.54980829417472,1319361.86664826
10595,4241,4240,38.741557270014724,353838.022058718
10596,4242,4228,43.74822778977024,564165.189692723
10597,4240,4242,38.783273108025604,433060.985590355
10598,4243,4211,40.7534016966912,0.0
10599,4210,4244,31.86237580263936,0.0
10600,4245,4241,35.10242956623745,264144.09076194
10601,4234,4243,42.717154515045124,0.0
10602,4246,4225,33.769837211869444,0.0
10603,4236,4247,34.40415269820672,31580.1241004254
10604,4227,4248,37.423176710641926,526057.9959641
10605,4249,4239,21.19319974037376,1185478.49303046
10606,4250,4249,15.745192218797184,0.0
10607,4250,4251,5.862855739872384,0.0
10608,4249,4252,8.819506381150081,435874.332714927
10609,4253,4252,2.541183910239744,119099.693007423
10610,4248,4254,34.89030343028736,429758.214992783
10611,4252,4255,6.597673334740224,0.0
10612,4256,4253,14.75057020103885,633315.023834266
10613,4247,4257,33.76628439186816,35012.0409344217
10614,4255,4258,5.132112226699393,0.0
10615,4253,4258,11.688866677014913,0.0
10616,4259,4245,38.67280899115392,219737.363252772
10617,4260,4251,15.626448876779138,0.0
10618,4260,4256,5.173859374497793,0.0
10619,4261,4246,33.779657799106566,0.0
10620,4257,4262,30.36602540594304,32677.4880722279
10621,4244,4263,32.64145244160768,0.0
10622,4255,4264,20.816573429203203,0.0
10623,4254,4265,39.037319887104005,385444.293545726
10624,4256,4266,22.31450796757248,771444.570321958
10625,4262,4267,29.829197767057924,31106.7598316058
10626,4260,4268,21.561638642691843,0.0
10627,4268,4266,4.005192577465729,115447.341006117
10628,4269,4261,31.618235839449603,0.0
10629,4270,4269,0.895131373885056,0.0
10630,4265,4271,35.01679276706688,260807.561816993
10631,4267,4272,29.591535574402563,28027.4534326545
10632,4273,4259,40.09914439432704,155925.866096835
10633,4264,4274,21.238083137525763,0.0
10634,4272,4275,38.90605475763072,30057.2667283063
10635,4268,4276,15.788569401931394,68263.1916604895
10636,4271,4276,34.87803522394753,192119.068991456
10637,4266,4277,18.071110296518402,0.0
10638,4276,4277,13.254968397141505,0.0
10639,4263,4278,33.3183646243008,0.0
10640,4279,4273,37.408197741361924,103000.519772638
10641,4274,4280,22.390860251992322,0.0
10642,4269,4281,35.802134968469765,0.0
10643,4275,4282,40.71159457668864,21246.0845054061
10644,4282,4279,38.03929061289985,10510.99635789
10645,4277,4283,15.753317861026947,0.0
10646,4276,4284,18.05823939085056,0.0
10647,4286,4285,12.525394304130048,0.0
10648,4283,4287,14.87989471592448,0.0
10649,4287,4286,9.282001795469569,0.0
10650,4288,4287,1.9994618539146243,0.0
10651,4284,4288,16.2911670615936,0.0
10652,4280,4289,23.45932978887168,0.0
10653,4285,4289,13.90180148020224,0.0
10654,4281,4290,40.863111433562885,0.0
10655,4278,4291,38.999421638369284,0.0
10656,4288,4292,44.77316548877568,0.0
10657,4290,4293,40.865145451257604,0.0
10658,4291,4294,38.0964671290368,0.0
10659,4292,4295,42.98767568194177,0.0
10660,4293,4296,42.84411918766848,0.0
10661,4294,4297,39.53586918238848,0.0
10662,4295,4298,41.86494416700288,0.0
10663,4298,4299,37.82323264034304,0.0
10664,4296,4300,42.60371158289664,0.0
10665,4297,4301,38.169594996192004,0.0
